chip_path,event,folder,flood_type,f1,flood_fraction,building_density,urban_flood_px,open_flood_px
data/urban_sar_floods_preprocessed/01_NF/SAR/20210319_PortMacquarie_ID_0_6_SAR.npy,PortMacquarie,01_NF,open,-1,0.0,6.6e-05,0,0
data/urban_sar_floods_preprocessed/01_NF/SAR/20210319_PortMacquarie_ID_10_3_SAR.npy,PortMacquarie,01_NF,open,-1,0.0,0.001467,0,0
data/urban_sar_floods_preprocessed/01_NF/SAR/20210319_PortMacquarie_ID_10_4_SAR.npy,PortMacquarie,01_NF,open,-1,0.0,0.00193,0,0
data/urban_sar_floods_preprocessed/01_NF/SAR/20210319_PortMacquarie_ID_10_5_SAR.npy,PortMacquarie,01_NF,open,-1,0.0,0.001972,0,0
data/urban_sar_floods_preprocessed/01_NF/SAR/20210319_PortMacquarie_ID_10_6_SAR.npy,PortMacquarie,01_NF,open,-1,0.0,0.002009,0,0
data/urban_sar_floods_preprocessed/01_NF/SAR/20210319_PortMacquarie_ID_10_7_SAR.npy,PortMacquarie,01_NF,open,-1,0.0,0.002057,0,0
data/urban_sar_floods_preprocessed/01_NF/SAR/20210319_PortMacquarie_ID_11_2_SAR.npy,PortMacquarie,01_NF,open,-1,0.0,0.000176,0,0
data/urban_sar_floods_preprocessed/01_NF/SAR/20210319_PortMacquarie_ID_11_3_SAR.npy,PortMacquarie,01_NF,open,-1,0.0,0.001945,0,0
data/urban_sar_floods_preprocessed/01_NF/SAR/20210319_PortMacquarie_ID_11_4_SAR.npy,PortMacquarie,01_NF,open,-1,0.0,0.001975,0,0
data/urban_sar_floods_preprocessed/01_NF/SAR/20210319_PortMacquarie_ID_11_5_SAR.npy,PortMacquarie,01_NF,open,-1,0.0,0.001968,0,0
data/urban_sar_floods_preprocessed/01_NF/SAR/20210319_PortMacquarie_ID_11_6_SAR.npy,PortMacquarie,01_NF,open,-1,0.0,0.001927,0,0
data/urban_sar_floods_preprocessed/01_NF/SAR/20210319_PortMacquarie_ID_11_7_SAR.npy,PortMacquarie,01_NF,open,-1,0.0,0.001976,0,0
data/urban_sar_floods_preprocessed/01_NF/SAR/20210319_PortMacquarie_ID_11_8_SAR.npy,PortMacquarie,01_NF,open,-1,0.0,0.002083,0,0
data/urban_sar_floods_preprocessed/01_NF/SAR/20210319_PortMacquarie_ID_12_10_SAR.npy,PortMacquarie,01_NF,open,-1,0.0,0.002182,0,0
data/urban_sar_floods_preprocessed/01_NF/SAR/20210319_PortMacquarie_ID_12_11_SAR.npy,PortMacquarie,01_NF,open,-1,0.0,0.001903,0,0
data/urban_sar_floods_preprocessed/01_NF/SAR/20210319_PortMacquarie_ID_12_2_SAR.npy,PortMacquarie,01_NF,open,-1,0.0,0.000896,0,0
data/urban_sar_floods_preprocessed/01_NF/SAR/20210319_PortMacquarie_ID_12_3_SAR.npy,PortMacquarie,01_NF,open,-1,0.0,0.002124,0,0
data/urban_sar_floods_preprocessed/01_NF/SAR/20210319_PortMacquarie_ID_12_4_SAR.npy,PortMacquarie,01_NF,open,-1,0.0,0.002012,0,0
data/urban_sar_floods_preprocessed/01_NF/SAR/20210319_PortMacquarie_ID_12_5_SAR.npy,PortMacquarie,01_NF,open,-1,0.0,0.002007,0,0
data/urban_sar_floods_preprocessed/01_NF/SAR/20210319_PortMacquarie_ID_12_6_SAR.npy,PortMacquarie,01_NF,open,-1,0.0,0.001921,0,0
data/urban_sar_floods_preprocessed/01_NF/SAR/20210319_PortMacquarie_ID_12_7_SAR.npy,PortMacquarie,01_NF,open,-1,0.0,0.002069,0,0
data/urban_sar_floods_preprocessed/01_NF/SAR/20210319_PortMacquarie_ID_12_8_SAR.npy,PortMacquarie,01_NF,open,-1,0.0,0.00217,0,0
data/urban_sar_floods_preprocessed/01_NF/SAR/20210319_PortMacquarie_ID_12_9_SAR.npy,PortMacquarie,01_NF,open,-1,0.0,0.002285,0,0
data/urban_sar_floods_preprocessed/01_NF/SAR/20210319_PortMacquarie_ID_13_2_SAR.npy,PortMacquarie,01_NF,open,-1,0.0,0.00155,0,0
data/urban_sar_floods_preprocessed/01_NF/SAR/20210319_PortMacquarie_ID_13_3_SAR.npy,PortMacquarie,01_NF,open,-1,0.0,0.001973,0,0
data/urban_sar_floods_preprocessed/01_NF/SAR/20210319_PortMacquarie_ID_13_4_SAR.npy,PortMacquarie,01_NF,open,-1,0.0,0.001966,0,0
data/urban_sar_floods_preprocessed/01_NF/SAR/20210319_PortMacquarie_ID_13_5_SAR.npy,PortMacquarie,01_NF,open,-1,0.0,0.002029,0,0
data/urban_sar_floods_preprocessed/01_NF/SAR/20210319_PortMacquarie_ID_13_6_SAR.npy,PortMacquarie,01_NF,open,-1,0.0,0.00203,0,0
data/urban_sar_floods_preprocessed/01_NF/SAR/20210319_PortMacquarie_ID_13_7_SAR.npy,PortMacquarie,01_NF,open,-1,0.0,0.002113,0,0
data/urban_sar_floods_preprocessed/01_NF/SAR/20210319_PortMacquarie_ID_13_8_SAR.npy,PortMacquarie,01_NF,open,-1,0.0,0.002127,0,0
data/urban_sar_floods_preprocessed/01_NF/SAR/20210319_PortMacquarie_ID_13_9_SAR.npy,PortMacquarie,01_NF,open,-1,0.0,0.002226,0,0
data/urban_sar_floods_preprocessed/01_NF/SAR/20210319_PortMacquarie_ID_14_1_SAR.npy,PortMacquarie,01_NF,open,-1,0.0,0.000299,0,0
data/urban_sar_floods_preprocessed/01_NF/SAR/20210319_PortMacquarie_ID_14_2_SAR.npy,PortMacquarie,01_NF,open,-1,0.0,0.001958,0,0
data/urban_sar_floods_preprocessed/01_NF/SAR/20210319_PortMacquarie_ID_14_6_SAR.npy,PortMacquarie,01_NF,open,-1,0.0,0.002135,0,0
data/urban_sar_floods_preprocessed/01_NF/SAR/20210319_PortMacquarie_ID_15_1_SAR.npy,PortMacquarie,01_NF,open,-1,0.0,0.000972,0,0
data/urban_sar_floods_preprocessed/01_NF/SAR/20210319_PortMacquarie_ID_15_2_SAR.npy,PortMacquarie,01_NF,open,-1,0.0,0.001969,0,0
data/urban_sar_floods_preprocessed/01_NF/SAR/20210319_PortMacquarie_ID_16_1_SAR.npy,PortMacquarie,01_NF,open,-1,0.0,0.001611,0,0
data/urban_sar_floods_preprocessed/01_NF/SAR/20210319_PortMacquarie_ID_16_2_SAR.npy,PortMacquarie,01_NF,open,-1,0.0,0.002056,0,0
data/urban_sar_floods_preprocessed/01_NF/SAR/20210319_PortMacquarie_ID_17_0_SAR.npy,PortMacquarie,01_NF,open,-1,0.0,0.000336,0,0
data/urban_sar_floods_preprocessed/01_NF/SAR/20210319_PortMacquarie_ID_17_10_SAR.npy,PortMacquarie,01_NF,open,-1,0.0,0.002245,0,0
data/urban_sar_floods_preprocessed/01_NF/SAR/20210319_PortMacquarie_ID_17_1_SAR.npy,PortMacquarie,01_NF,open,-1,0.0,0.002049,0,0
data/urban_sar_floods_preprocessed/01_NF/SAR/20210319_PortMacquarie_ID_17_5_SAR.npy,PortMacquarie,01_NF,open,-1,0.0,0.002099,0,0
data/urban_sar_floods_preprocessed/01_NF/SAR/20210319_PortMacquarie_ID_17_6_SAR.npy,PortMacquarie,01_NF,open,-1,0.0,0.002141,0,0
data/urban_sar_floods_preprocessed/01_NF/SAR/20210319_PortMacquarie_ID_17_7_SAR.npy,PortMacquarie,01_NF,open,-1,0.0,0.002253,0,0
data/urban_sar_floods_preprocessed/01_NF/SAR/20210319_PortMacquarie_ID_17_8_SAR.npy,PortMacquarie,01_NF,open,-1,0.0,0.002016,0,0
data/urban_sar_floods_preprocessed/01_NF/SAR/20210319_PortMacquarie_ID_17_9_SAR.npy,PortMacquarie,01_NF,open,-1,0.0,0.001841,0,0
data/urban_sar_floods_preprocessed/01_NF/SAR/20210319_PortMacquarie_ID_18_0_SAR.npy,PortMacquarie,01_NF,open,-1,0.0,0.000272,0,0
data/urban_sar_floods_preprocessed/01_NF/SAR/20210319_PortMacquarie_ID_18_1_SAR.npy,PortMacquarie,01_NF,open,-1,0.0,0.00113,0,0
data/urban_sar_floods_preprocessed/01_NF/SAR/20210319_PortMacquarie_ID_18_6_SAR.npy,PortMacquarie,01_NF,open,-1,0.0,0.002209,0,0
data/urban_sar_floods_preprocessed/01_NF/SAR/20210319_PortMacquarie_ID_19_11_SAR.npy,PortMacquarie,01_NF,open,-1,0.0,5.1e-05,0,0
data/urban_sar_floods_preprocessed/01_NF/SAR/20210319_PortMacquarie_ID_19_5_SAR.npy,PortMacquarie,01_NF,open,-1,0.0,0.001071,0,0
data/urban_sar_floods_preprocessed/01_NF/SAR/20210319_PortMacquarie_ID_19_6_SAR.npy,PortMacquarie,01_NF,open,-1,0.0,0.001628,0,0
data/urban_sar_floods_preprocessed/01_NF/SAR/20210319_PortMacquarie_ID_1_10_SAR.npy,PortMacquarie,01_NF,open,-1,0.0,0.000197,0,0
data/urban_sar_floods_preprocessed/01_NF/SAR/20210319_PortMacquarie_ID_1_6_SAR.npy,PortMacquarie,01_NF,open,-1,0.0,0.001589,0,0
data/urban_sar_floods_preprocessed/01_NF/SAR/20210319_PortMacquarie_ID_1_7_SAR.npy,PortMacquarie,01_NF,open,-1,0.0,0.001775,0,0
data/urban_sar_floods_preprocessed/01_NF/SAR/20210319_PortMacquarie_ID_1_8_SAR.npy,PortMacquarie,01_NF,open,-1,0.0,0.001277,0,0
data/urban_sar_floods_preprocessed/01_NF/SAR/20210319_PortMacquarie_ID_1_9_SAR.npy,PortMacquarie,01_NF,open,-1,0.0,0.000696,0,0
data/urban_sar_floods_preprocessed/01_NF/SAR/20210319_PortMacquarie_ID_20_11_SAR.npy,PortMacquarie,01_NF,open,-1,0.0,5.1e-05,0,0
data/urban_sar_floods_preprocessed/01_NF/SAR/20210319_PortMacquarie_ID_20_7_SAR.npy,PortMacquarie,01_NF,open,-1,0.0,9.8e-05,0,0
data/urban_sar_floods_preprocessed/01_NF/SAR/20210319_PortMacquarie_ID_20_8_SAR.npy,PortMacquarie,01_NF,open,-1,0.0,0.000516,0,0
data/urban_sar_floods_preprocessed/01_NF/SAR/20210319_PortMacquarie_ID_20_9_SAR.npy,PortMacquarie,01_NF,open,-1,0.0,0.000982,0,0
data/urban_sar_floods_preprocessed/01_NF/SAR/20210319_PortMacquarie_ID_2_10_SAR.npy,PortMacquarie,01_NF,open,-1,0.0,0.002104,0,0
data/urban_sar_floods_preprocessed/01_NF/SAR/20210319_PortMacquarie_ID_2_11_SAR.npy,PortMacquarie,01_NF,open,-1,0.0,0.001735,0,0
data/urban_sar_floods_preprocessed/01_NF/SAR/20210319_PortMacquarie_ID_2_12_SAR.npy,PortMacquarie,01_NF,open,-1,0.0,0.001277,0,0
data/urban_sar_floods_preprocessed/01_NF/SAR/20210319_PortMacquarie_ID_2_14_SAR.npy,PortMacquarie,01_NF,open,-1,0.0,0.000257,0,0
data/urban_sar_floods_preprocessed/01_NF/SAR/20210319_PortMacquarie_ID_2_5_SAR.npy,PortMacquarie,01_NF,open,-1,0.0,0.000272,0,0
data/urban_sar_floods_preprocessed/01_NF/SAR/20210319_PortMacquarie_ID_2_6_SAR.npy,PortMacquarie,01_NF,open,-1,0.0,0.002192,0,0
data/urban_sar_floods_preprocessed/01_NF/SAR/20210319_PortMacquarie_ID_2_9_SAR.npy,PortMacquarie,01_NF,open,-1,0.0,0.002328,0,0
data/urban_sar_floods_preprocessed/01_NF/SAR/20210319_PortMacquarie_ID_3_12_SAR.npy,PortMacquarie,01_NF,open,-1,0.0,0.002111,0,0
data/urban_sar_floods_preprocessed/01_NF/SAR/20210319_PortMacquarie_ID_3_13_SAR.npy,PortMacquarie,01_NF,open,-1,0.0,0.001916,0,0
data/urban_sar_floods_preprocessed/01_NF/SAR/20210319_PortMacquarie_ID_3_7_SAR.npy,PortMacquarie,01_NF,open,-1,0.0,0.002362,0,0
data/urban_sar_floods_preprocessed/01_NF/SAR/20210319_PortMacquarie_ID_4_12_SAR.npy,PortMacquarie,01_NF,open,-1,0.0,0.001989,0,0
data/urban_sar_floods_preprocessed/01_NF/SAR/20210319_PortMacquarie_ID_4_13_SAR.npy,PortMacquarie,01_NF,open,-1,0.0,0.001815,0,0
data/urban_sar_floods_preprocessed/01_NF/SAR/20210319_PortMacquarie_ID_4_17_SAR.npy,PortMacquarie,01_NF,open,-1,0.0,0.000427,0,0
data/urban_sar_floods_preprocessed/01_NF/SAR/20210319_PortMacquarie_ID_4_6_SAR.npy,PortMacquarie,01_NF,open,-1,0.0,0.002479,0,0
data/urban_sar_floods_preprocessed/01_NF/SAR/20210319_PortMacquarie_ID_4_7_SAR.npy,PortMacquarie,01_NF,open,-1,0.0,0.002082,0,0
data/urban_sar_floods_preprocessed/01_NF/SAR/20210319_PortMacquarie_ID_4_8_SAR.npy,PortMacquarie,01_NF,open,-1,0.0,0.0022,0,0
data/urban_sar_floods_preprocessed/01_NF/SAR/20210319_PortMacquarie_ID_4_9_SAR.npy,PortMacquarie,01_NF,open,-1,0.0,0.00207,0,0
data/urban_sar_floods_preprocessed/01_NF/SAR/20210319_PortMacquarie_ID_5_10_SAR.npy,PortMacquarie,01_NF,open,-1,0.0,0.002041,0,0
data/urban_sar_floods_preprocessed/01_NF/SAR/20210319_PortMacquarie_ID_5_17_SAR.npy,PortMacquarie,01_NF,open,-1,0.0,1.8e-05,0,0
data/urban_sar_floods_preprocessed/01_NF/SAR/20210319_PortMacquarie_ID_5_4_SAR.npy,PortMacquarie,01_NF,open,-1,0.0,0.000292,0,0
data/urban_sar_floods_preprocessed/01_NF/SAR/20210319_PortMacquarie_ID_5_5_SAR.npy,PortMacquarie,01_NF,open,-1,0.0,0.002417,0,0
data/urban_sar_floods_preprocessed/01_NF/SAR/20210319_PortMacquarie_ID_5_6_SAR.npy,PortMacquarie,01_NF,open,-1,0.0,0.002223,0,0
data/urban_sar_floods_preprocessed/01_NF/SAR/20210319_PortMacquarie_ID_5_7_SAR.npy,PortMacquarie,01_NF,open,-1,0.0,0.002247,0,0
data/urban_sar_floods_preprocessed/01_NF/SAR/20210319_PortMacquarie_ID_5_8_SAR.npy,PortMacquarie,01_NF,open,-1,0.0,0.002193,0,0
data/urban_sar_floods_preprocessed/01_NF/SAR/20210319_PortMacquarie_ID_5_9_SAR.npy,PortMacquarie,01_NF,open,-1,0.0,0.002092,0,0
data/urban_sar_floods_preprocessed/01_NF/SAR/20210319_PortMacquarie_ID_6_10_SAR.npy,PortMacquarie,01_NF,open,-1,0.0,0.001973,0,0
data/urban_sar_floods_preprocessed/01_NF/SAR/20210319_PortMacquarie_ID_6_11_SAR.npy,PortMacquarie,01_NF,open,-1,0.0,0.001934,0,0
data/urban_sar_floods_preprocessed/01_NF/SAR/20210319_PortMacquarie_ID_6_17_SAR.npy,PortMacquarie,01_NF,open,-1,0.0,4.1e-05,0,0
data/urban_sar_floods_preprocessed/01_NF/SAR/20210319_PortMacquarie_ID_6_4_SAR.npy,PortMacquarie,01_NF,open,-1,0.0,0.001137,0,0
data/urban_sar_floods_preprocessed/01_NF/SAR/20210319_PortMacquarie_ID_6_5_SAR.npy,PortMacquarie,01_NF,open,-1,0.0,0.002537,0,0
data/urban_sar_floods_preprocessed/01_NF/SAR/20210319_PortMacquarie_ID_6_6_SAR.npy,PortMacquarie,01_NF,open,-1,0.0,0.002369,0,0
data/urban_sar_floods_preprocessed/01_NF/SAR/20210319_PortMacquarie_ID_6_7_SAR.npy,PortMacquarie,01_NF,open,-1,0.0,0.002492,0,0
data/urban_sar_floods_preprocessed/01_NF/SAR/20210319_PortMacquarie_ID_6_8_SAR.npy,PortMacquarie,01_NF,open,-1,0.0,0.002232,0,0
data/urban_sar_floods_preprocessed/01_NF/SAR/20210319_PortMacquarie_ID_6_9_SAR.npy,PortMacquarie,01_NF,open,-1,0.0,0.002025,0,0
data/urban_sar_floods_preprocessed/01_NF/SAR/20210319_PortMacquarie_ID_7_10_SAR.npy,PortMacquarie,01_NF,open,-1,0.0,0.001987,0,0
data/urban_sar_floods_preprocessed/01_NF/SAR/20210319_PortMacquarie_ID_7_11_SAR.npy,PortMacquarie,01_NF,open,-1,0.0,0.001844,0,0
data/urban_sar_floods_preprocessed/01_NF/SAR/20210319_PortMacquarie_ID_7_12_SAR.npy,PortMacquarie,01_NF,open,-1,0.0,0.001848,0,0
data/urban_sar_floods_preprocessed/01_NF/SAR/20210319_PortMacquarie_ID_7_14_SAR.npy,PortMacquarie,01_NF,open,-1,0.0,0.002024,0,0
data/urban_sar_floods_preprocessed/01_NF/SAR/20210319_PortMacquarie_ID_7_4_SAR.npy,PortMacquarie,01_NF,open,-1,0.0,0.001972,0,0
data/urban_sar_floods_preprocessed/01_NF/SAR/20210319_PortMacquarie_ID_7_5_SAR.npy,PortMacquarie,01_NF,open,-1,0.0,0.002498,0,0
data/urban_sar_floods_preprocessed/01_NF/SAR/20210319_PortMacquarie_ID_7_6_SAR.npy,PortMacquarie,01_NF,open,-1,0.0,0.002226,0,0
data/urban_sar_floods_preprocessed/01_NF/SAR/20210319_PortMacquarie_ID_7_7_SAR.npy,PortMacquarie,01_NF,open,-1,0.0,0.002027,0,0
data/urban_sar_floods_preprocessed/01_NF/SAR/20210319_PortMacquarie_ID_7_8_SAR.npy,PortMacquarie,01_NF,open,-1,0.0,0.002211,0,0
data/urban_sar_floods_preprocessed/01_NF/SAR/20210319_PortMacquarie_ID_7_9_SAR.npy,PortMacquarie,01_NF,open,-1,0.0,0.002203,0,0
data/urban_sar_floods_preprocessed/01_NF/SAR/20210319_PortMacquarie_ID_8_10_SAR.npy,PortMacquarie,01_NF,open,-1,0.0,0.002135,0,0
data/urban_sar_floods_preprocessed/01_NF/SAR/20210319_PortMacquarie_ID_8_13_SAR.npy,PortMacquarie,01_NF,open,-1,0.0,0.001993,0,0
data/urban_sar_floods_preprocessed/01_NF/SAR/20210319_PortMacquarie_ID_8_16_SAR.npy,PortMacquarie,01_NF,open,-1,0.0,5e-06,0,0
data/urban_sar_floods_preprocessed/01_NF/SAR/20210319_PortMacquarie_ID_8_3_SAR.npy,PortMacquarie,01_NF,open,-1,0.0,0.000271,0,0
data/urban_sar_floods_preprocessed/01_NF/SAR/20210319_PortMacquarie_ID_8_4_SAR.npy,PortMacquarie,01_NF,open,-1,0.0,0.00225,0,0
data/urban_sar_floods_preprocessed/01_NF/SAR/20210319_PortMacquarie_ID_8_5_SAR.npy,PortMacquarie,01_NF,open,-1,0.0,0.002333,0,0
data/urban_sar_floods_preprocessed/01_NF/SAR/20210319_PortMacquarie_ID_8_6_SAR.npy,PortMacquarie,01_NF,open,-1,0.0,0.002065,0,0
data/urban_sar_floods_preprocessed/01_NF/SAR/20210319_PortMacquarie_ID_8_7_SAR.npy,PortMacquarie,01_NF,open,-1,0.0,0.002383,0,0
data/urban_sar_floods_preprocessed/01_NF/SAR/20210319_PortMacquarie_ID_8_8_SAR.npy,PortMacquarie,01_NF,open,-1,0.0,0.001991,0,0
data/urban_sar_floods_preprocessed/01_NF/SAR/20210319_PortMacquarie_ID_8_9_SAR.npy,PortMacquarie,01_NF,open,-1,0.0,0.002047,0,0
data/urban_sar_floods_preprocessed/01_NF/SAR/20210319_PortMacquarie_ID_9_10_SAR.npy,PortMacquarie,01_NF,open,-1,0.0,0.001983,0,0
data/urban_sar_floods_preprocessed/01_NF/SAR/20210319_PortMacquarie_ID_9_11_SAR.npy,PortMacquarie,01_NF,open,-1,0.0,0.002,0,0
data/urban_sar_floods_preprocessed/01_NF/SAR/20210319_PortMacquarie_ID_9_3_SAR.npy,PortMacquarie,01_NF,open,-1,0.0,0.00087,0,0
data/urban_sar_floods_preprocessed/01_NF/SAR/20210319_PortMacquarie_ID_9_4_SAR.npy,PortMacquarie,01_NF,open,-1,0.0,0.002,0,0
data/urban_sar_floods_preprocessed/01_NF/SAR/20210319_PortMacquarie_ID_9_5_SAR.npy,PortMacquarie,01_NF,open,-1,0.0,0.002021,0,0
data/urban_sar_floods_preprocessed/01_NF/SAR/20210319_PortMacquarie_ID_9_6_SAR.npy,PortMacquarie,01_NF,open,-1,0.0,0.002115,0,0
data/urban_sar_floods_preprocessed/01_NF/SAR/20210319_PortMacquarie_ID_9_7_SAR.npy,PortMacquarie,01_NF,open,-1,0.0,0.002089,0,0
data/urban_sar_floods_preprocessed/01_NF/SAR/20210319_PortMacquarie_ID_9_8_SAR.npy,PortMacquarie,01_NF,open,-1,0.0,0.002036,0,0
data/urban_sar_floods_preprocessed/01_NF/SAR/20210319_PortMacquarie_ID_9_9_SAR.npy,PortMacquarie,01_NF,open,-1,0.0,0.002046,0,0
data/urban_sar_floods_preprocessed/01_NF/SAR/20210324_Sydney_ID_0_10_SAR.npy,Sydney,01_NF,open,-1,0.0,0.0,0,0
data/urban_sar_floods_preprocessed/01_NF/SAR/20210324_Sydney_ID_0_6_SAR.npy,Sydney,01_NF,open,-1,0.0,0.000108,0,0
data/urban_sar_floods_preprocessed/01_NF/SAR/20210324_Sydney_ID_0_7_SAR.npy,Sydney,01_NF,open,-1,0.0,0.001604,0,0
data/urban_sar_floods_preprocessed/01_NF/SAR/20210324_Sydney_ID_0_8_SAR.npy,Sydney,01_NF,open,-1,0.0,0.0009,0,0
data/urban_sar_floods_preprocessed/01_NF/SAR/20210324_Sydney_ID_0_9_SAR.npy,Sydney,01_NF,open,-1,0.0,0.00051,0,0
data/urban_sar_floods_preprocessed/01_NF/SAR/20210324_Sydney_ID_10_10_SAR.npy,Sydney,01_NF,open,-1,0.0,0.002426,0,0
data/urban_sar_floods_preprocessed/01_NF/SAR/20210324_Sydney_ID_10_11_SAR.npy,Sydney,01_NF,open,-1,0.0,0.002591,0,0
data/urban_sar_floods_preprocessed/01_NF/SAR/20210324_Sydney_ID_10_12_SAR.npy,Sydney,01_NF,open,-1,0.0,0.002862,0,0
data/urban_sar_floods_preprocessed/01_NF/SAR/20210324_Sydney_ID_10_13_SAR.npy,Sydney,01_NF,open,-1,0.0,0.002423,0,0
data/urban_sar_floods_preprocessed/01_NF/SAR/20210324_Sydney_ID_10_14_SAR.npy,Sydney,01_NF,open,-1,0.0,0.001824,0,0
data/urban_sar_floods_preprocessed/01_NF/SAR/20210324_Sydney_ID_10_15_SAR.npy,Sydney,01_NF,open,-1,0.0,0.002035,0,0
data/urban_sar_floods_preprocessed/01_NF/SAR/20210324_Sydney_ID_10_16_SAR.npy,Sydney,01_NF,open,-1,0.0,0.001973,0,0
data/urban_sar_floods_preprocessed/01_NF/SAR/20210324_Sydney_ID_10_17_SAR.npy,Sydney,01_NF,open,-1,0.0,0.001998,0,0
data/urban_sar_floods_preprocessed/01_NF/SAR/20210324_Sydney_ID_10_18_SAR.npy,Sydney,01_NF,open,-1,0.0,0.002123,0,0
data/urban_sar_floods_preprocessed/01_NF/SAR/20210324_Sydney_ID_10_19_SAR.npy,Sydney,01_NF,open,-1,0.0,0.002283,0,0
data/urban_sar_floods_preprocessed/01_NF/SAR/20210324_Sydney_ID_10_20_SAR.npy,Sydney,01_NF,open,-1,0.0,0.002267,0,0
data/urban_sar_floods_preprocessed/01_NF/SAR/20210324_Sydney_ID_10_21_SAR.npy,Sydney,01_NF,open,-1,0.0,0.002315,0,0
data/urban_sar_floods_preprocessed/01_NF/SAR/20210324_Sydney_ID_10_32_SAR.npy,Sydney,01_NF,open,-1,0.0,0.001652,0,0
data/urban_sar_floods_preprocessed/01_NF/SAR/20210324_Sydney_ID_10_33_SAR.npy,Sydney,01_NF,open,-1,0.0,0.002654,0,0
data/urban_sar_floods_preprocessed/01_NF/SAR/20210324_Sydney_ID_10_34_SAR.npy,Sydney,01_NF,open,-1,0.0,0.001878,0,0
data/urban_sar_floods_preprocessed/01_NF/SAR/20210324_Sydney_ID_10_35_SAR.npy,Sydney,01_NF,open,-1,0.0,0.002557,0,0
data/urban_sar_floods_preprocessed/01_NF/SAR/20210324_Sydney_ID_10_3_SAR.npy,Sydney,01_NF,open,-1,0.0,0.001104,0,0
data/urban_sar_floods_preprocessed/01_NF/SAR/20210324_Sydney_ID_10_4_SAR.npy,Sydney,01_NF,open,-1,0.0,0.002112,0,0
data/urban_sar_floods_preprocessed/01_NF/SAR/20210324_Sydney_ID_10_5_SAR.npy,Sydney,01_NF,open,-1,0.0,0.002468,0,0
data/urban_sar_floods_preprocessed/01_NF/SAR/20210324_Sydney_ID_10_6_SAR.npy,Sydney,01_NF,open,-1,0.0,0.002743,0,0
data/urban_sar_floods_preprocessed/01_NF/SAR/20210324_Sydney_ID_10_7_SAR.npy,Sydney,01_NF,open,-1,0.0,0.002523,0,0
data/urban_sar_floods_preprocessed/01_NF/SAR/20210324_Sydney_ID_10_8_SAR.npy,Sydney,01_NF,open,-1,0.0,0.002516,0,0
data/urban_sar_floods_preprocessed/01_NF/SAR/20210324_Sydney_ID_10_9_SAR.npy,Sydney,01_NF,open,-1,0.0,0.002435,0,0
data/urban_sar_floods_preprocessed/01_NF/SAR/20210324_Sydney_ID_11_10_SAR.npy,Sydney,01_NF,open,-1,0.0,0.002364,0,0
data/urban_sar_floods_preprocessed/01_NF/SAR/20210324_Sydney_ID_11_11_SAR.npy,Sydney,01_NF,open,-1,0.0,0.002454,0,0
data/urban_sar_floods_preprocessed/01_NF/SAR/20210324_Sydney_ID_11_12_SAR.npy,Sydney,01_NF,open,-1,0.0,0.002594,0,0
data/urban_sar_floods_preprocessed/01_NF/SAR/20210324_Sydney_ID_11_13_SAR.npy,Sydney,01_NF,open,-1,0.0,0.002305,0,0
data/urban_sar_floods_preprocessed/01_NF/SAR/20210324_Sydney_ID_11_14_SAR.npy,Sydney,01_NF,open,-1,0.0,0.002324,0,0
data/urban_sar_floods_preprocessed/01_NF/SAR/20210324_Sydney_ID_11_15_SAR.npy,Sydney,01_NF,open,-1,0.0,0.00197,0,0
data/urban_sar_floods_preprocessed/01_NF/SAR/20210324_Sydney_ID_11_16_SAR.npy,Sydney,01_NF,open,-1,0.0,0.001964,0,0
data/urban_sar_floods_preprocessed/01_NF/SAR/20210324_Sydney_ID_11_17_SAR.npy,Sydney,01_NF,open,-1,0.0,0.001859,0,0
data/urban_sar_floods_preprocessed/01_NF/SAR/20210324_Sydney_ID_11_18_SAR.npy,Sydney,01_NF,open,-1,0.0,0.001973,0,0
data/urban_sar_floods_preprocessed/01_NF/SAR/20210324_Sydney_ID_11_19_SAR.npy,Sydney,01_NF,open,-1,0.0,0.002084,0,0
data/urban_sar_floods_preprocessed/01_NF/SAR/20210324_Sydney_ID_11_20_SAR.npy,Sydney,01_NF,open,-1,0.0,0.002223,0,0
data/urban_sar_floods_preprocessed/01_NF/SAR/20210324_Sydney_ID_11_21_SAR.npy,Sydney,01_NF,open,-1,0.0,0.002279,0,0
data/urban_sar_floods_preprocessed/01_NF/SAR/20210324_Sydney_ID_11_22_SAR.npy,Sydney,01_NF,open,-1,0.0,0.002291,0,0
data/urban_sar_floods_preprocessed/01_NF/SAR/20210324_Sydney_ID_11_24_SAR.npy,Sydney,01_NF,open,-1,0.0,0.001858,0,0
data/urban_sar_floods_preprocessed/01_NF/SAR/20210324_Sydney_ID_11_25_SAR.npy,Sydney,01_NF,open,-1,0.0,0.002077,0,0
data/urban_sar_floods_preprocessed/01_NF/SAR/20210324_Sydney_ID_11_26_SAR.npy,Sydney,01_NF,open,-1,0.0,0.002194,0,0
data/urban_sar_floods_preprocessed/01_NF/SAR/20210324_Sydney_ID_11_33_SAR.npy,Sydney,01_NF,open,-1,0.0,0.002324,0,0
data/urban_sar_floods_preprocessed/01_NF/SAR/20210324_Sydney_ID_11_3_SAR.npy,Sydney,01_NF,open,-1,0.0,0.001952,0,0
data/urban_sar_floods_preprocessed/01_NF/SAR/20210324_Sydney_ID_11_4_SAR.npy,Sydney,01_NF,open,-1,0.0,0.002118,0,0
data/urban_sar_floods_preprocessed/01_NF/SAR/20210324_Sydney_ID_11_5_SAR.npy,Sydney,01_NF,open,-1,0.0,0.002234,0,0
data/urban_sar_floods_preprocessed/01_NF/SAR/20210324_Sydney_ID_11_6_SAR.npy,Sydney,01_NF,open,-1,0.0,0.002509,0,0
data/urban_sar_floods_preprocessed/01_NF/SAR/20210324_Sydney_ID_11_9_SAR.npy,Sydney,01_NF,open,-1,0.0,0.002352,0,0
data/urban_sar_floods_preprocessed/01_NF/SAR/20210324_Sydney_ID_12_10_SAR.npy,Sydney,01_NF,open,-1,0.0,0.002448,0,0
data/urban_sar_floods_preprocessed/01_NF/SAR/20210324_Sydney_ID_12_11_SAR.npy,Sydney,01_NF,open,-1,0.0,0.002248,0,0
data/urban_sar_floods_preprocessed/01_NF/SAR/20210324_Sydney_ID_12_12_SAR.npy,Sydney,01_NF,open,-1,0.0,0.002237,0,0
data/urban_sar_floods_preprocessed/01_NF/SAR/20210324_Sydney_ID_12_13_SAR.npy,Sydney,01_NF,open,-1,0.0,0.002013,0,0
data/urban_sar_floods_preprocessed/01_NF/SAR/20210324_Sydney_ID_12_14_SAR.npy,Sydney,01_NF,open,-1,0.0,0.002262,0,0
data/urban_sar_floods_preprocessed/01_NF/SAR/20210324_Sydney_ID_12_15_SAR.npy,Sydney,01_NF,open,-1,0.0,0.002041,0,0
data/urban_sar_floods_preprocessed/01_NF/SAR/20210324_Sydney_ID_12_16_SAR.npy,Sydney,01_NF,open,-1,0.0,0.002352,0,0
data/urban_sar_floods_preprocessed/01_NF/SAR/20210324_Sydney_ID_12_17_SAR.npy,Sydney,01_NF,open,-1,0.0,0.002281,0,0
data/urban_sar_floods_preprocessed/01_NF/SAR/20210324_Sydney_ID_12_18_SAR.npy,Sydney,01_NF,open,-1,0.0,0.002208,0,0
data/urban_sar_floods_preprocessed/01_NF/SAR/20210324_Sydney_ID_12_19_SAR.npy,Sydney,01_NF,open,-1,0.0,0.00212,0,0
data/urban_sar_floods_preprocessed/01_NF/SAR/20210324_Sydney_ID_12_20_SAR.npy,Sydney,01_NF,open,-1,0.0,0.001992,0,0
data/urban_sar_floods_preprocessed/01_NF/SAR/20210324_Sydney_ID_12_21_SAR.npy,Sydney,01_NF,open,-1,0.0,0.002318,0,0
data/urban_sar_floods_preprocessed/01_NF/SAR/20210324_Sydney_ID_12_22_SAR.npy,Sydney,01_NF,open,-1,0.0,0.0023,0,0
data/urban_sar_floods_preprocessed/01_NF/SAR/20210324_Sydney_ID_12_23_SAR.npy,Sydney,01_NF,open,-1,0.0,0.00221,0,0
data/urban_sar_floods_preprocessed/01_NF/SAR/20210324_Sydney_ID_12_24_SAR.npy,Sydney,01_NF,open,-1,0.0,0.001746,0,0
data/urban_sar_floods_preprocessed/01_NF/SAR/20210324_Sydney_ID_12_25_SAR.npy,Sydney,01_NF,open,-1,0.0,0.002145,0,0
data/urban_sar_floods_preprocessed/01_NF/SAR/20210324_Sydney_ID_12_26_SAR.npy,Sydney,01_NF,open,-1,0.0,0.002239,0,0
data/urban_sar_floods_preprocessed/01_NF/SAR/20210324_Sydney_ID_12_27_SAR.npy,Sydney,01_NF,open,-1,0.0,0.002324,0,0
data/urban_sar_floods_preprocessed/01_NF/SAR/20210324_Sydney_ID_12_2_SAR.npy,Sydney,01_NF,open,-1,0.0,0.000348,0,0
data/urban_sar_floods_preprocessed/01_NF/SAR/20210324_Sydney_ID_12_34_SAR.npy,Sydney,01_NF,open,-1,0.0,0.000496,0,0
data/urban_sar_floods_preprocessed/01_NF/SAR/20210324_Sydney_ID_12_35_SAR.npy,Sydney,01_NF,open,-1,0.0,0.000496,0,0
data/urban_sar_floods_preprocessed/01_NF/SAR/20210324_Sydney_ID_12_3_SAR.npy,Sydney,01_NF,open,-1,0.0,0.002293,0,0
data/urban_sar_floods_preprocessed/01_NF/SAR/20210324_Sydney_ID_12_4_SAR.npy,Sydney,01_NF,open,-1,0.0,0.002346,0,0
data/urban_sar_floods_preprocessed/01_NF/SAR/20210324_Sydney_ID_12_5_SAR.npy,Sydney,01_NF,open,-1,0.0,0.002107,0,0
data/urban_sar_floods_preprocessed/01_NF/SAR/20210324_Sydney_ID_12_6_SAR.npy,Sydney,01_NF,open,-1,0.0,0.002322,0,0
data/urban_sar_floods_preprocessed/01_NF/SAR/20210324_Sydney_ID_12_7_SAR.npy,Sydney,01_NF,open,-1,0.0,0.00264,0,0
data/urban_sar_floods_preprocessed/01_NF/SAR/20210324_Sydney_ID_12_9_SAR.npy,Sydney,01_NF,open,-1,0.0,0.002388,0,0
data/urban_sar_floods_preprocessed/01_NF/SAR/20210324_Sydney_ID_13_10_SAR.npy,Sydney,01_NF,open,-1,0.0,0.002484,0,0
data/urban_sar_floods_preprocessed/01_NF/SAR/20210324_Sydney_ID_13_11_SAR.npy,Sydney,01_NF,open,-1,0.0,0.002327,0,0
data/urban_sar_floods_preprocessed/01_NF/SAR/20210324_Sydney_ID_13_12_SAR.npy,Sydney,01_NF,open,-1,0.0,0.002326,0,0
data/urban_sar_floods_preprocessed/01_NF/SAR/20210324_Sydney_ID_13_13_SAR.npy,Sydney,01_NF,open,-1,0.0,0.002231,0,0
data/urban_sar_floods_preprocessed/01_NF/SAR/20210324_Sydney_ID_13_14_SAR.npy,Sydney,01_NF,open,-1,0.0,0.001985,0,0
data/urban_sar_floods_preprocessed/01_NF/SAR/20210324_Sydney_ID_13_15_SAR.npy,Sydney,01_NF,open,-1,0.0,0.002023,0,0
data/urban_sar_floods_preprocessed/01_NF/SAR/20210324_Sydney_ID_13_16_SAR.npy,Sydney,01_NF,open,-1,0.0,0.002478,0,0
data/urban_sar_floods_preprocessed/01_NF/SAR/20210324_Sydney_ID_13_17_SAR.npy,Sydney,01_NF,open,-1,0.0,0.002236,0,0
data/urban_sar_floods_preprocessed/01_NF/SAR/20210324_Sydney_ID_13_18_SAR.npy,Sydney,01_NF,open,-1,0.0,0.002235,0,0
data/urban_sar_floods_preprocessed/01_NF/SAR/20210324_Sydney_ID_13_19_SAR.npy,Sydney,01_NF,open,-1,0.0,0.002101,0,0
data/urban_sar_floods_preprocessed/01_NF/SAR/20210324_Sydney_ID_13_20_SAR.npy,Sydney,01_NF,open,-1,0.0,0.00233,0,0
data/urban_sar_floods_preprocessed/01_NF/SAR/20210324_Sydney_ID_13_21_SAR.npy,Sydney,01_NF,open,-1,0.0,0.00239,0,0
data/urban_sar_floods_preprocessed/01_NF/SAR/20210324_Sydney_ID_13_22_SAR.npy,Sydney,01_NF,open,-1,0.0,0.002322,0,0
data/urban_sar_floods_preprocessed/01_NF/SAR/20210324_Sydney_ID_13_23_SAR.npy,Sydney,01_NF,open,-1,0.0,0.002272,0,0
data/urban_sar_floods_preprocessed/01_NF/SAR/20210324_Sydney_ID_13_24_SAR.npy,Sydney,01_NF,open,-1,0.0,0.001954,0,0
data/urban_sar_floods_preprocessed/01_NF/SAR/20210324_Sydney_ID_13_26_SAR.npy,Sydney,01_NF,open,-1,0.0,0.001865,0,0
data/urban_sar_floods_preprocessed/01_NF/SAR/20210324_Sydney_ID_13_27_SAR.npy,Sydney,01_NF,open,-1,0.0,0.002152,0,0
data/urban_sar_floods_preprocessed/01_NF/SAR/20210324_Sydney_ID_13_28_SAR.npy,Sydney,01_NF,open,-1,0.0,0.001783,0,0
data/urban_sar_floods_preprocessed/01_NF/SAR/20210324_Sydney_ID_13_29_SAR.npy,Sydney,01_NF,open,-1,0.0,0.002706,0,0
data/urban_sar_floods_preprocessed/01_NF/SAR/20210324_Sydney_ID_13_2_SAR.npy,Sydney,01_NF,open,-1,0.0,0.001222,0,0
data/urban_sar_floods_preprocessed/01_NF/SAR/20210324_Sydney_ID_13_32_SAR.npy,Sydney,01_NF,open,-1,0.0,7e-06,0,0
data/urban_sar_floods_preprocessed/01_NF/SAR/20210324_Sydney_ID_13_3_SAR.npy,Sydney,01_NF,open,-1,0.0,0.002292,0,0
data/urban_sar_floods_preprocessed/01_NF/SAR/20210324_Sydney_ID_13_4_SAR.npy,Sydney,01_NF,open,-1,0.0,0.002077,0,0
data/urban_sar_floods_preprocessed/01_NF/SAR/20210324_Sydney_ID_13_5_SAR.npy,Sydney,01_NF,open,-1,0.0,0.002075,0,0
data/urban_sar_floods_preprocessed/01_NF/SAR/20210324_Sydney_ID_13_6_SAR.npy,Sydney,01_NF,open,-1,0.0,0.002325,0,0
data/urban_sar_floods_preprocessed/01_NF/SAR/20210324_Sydney_ID_13_7_SAR.npy,Sydney,01_NF,open,-1,0.0,0.002549,0,0
data/urban_sar_floods_preprocessed/01_NF/SAR/20210324_Sydney_ID_13_8_SAR.npy,Sydney,01_NF,open,-1,0.0,0.002387,0,0
data/urban_sar_floods_preprocessed/01_NF/SAR/20210324_Sydney_ID_13_9_SAR.npy,Sydney,01_NF,open,-1,0.0,0.002372,0,0
data/urban_sar_floods_preprocessed/01_NF/SAR/20210324_Sydney_ID_14_10_SAR.npy,Sydney,01_NF,open,-1,0.0,0.002374,0,0
data/urban_sar_floods_preprocessed/01_NF/SAR/20210324_Sydney_ID_14_11_SAR.npy,Sydney,01_NF,open,-1,0.0,0.002224,0,0
data/urban_sar_floods_preprocessed/01_NF/SAR/20210324_Sydney_ID_14_12_SAR.npy,Sydney,01_NF,open,-1,0.0,0.002121,0,0
data/urban_sar_floods_preprocessed/01_NF/SAR/20210324_Sydney_ID_14_13_SAR.npy,Sydney,01_NF,open,-1,0.0,0.001951,0,0
data/urban_sar_floods_preprocessed/01_NF/SAR/20210324_Sydney_ID_14_14_SAR.npy,Sydney,01_NF,open,-1,0.0,0.002004,0,0
data/urban_sar_floods_preprocessed/01_NF/SAR/20210324_Sydney_ID_14_15_SAR.npy,Sydney,01_NF,open,-1,0.0,0.002128,0,0
data/urban_sar_floods_preprocessed/01_NF/SAR/20210324_Sydney_ID_14_16_SAR.npy,Sydney,01_NF,open,-1,0.0,0.002087,0,0
data/urban_sar_floods_preprocessed/01_NF/SAR/20210324_Sydney_ID_14_17_SAR.npy,Sydney,01_NF,open,-1,0.0,0.001973,0,0
data/urban_sar_floods_preprocessed/01_NF/SAR/20210324_Sydney_ID_14_18_SAR.npy,Sydney,01_NF,open,-1,0.0,0.002038,0,0
data/urban_sar_floods_preprocessed/01_NF/SAR/20210324_Sydney_ID_14_19_SAR.npy,Sydney,01_NF,open,-1,0.0,0.001914,0,0
data/urban_sar_floods_preprocessed/01_NF/SAR/20210324_Sydney_ID_14_20_SAR.npy,Sydney,01_NF,open,-1,0.0,0.002274,0,0
data/urban_sar_floods_preprocessed/01_NF/SAR/20210324_Sydney_ID_14_21_SAR.npy,Sydney,01_NF,open,-1,0.0,0.002218,0,0
data/urban_sar_floods_preprocessed/01_NF/SAR/20210324_Sydney_ID_14_22_SAR.npy,Sydney,01_NF,open,-1,0.0,0.002195,0,0
data/urban_sar_floods_preprocessed/01_NF/SAR/20210324_Sydney_ID_14_26_SAR.npy,Sydney,01_NF,open,-1,0.0,0.001655,0,0
data/urban_sar_floods_preprocessed/01_NF/SAR/20210324_Sydney_ID_14_27_SAR.npy,Sydney,01_NF,open,-1,0.0,0.001632,0,0
data/urban_sar_floods_preprocessed/01_NF/SAR/20210324_Sydney_ID_14_28_SAR.npy,Sydney,01_NF,open,-1,0.0,0.001981,0,0
data/urban_sar_floods_preprocessed/01_NF/SAR/20210324_Sydney_ID_14_29_SAR.npy,Sydney,01_NF,open,-1,0.0,0.004426,0,0
data/urban_sar_floods_preprocessed/01_NF/SAR/20210324_Sydney_ID_14_2_SAR.npy,Sydney,01_NF,open,-1,0.0,0.001921,0,0
data/urban_sar_floods_preprocessed/01_NF/SAR/20210324_Sydney_ID_14_30_SAR.npy,Sydney,01_NF,open,-1,0.0,0.002441,0,0
data/urban_sar_floods_preprocessed/01_NF/SAR/20210324_Sydney_ID_14_31_SAR.npy,Sydney,01_NF,open,-1,0.0,0.000201,0,0
data/urban_sar_floods_preprocessed/01_NF/SAR/20210324_Sydney_ID_14_3_SAR.npy,Sydney,01_NF,open,-1,0.0,0.002222,0,0
data/urban_sar_floods_preprocessed/01_NF/SAR/20210324_Sydney_ID_14_4_SAR.npy,Sydney,01_NF,open,-1,0.0,0.002119,0,0
data/urban_sar_floods_preprocessed/01_NF/SAR/20210324_Sydney_ID_14_5_SAR.npy,Sydney,01_NF,open,-1,0.0,0.001813,0,0
data/urban_sar_floods_preprocessed/01_NF/SAR/20210324_Sydney_ID_14_6_SAR.npy,Sydney,01_NF,open,-1,0.0,0.001925,0,0
data/urban_sar_floods_preprocessed/01_NF/SAR/20210324_Sydney_ID_14_7_SAR.npy,Sydney,01_NF,open,-1,0.0,0.00242,0,0
data/urban_sar_floods_preprocessed/01_NF/SAR/20210324_Sydney_ID_14_8_SAR.npy,Sydney,01_NF,open,-1,0.0,0.002456,0,0
data/urban_sar_floods_preprocessed/01_NF/SAR/20210324_Sydney_ID_14_9_SAR.npy,Sydney,01_NF,open,-1,0.0,0.002454,0,0
data/urban_sar_floods_preprocessed/01_NF/SAR/20210324_Sydney_ID_15_10_SAR.npy,Sydney,01_NF,open,-1,0.0,0.002646,0,0
data/urban_sar_floods_preprocessed/01_NF/SAR/20210324_Sydney_ID_15_11_SAR.npy,Sydney,01_NF,open,-1,0.0,0.002434,0,0
data/urban_sar_floods_preprocessed/01_NF/SAR/20210324_Sydney_ID_15_12_SAR.npy,Sydney,01_NF,open,-1,0.0,0.001631,0,0
data/urban_sar_floods_preprocessed/01_NF/SAR/20210324_Sydney_ID_15_14_SAR.npy,Sydney,01_NF,open,-1,0.0,0.001861,0,0
data/urban_sar_floods_preprocessed/01_NF/SAR/20210324_Sydney_ID_15_15_SAR.npy,Sydney,01_NF,open,-1,0.0,0.0019,0,0
data/urban_sar_floods_preprocessed/01_NF/SAR/20210324_Sydney_ID_15_16_SAR.npy,Sydney,01_NF,open,-1,0.0,0.002118,0,0
data/urban_sar_floods_preprocessed/01_NF/SAR/20210324_Sydney_ID_15_17_SAR.npy,Sydney,01_NF,open,-1,0.0,0.002064,0,0
data/urban_sar_floods_preprocessed/01_NF/SAR/20210324_Sydney_ID_15_18_SAR.npy,Sydney,01_NF,open,-1,0.0,0.001765,0,0
data/urban_sar_floods_preprocessed/01_NF/SAR/20210324_Sydney_ID_15_19_SAR.npy,Sydney,01_NF,open,-1,0.0,0.001737,0,0
data/urban_sar_floods_preprocessed/01_NF/SAR/20210324_Sydney_ID_15_1_SAR.npy,Sydney,01_NF,open,-1,0.0,0.000479,0,0
data/urban_sar_floods_preprocessed/01_NF/SAR/20210324_Sydney_ID_15_20_SAR.npy,Sydney,01_NF,open,-1,0.0,0.002091,0,0
data/urban_sar_floods_preprocessed/01_NF/SAR/20210324_Sydney_ID_15_21_SAR.npy,Sydney,01_NF,open,-1,0.0,0.001988,0,0
data/urban_sar_floods_preprocessed/01_NF/SAR/20210324_Sydney_ID_15_22_SAR.npy,Sydney,01_NF,open,-1,0.0,0.002012,0,0
data/urban_sar_floods_preprocessed/01_NF/SAR/20210324_Sydney_ID_15_23_SAR.npy,Sydney,01_NF,open,-1,0.0,0.002047,0,0
data/urban_sar_floods_preprocessed/01_NF/SAR/20210324_Sydney_ID_15_24_SAR.npy,Sydney,01_NF,open,-1,0.0,0.001917,0,0
data/urban_sar_floods_preprocessed/01_NF/SAR/20210324_Sydney_ID_15_25_SAR.npy,Sydney,01_NF,open,-1,0.0,0.001769,0,0
data/urban_sar_floods_preprocessed/01_NF/SAR/20210324_Sydney_ID_15_26_SAR.npy,Sydney,01_NF,open,-1,0.0,0.001634,0,0
data/urban_sar_floods_preprocessed/01_NF/SAR/20210324_Sydney_ID_15_27_SAR.npy,Sydney,01_NF,open,-1,0.0,0.002568,0,0
data/urban_sar_floods_preprocessed/01_NF/SAR/20210324_Sydney_ID_15_29_SAR.npy,Sydney,01_NF,open,-1,0.0,0.004151,0,0
data/urban_sar_floods_preprocessed/01_NF/SAR/20210324_Sydney_ID_15_2_SAR.npy,Sydney,01_NF,open,-1,0.0,0.002347,0,0
data/urban_sar_floods_preprocessed/01_NF/SAR/20210324_Sydney_ID_15_30_SAR.npy,Sydney,01_NF,open,-1,0.0,0.000386,0,0
data/urban_sar_floods_preprocessed/01_NF/SAR/20210324_Sydney_ID_15_3_SAR.npy,Sydney,01_NF,open,-1,0.0,0.002505,0,0
data/urban_sar_floods_preprocessed/01_NF/SAR/20210324_Sydney_ID_15_4_SAR.npy,Sydney,01_NF,open,-1,0.0,0.002202,0,0
data/urban_sar_floods_preprocessed/01_NF/SAR/20210324_Sydney_ID_15_5_SAR.npy,Sydney,01_NF,open,-1,0.0,0.002075,0,0
data/urban_sar_floods_preprocessed/01_NF/SAR/20210324_Sydney_ID_15_6_SAR.npy,Sydney,01_NF,open,-1,0.0,0.002311,0,0
data/urban_sar_floods_preprocessed/01_NF/SAR/20210324_Sydney_ID_15_7_SAR.npy,Sydney,01_NF,open,-1,0.0,0.002164,0,0
data/urban_sar_floods_preprocessed/01_NF/SAR/20210324_Sydney_ID_15_8_SAR.npy,Sydney,01_NF,open,-1,0.0,0.00241,0,0
data/urban_sar_floods_preprocessed/01_NF/SAR/20210324_Sydney_ID_15_9_SAR.npy,Sydney,01_NF,open,-1,0.0,0.002319,0,0
data/urban_sar_floods_preprocessed/01_NF/SAR/20210324_Sydney_ID_16_10_SAR.npy,Sydney,01_NF,open,-1,0.0,0.002463,0,0
data/urban_sar_floods_preprocessed/01_NF/SAR/20210324_Sydney_ID_16_11_SAR.npy,Sydney,01_NF,open,-1,0.0,0.002114,0,0
data/urban_sar_floods_preprocessed/01_NF/SAR/20210324_Sydney_ID_16_12_SAR.npy,Sydney,01_NF,open,-1,0.0,0.002033,0,0
data/urban_sar_floods_preprocessed/01_NF/SAR/20210324_Sydney_ID_16_13_SAR.npy,Sydney,01_NF,open,-1,0.0,0.002369,0,0
data/urban_sar_floods_preprocessed/01_NF/SAR/20210324_Sydney_ID_16_14_SAR.npy,Sydney,01_NF,open,-1,0.0,0.002248,0,0
data/urban_sar_floods_preprocessed/01_NF/SAR/20210324_Sydney_ID_16_16_SAR.npy,Sydney,01_NF,open,-1,0.0,0.002389,0,0
data/urban_sar_floods_preprocessed/01_NF/SAR/20210324_Sydney_ID_16_17_SAR.npy,Sydney,01_NF,open,-1,0.0,0.002316,0,0
data/urban_sar_floods_preprocessed/01_NF/SAR/20210324_Sydney_ID_16_18_SAR.npy,Sydney,01_NF,open,-1,0.0,0.001592,0,0
data/urban_sar_floods_preprocessed/01_NF/SAR/20210324_Sydney_ID_16_19_SAR.npy,Sydney,01_NF,open,-1,0.0,0.002,0,0
data/urban_sar_floods_preprocessed/01_NF/SAR/20210324_Sydney_ID_16_1_SAR.npy,Sydney,01_NF,open,-1,0.0,0.001466,0,0
data/urban_sar_floods_preprocessed/01_NF/SAR/20210324_Sydney_ID_16_20_SAR.npy,Sydney,01_NF,open,-1,0.0,0.002287,0,0
data/urban_sar_floods_preprocessed/01_NF/SAR/20210324_Sydney_ID_16_21_SAR.npy,Sydney,01_NF,open,-1,0.0,0.001884,0,0
data/urban_sar_floods_preprocessed/01_NF/SAR/20210324_Sydney_ID_16_22_SAR.npy,Sydney,01_NF,open,-1,0.0,0.00207,0,0
data/urban_sar_floods_preprocessed/01_NF/SAR/20210324_Sydney_ID_16_23_SAR.npy,Sydney,01_NF,open,-1,0.0,0.001757,0,0
data/urban_sar_floods_preprocessed/01_NF/SAR/20210324_Sydney_ID_16_24_SAR.npy,Sydney,01_NF,open,-1,0.0,0.001833,0,0
data/urban_sar_floods_preprocessed/01_NF/SAR/20210324_Sydney_ID_16_25_SAR.npy,Sydney,01_NF,open,-1,0.0,0.001802,0,0
data/urban_sar_floods_preprocessed/01_NF/SAR/20210324_Sydney_ID_16_26_SAR.npy,Sydney,01_NF,open,-1,0.0,0.00185,0,0
data/urban_sar_floods_preprocessed/01_NF/SAR/20210324_Sydney_ID_16_27_SAR.npy,Sydney,01_NF,open,-1,0.0,0.002019,0,0
data/urban_sar_floods_preprocessed/01_NF/SAR/20210324_Sydney_ID_16_29_SAR.npy,Sydney,01_NF,open,-1,0.0,0.002375,0,0
data/urban_sar_floods_preprocessed/01_NF/SAR/20210324_Sydney_ID_16_2_SAR.npy,Sydney,01_NF,open,-1,0.0,0.002256,0,0
data/urban_sar_floods_preprocessed/01_NF/SAR/20210324_Sydney_ID_16_3_SAR.npy,Sydney,01_NF,open,-1,0.0,0.002363,0,0
data/urban_sar_floods_preprocessed/01_NF/SAR/20210324_Sydney_ID_16_4_SAR.npy,Sydney,01_NF,open,-1,0.0,0.002234,0,0
data/urban_sar_floods_preprocessed/01_NF/SAR/20210324_Sydney_ID_16_5_SAR.npy,Sydney,01_NF,open,-1,0.0,0.002352,0,0
data/urban_sar_floods_preprocessed/01_NF/SAR/20210324_Sydney_ID_16_6_SAR.npy,Sydney,01_NF,open,-1,0.0,0.002437,0,0
data/urban_sar_floods_preprocessed/01_NF/SAR/20210324_Sydney_ID_16_7_SAR.npy,Sydney,01_NF,open,-1,0.0,0.002334,0,0
data/urban_sar_floods_preprocessed/01_NF/SAR/20210324_Sydney_ID_16_8_SAR.npy,Sydney,01_NF,open,-1,0.0,0.00243,0,0
data/urban_sar_floods_preprocessed/01_NF/SAR/20210324_Sydney_ID_16_9_SAR.npy,Sydney,01_NF,open,-1,0.0,0.002441,0,0
data/urban_sar_floods_preprocessed/01_NF/SAR/20210324_Sydney_ID_17_10_SAR.npy,Sydney,01_NF,open,-1,0.0,0.002207,0,0
data/urban_sar_floods_preprocessed/01_NF/SAR/20210324_Sydney_ID_17_11_SAR.npy,Sydney,01_NF,open,-1,0.0,0.00212,0,0
data/urban_sar_floods_preprocessed/01_NF/SAR/20210324_Sydney_ID_17_12_SAR.npy,Sydney,01_NF,open,-1,0.0,0.002094,0,0
data/urban_sar_floods_preprocessed/01_NF/SAR/20210324_Sydney_ID_17_13_SAR.npy,Sydney,01_NF,open,-1,0.0,0.001798,0,0
data/urban_sar_floods_preprocessed/01_NF/SAR/20210324_Sydney_ID_17_14_SAR.npy,Sydney,01_NF,open,-1,0.0,0.002261,0,0
data/urban_sar_floods_preprocessed/01_NF/SAR/20210324_Sydney_ID_17_15_SAR.npy,Sydney,01_NF,open,-1,0.0,0.002173,0,0
data/urban_sar_floods_preprocessed/01_NF/SAR/20210324_Sydney_ID_17_16_SAR.npy,Sydney,01_NF,open,-1,0.0,0.00239,0,0
data/urban_sar_floods_preprocessed/01_NF/SAR/20210324_Sydney_ID_17_17_SAR.npy,Sydney,01_NF,open,-1,0.0,0.002122,0,0
data/urban_sar_floods_preprocessed/01_NF/SAR/20210324_Sydney_ID_17_18_SAR.npy,Sydney,01_NF,open,-1,0.0,0.001763,0,0
data/urban_sar_floods_preprocessed/01_NF/SAR/20210324_Sydney_ID_17_19_SAR.npy,Sydney,01_NF,open,-1,0.0,0.001658,0,0
data/urban_sar_floods_preprocessed/01_NF/SAR/20210324_Sydney_ID_17_1_SAR.npy,Sydney,01_NF,open,-1,0.0,0.001493,0,0
data/urban_sar_floods_preprocessed/01_NF/SAR/20210324_Sydney_ID_17_20_SAR.npy,Sydney,01_NF,open,-1,0.0,0.001882,0,0
data/urban_sar_floods_preprocessed/01_NF/SAR/20210324_Sydney_ID_17_23_SAR.npy,Sydney,01_NF,open,-1,0.0,0.001264,0,0
data/urban_sar_floods_preprocessed/01_NF/SAR/20210324_Sydney_ID_17_24_SAR.npy,Sydney,01_NF,open,-1,0.0,0.002119,0,0
data/urban_sar_floods_preprocessed/01_NF/SAR/20210324_Sydney_ID_17_25_SAR.npy,Sydney,01_NF,open,-1,0.0,0.002001,0,0
data/urban_sar_floods_preprocessed/01_NF/SAR/20210324_Sydney_ID_17_29_SAR.npy,Sydney,01_NF,open,-1,0.0,0.000268,0,0
data/urban_sar_floods_preprocessed/01_NF/SAR/20210324_Sydney_ID_17_2_SAR.npy,Sydney,01_NF,open,-1,0.0,0.002249,0,0
data/urban_sar_floods_preprocessed/01_NF/SAR/20210324_Sydney_ID_17_3_SAR.npy,Sydney,01_NF,open,-1,0.0,0.00206,0,0
data/urban_sar_floods_preprocessed/01_NF/SAR/20210324_Sydney_ID_17_4_SAR.npy,Sydney,01_NF,open,-1,0.0,0.002101,0,0
data/urban_sar_floods_preprocessed/01_NF/SAR/20210324_Sydney_ID_17_5_SAR.npy,Sydney,01_NF,open,-1,0.0,0.002426,0,0
data/urban_sar_floods_preprocessed/01_NF/SAR/20210324_Sydney_ID_17_6_SAR.npy,Sydney,01_NF,open,-1,0.0,0.002192,0,0
data/urban_sar_floods_preprocessed/01_NF/SAR/20210324_Sydney_ID_17_7_SAR.npy,Sydney,01_NF,open,-1,0.0,0.002095,0,0
data/urban_sar_floods_preprocessed/01_NF/SAR/20210324_Sydney_ID_17_8_SAR.npy,Sydney,01_NF,open,-1,0.0,0.002414,0,0
data/urban_sar_floods_preprocessed/01_NF/SAR/20210324_Sydney_ID_17_9_SAR.npy,Sydney,01_NF,open,-1,0.0,0.002301,0,0
data/urban_sar_floods_preprocessed/01_NF/SAR/20210324_Sydney_ID_18_10_SAR.npy,Sydney,01_NF,open,-1,0.0,0.00255,0,0
data/urban_sar_floods_preprocessed/01_NF/SAR/20210324_Sydney_ID_18_11_SAR.npy,Sydney,01_NF,open,-1,0.0,0.002017,0,0
data/urban_sar_floods_preprocessed/01_NF/SAR/20210324_Sydney_ID_18_12_SAR.npy,Sydney,01_NF,open,-1,0.0,0.001653,0,0
data/urban_sar_floods_preprocessed/01_NF/SAR/20210324_Sydney_ID_18_13_SAR.npy,Sydney,01_NF,open,-1,0.0,0.001597,0,0
data/urban_sar_floods_preprocessed/01_NF/SAR/20210324_Sydney_ID_18_14_SAR.npy,Sydney,01_NF,open,-1,0.0,0.001555,0,0
data/urban_sar_floods_preprocessed/01_NF/SAR/20210324_Sydney_ID_18_15_SAR.npy,Sydney,01_NF,open,-1,0.0,0.001514,0,0
data/urban_sar_floods_preprocessed/01_NF/SAR/20210324_Sydney_ID_18_16_SAR.npy,Sydney,01_NF,open,-1,0.0,0.001971,0,0
data/urban_sar_floods_preprocessed/01_NF/SAR/20210324_Sydney_ID_18_17_SAR.npy,Sydney,01_NF,open,-1,0.0,0.002442,0,0
data/urban_sar_floods_preprocessed/01_NF/SAR/20210324_Sydney_ID_18_18_SAR.npy,Sydney,01_NF,open,-1,0.0,0.002124,0,0
data/urban_sar_floods_preprocessed/01_NF/SAR/20210324_Sydney_ID_18_19_SAR.npy,Sydney,01_NF,open,-1,0.0,0.001682,0,0
data/urban_sar_floods_preprocessed/01_NF/SAR/20210324_Sydney_ID_18_20_SAR.npy,Sydney,01_NF,open,-1,0.0,0.001606,0,0
data/urban_sar_floods_preprocessed/01_NF/SAR/20210324_Sydney_ID_18_23_SAR.npy,Sydney,01_NF,open,-1,0.0,0.001089,0,0
data/urban_sar_floods_preprocessed/01_NF/SAR/20210324_Sydney_ID_18_24_SAR.npy,Sydney,01_NF,open,-1,0.0,0.002103,0,0
data/urban_sar_floods_preprocessed/01_NF/SAR/20210324_Sydney_ID_18_25_SAR.npy,Sydney,01_NF,open,-1,0.0,0.001977,0,0
data/urban_sar_floods_preprocessed/01_NF/SAR/20210324_Sydney_ID_18_26_SAR.npy,Sydney,01_NF,open,-1,0.0,0.00229,0,0
data/urban_sar_floods_preprocessed/01_NF/SAR/20210324_Sydney_ID_18_27_SAR.npy,Sydney,01_NF,open,-1,0.0,0.003133,0,0
data/urban_sar_floods_preprocessed/01_NF/SAR/20210324_Sydney_ID_18_28_SAR.npy,Sydney,01_NF,open,-1,0.0,0.00136,0,0
data/urban_sar_floods_preprocessed/01_NF/SAR/20210324_Sydney_ID_18_2_SAR.npy,Sydney,01_NF,open,-1,0.0,9.1e-05,0,0
data/urban_sar_floods_preprocessed/01_NF/SAR/20210324_Sydney_ID_18_3_SAR.npy,Sydney,01_NF,open,-1,0.0,0.000709,0,0
data/urban_sar_floods_preprocessed/01_NF/SAR/20210324_Sydney_ID_18_4_SAR.npy,Sydney,01_NF,open,-1,0.0,0.001234,0,0
data/urban_sar_floods_preprocessed/01_NF/SAR/20210324_Sydney_ID_18_5_SAR.npy,Sydney,01_NF,open,-1,0.0,0.001995,0,0
data/urban_sar_floods_preprocessed/01_NF/SAR/20210324_Sydney_ID_18_6_SAR.npy,Sydney,01_NF,open,-1,0.0,0.0024,0,0
data/urban_sar_floods_preprocessed/01_NF/SAR/20210324_Sydney_ID_18_7_SAR.npy,Sydney,01_NF,open,-1,0.0,0.002283,0,0
data/urban_sar_floods_preprocessed/01_NF/SAR/20210324_Sydney_ID_18_8_SAR.npy,Sydney,01_NF,open,-1,0.0,0.002368,0,0
data/urban_sar_floods_preprocessed/01_NF/SAR/20210324_Sydney_ID_18_9_SAR.npy,Sydney,01_NF,open,-1,0.0,0.002289,0,0
data/urban_sar_floods_preprocessed/01_NF/SAR/20210324_Sydney_ID_19_10_SAR.npy,Sydney,01_NF,open,-1,0.0,0.002502,0,0
data/urban_sar_floods_preprocessed/01_NF/SAR/20210324_Sydney_ID_19_12_SAR.npy,Sydney,01_NF,open,-1,0.0,0.001697,0,0
data/urban_sar_floods_preprocessed/01_NF/SAR/20210324_Sydney_ID_19_13_SAR.npy,Sydney,01_NF,open,-1,0.0,0.00085,0,0
data/urban_sar_floods_preprocessed/01_NF/SAR/20210324_Sydney_ID_19_14_SAR.npy,Sydney,01_NF,open,-1,0.0,0.001074,0,0
data/urban_sar_floods_preprocessed/01_NF/SAR/20210324_Sydney_ID_19_15_SAR.npy,Sydney,01_NF,open,-1,0.0,0.001598,0,0
data/urban_sar_floods_preprocessed/01_NF/SAR/20210324_Sydney_ID_19_16_SAR.npy,Sydney,01_NF,open,-1,0.0,0.00201,0,0
data/urban_sar_floods_preprocessed/01_NF/SAR/20210324_Sydney_ID_19_17_SAR.npy,Sydney,01_NF,open,-1,0.0,0.002201,0,0
data/urban_sar_floods_preprocessed/01_NF/SAR/20210324_Sydney_ID_19_26_SAR.npy,Sydney,01_NF,open,-1,0.0,0.003496,0,0
data/urban_sar_floods_preprocessed/01_NF/SAR/20210324_Sydney_ID_19_27_SAR.npy,Sydney,01_NF,open,-1,0.0,0.003118,0,0
data/urban_sar_floods_preprocessed/01_NF/SAR/20210324_Sydney_ID_19_28_SAR.npy,Sydney,01_NF,open,-1,0.0,0.0,0,0
data/urban_sar_floods_preprocessed/01_NF/SAR/20210324_Sydney_ID_19_6_SAR.npy,Sydney,01_NF,open,-1,0.0,7.4e-05,0,0
data/urban_sar_floods_preprocessed/01_NF/SAR/20210324_Sydney_ID_19_7_SAR.npy,Sydney,01_NF,open,-1,0.0,0.000742,0,0
data/urban_sar_floods_preprocessed/01_NF/SAR/20210324_Sydney_ID_19_8_SAR.npy,Sydney,01_NF,open,-1,0.0,0.00138,0,0
data/urban_sar_floods_preprocessed/01_NF/SAR/20210324_Sydney_ID_19_9_SAR.npy,Sydney,01_NF,open,-1,0.0,0.001915,0,0
data/urban_sar_floods_preprocessed/01_NF/SAR/20210324_Sydney_ID_1_10_SAR.npy,Sydney,01_NF,open,-1,0.0,0.001979,0,0
data/urban_sar_floods_preprocessed/01_NF/SAR/20210324_Sydney_ID_1_11_SAR.npy,Sydney,01_NF,open,-1,0.0,0.001325,0,0
data/urban_sar_floods_preprocessed/01_NF/SAR/20210324_Sydney_ID_1_12_SAR.npy,Sydney,01_NF,open,-1,0.0,0.000922,0,0
data/urban_sar_floods_preprocessed/01_NF/SAR/20210324_Sydney_ID_1_13_SAR.npy,Sydney,01_NF,open,-1,0.0,0.000291,0,0
data/urban_sar_floods_preprocessed/01_NF/SAR/20210324_Sydney_ID_1_14_SAR.npy,Sydney,01_NF,open,-1,0.0,4e-06,0,0
data/urban_sar_floods_preprocessed/01_NF/SAR/20210324_Sydney_ID_1_6_SAR.npy,Sydney,01_NF,open,-1,0.0,0.000748,0,0
data/urban_sar_floods_preprocessed/01_NF/SAR/20210324_Sydney_ID_1_7_SAR.npy,Sydney,01_NF,open,-1,0.0,0.002176,0,0
data/urban_sar_floods_preprocessed/01_NF/SAR/20210324_Sydney_ID_1_8_SAR.npy,Sydney,01_NF,open,-1,0.0,0.002194,0,0
data/urban_sar_floods_preprocessed/01_NF/SAR/20210324_Sydney_ID_1_9_SAR.npy,Sydney,01_NF,open,-1,0.0,0.002051,0,0
data/urban_sar_floods_preprocessed/01_NF/SAR/20210324_Sydney_ID_20_10_SAR.npy,Sydney,01_NF,open,-1,0.0,0.002061,0,0
data/urban_sar_floods_preprocessed/01_NF/SAR/20210324_Sydney_ID_20_11_SAR.npy,Sydney,01_NF,open,-1,0.0,0.002314,0,0
data/urban_sar_floods_preprocessed/01_NF/SAR/20210324_Sydney_ID_20_12_SAR.npy,Sydney,01_NF,open,-1,0.0,0.002446,0,0
data/urban_sar_floods_preprocessed/01_NF/SAR/20210324_Sydney_ID_20_13_SAR.npy,Sydney,01_NF,open,-1,0.0,0.001552,0,0
data/urban_sar_floods_preprocessed/01_NF/SAR/20210324_Sydney_ID_20_14_SAR.npy,Sydney,01_NF,open,-1,0.0,0.001215,0,0
data/urban_sar_floods_preprocessed/01_NF/SAR/20210324_Sydney_ID_20_15_SAR.npy,Sydney,01_NF,open,-1,0.0,0.001884,0,0
data/urban_sar_floods_preprocessed/01_NF/SAR/20210324_Sydney_ID_20_16_SAR.npy,Sydney,01_NF,open,-1,0.0,0.001899,0,0
data/urban_sar_floods_preprocessed/01_NF/SAR/20210324_Sydney_ID_20_17_SAR.npy,Sydney,01_NF,open,-1,0.0,0.002041,0,0
data/urban_sar_floods_preprocessed/01_NF/SAR/20210324_Sydney_ID_20_18_SAR.npy,Sydney,01_NF,open,-1,0.0,0.002893,0,0
data/urban_sar_floods_preprocessed/01_NF/SAR/20210324_Sydney_ID_20_19_SAR.npy,Sydney,01_NF,open,-1,0.0,0.002819,0,0
data/urban_sar_floods_preprocessed/01_NF/SAR/20210324_Sydney_ID_20_22_SAR.npy,Sydney,01_NF,open,-1,0.0,0.001356,0,0
data/urban_sar_floods_preprocessed/01_NF/SAR/20210324_Sydney_ID_20_25_SAR.npy,Sydney,01_NF,open,-1,0.0,0.002394,0,0
data/urban_sar_floods_preprocessed/01_NF/SAR/20210324_Sydney_ID_20_26_SAR.npy,Sydney,01_NF,open,-1,0.0,0.005325,0,0
data/urban_sar_floods_preprocessed/01_NF/SAR/20210324_Sydney_ID_20_27_SAR.npy,Sydney,01_NF,open,-1,0.0,0.001588,0,0
data/urban_sar_floods_preprocessed/01_NF/SAR/20210324_Sydney_ID_20_9_SAR.npy,Sydney,01_NF,open,-1,0.0,4.6e-05,0,0
data/urban_sar_floods_preprocessed/01_NF/SAR/20210324_Sydney_ID_21_10_SAR.npy,Sydney,01_NF,open,-1,0.0,0.000674,0,0
data/urban_sar_floods_preprocessed/01_NF/SAR/20210324_Sydney_ID_21_11_SAR.npy,Sydney,01_NF,open,-1,0.0,0.001297,0,0
data/urban_sar_floods_preprocessed/01_NF/SAR/20210324_Sydney_ID_21_12_SAR.npy,Sydney,01_NF,open,-1,0.0,0.001983,0,0
data/urban_sar_floods_preprocessed/01_NF/SAR/20210324_Sydney_ID_21_13_SAR.npy,Sydney,01_NF,open,-1,0.0,0.002063,0,0
data/urban_sar_floods_preprocessed/01_NF/SAR/20210324_Sydney_ID_21_14_SAR.npy,Sydney,01_NF,open,-1,0.0,0.001765,0,0
data/urban_sar_floods_preprocessed/01_NF/SAR/20210324_Sydney_ID_21_15_SAR.npy,Sydney,01_NF,open,-1,0.0,0.001788,0,0
data/urban_sar_floods_preprocessed/01_NF/SAR/20210324_Sydney_ID_21_16_SAR.npy,Sydney,01_NF,open,-1,0.0,0.001685,0,0
data/urban_sar_floods_preprocessed/01_NF/SAR/20210324_Sydney_ID_21_17_SAR.npy,Sydney,01_NF,open,-1,0.0,0.002046,0,0
data/urban_sar_floods_preprocessed/01_NF/SAR/20210324_Sydney_ID_21_22_SAR.npy,Sydney,01_NF,open,-1,0.0,0.001793,0,0
data/urban_sar_floods_preprocessed/01_NF/SAR/20210324_Sydney_ID_21_23_SAR.npy,Sydney,01_NF,open,-1,0.0,0.002052,0,0
data/urban_sar_floods_preprocessed/01_NF/SAR/20210324_Sydney_ID_21_24_SAR.npy,Sydney,01_NF,open,-1,0.0,0.00267,0,0
data/urban_sar_floods_preprocessed/01_NF/SAR/20210324_Sydney_ID_21_25_SAR.npy,Sydney,01_NF,open,-1,0.0,0.001977,0,0
data/urban_sar_floods_preprocessed/01_NF/SAR/20210324_Sydney_ID_21_26_SAR.npy,Sydney,01_NF,open,-1,0.0,0.001157,0,0
data/urban_sar_floods_preprocessed/01_NF/SAR/20210324_Sydney_ID_21_9_SAR.npy,Sydney,01_NF,open,-1,0.0,6.8e-05,0,0
data/urban_sar_floods_preprocessed/01_NF/SAR/20210324_Sydney_ID_22_13_SAR.npy,Sydney,01_NF,open,-1,0.0,0.0003,0,0
data/urban_sar_floods_preprocessed/01_NF/SAR/20210324_Sydney_ID_22_14_SAR.npy,Sydney,01_NF,open,-1,0.0,0.000876,0,0
data/urban_sar_floods_preprocessed/01_NF/SAR/20210324_Sydney_ID_22_15_SAR.npy,Sydney,01_NF,open,-1,0.0,0.001029,0,0
data/urban_sar_floods_preprocessed/01_NF/SAR/20210324_Sydney_ID_22_16_SAR.npy,Sydney,01_NF,open,-1,0.0,0.001701,0,0
data/urban_sar_floods_preprocessed/01_NF/SAR/20210324_Sydney_ID_22_17_SAR.npy,Sydney,01_NF,open,-1,0.0,0.002545,0,0
data/urban_sar_floods_preprocessed/01_NF/SAR/20210324_Sydney_ID_22_21_SAR.npy,Sydney,01_NF,open,-1,0.0,0.002578,0,0
data/urban_sar_floods_preprocessed/01_NF/SAR/20210324_Sydney_ID_22_22_SAR.npy,Sydney,01_NF,open,-1,0.0,0.002634,0,0
data/urban_sar_floods_preprocessed/01_NF/SAR/20210324_Sydney_ID_22_24_SAR.npy,Sydney,01_NF,open,-1,0.0,0.002408,0,0
data/urban_sar_floods_preprocessed/01_NF/SAR/20210324_Sydney_ID_22_25_SAR.npy,Sydney,01_NF,open,-1,0.0,0.00337,0,0
data/urban_sar_floods_preprocessed/01_NF/SAR/20210324_Sydney_ID_22_26_SAR.npy,Sydney,01_NF,open,-1,0.0,0.00056,0,0
data/urban_sar_floods_preprocessed/01_NF/SAR/20210324_Sydney_ID_23_17_SAR.npy,Sydney,01_NF,open,-1,0.0,0.000207,0,0
data/urban_sar_floods_preprocessed/01_NF/SAR/20210324_Sydney_ID_23_19_SAR.npy,Sydney,01_NF,open,-1,0.0,0.002084,0,0
data/urban_sar_floods_preprocessed/01_NF/SAR/20210324_Sydney_ID_23_21_SAR.npy,Sydney,01_NF,open,-1,0.0,0.001406,0,0
data/urban_sar_floods_preprocessed/01_NF/SAR/20210324_Sydney_ID_23_22_SAR.npy,Sydney,01_NF,open,-1,0.0,0.001626,0,0
data/urban_sar_floods_preprocessed/01_NF/SAR/20210324_Sydney_ID_23_23_SAR.npy,Sydney,01_NF,open,-1,0.0,0.002265,0,0
data/urban_sar_floods_preprocessed/01_NF/SAR/20210324_Sydney_ID_23_24_SAR.npy,Sydney,01_NF,open,-1,0.0,0.002903,0,0
data/urban_sar_floods_preprocessed/01_NF/SAR/20210324_Sydney_ID_23_25_SAR.npy,Sydney,01_NF,open,-1,0.0,0.003157,0,0
data/urban_sar_floods_preprocessed/01_NF/SAR/20210324_Sydney_ID_23_26_SAR.npy,Sydney,01_NF,open,-1,0.0,0.0,0,0
data/urban_sar_floods_preprocessed/01_NF/SAR/20210324_Sydney_ID_24_24_SAR.npy,Sydney,01_NF,open,-1,0.0,0.000213,0,0
data/urban_sar_floods_preprocessed/01_NF/SAR/20210324_Sydney_ID_24_25_SAR.npy,Sydney,01_NF,open,-1,0.0,0.00136,0,0
data/urban_sar_floods_preprocessed/01_NF/SAR/20210324_Sydney_ID_2_10_SAR.npy,Sydney,01_NF,open,-1,0.0,0.002072,0,0
data/urban_sar_floods_preprocessed/01_NF/SAR/20210324_Sydney_ID_2_11_SAR.npy,Sydney,01_NF,open,-1,0.0,0.001832,0,0
data/urban_sar_floods_preprocessed/01_NF/SAR/20210324_Sydney_ID_2_12_SAR.npy,Sydney,01_NF,open,-1,0.0,0.001977,0,0
data/urban_sar_floods_preprocessed/01_NF/SAR/20210324_Sydney_ID_2_13_SAR.npy,Sydney,01_NF,open,-1,0.0,0.001939,0,0
data/urban_sar_floods_preprocessed/01_NF/SAR/20210324_Sydney_ID_2_14_SAR.npy,Sydney,01_NF,open,-1,0.0,0.001866,0,0
data/urban_sar_floods_preprocessed/01_NF/SAR/20210324_Sydney_ID_2_15_SAR.npy,Sydney,01_NF,open,-1,0.0,0.001437,0,0
data/urban_sar_floods_preprocessed/01_NF/SAR/20210324_Sydney_ID_2_16_SAR.npy,Sydney,01_NF,open,-1,0.0,0.000341,0,0
data/urban_sar_floods_preprocessed/01_NF/SAR/20210324_Sydney_ID_2_6_SAR.npy,Sydney,01_NF,open,-1,0.0,0.001503,0,0
data/urban_sar_floods_preprocessed/01_NF/SAR/20210324_Sydney_ID_2_7_SAR.npy,Sydney,01_NF,open,-1,0.0,0.002164,0,0
data/urban_sar_floods_preprocessed/01_NF/SAR/20210324_Sydney_ID_2_8_SAR.npy,Sydney,01_NF,open,-1,0.0,0.002202,0,0
data/urban_sar_floods_preprocessed/01_NF/SAR/20210324_Sydney_ID_2_9_SAR.npy,Sydney,01_NF,open,-1,0.0,0.002082,0,0
data/urban_sar_floods_preprocessed/01_NF/SAR/20210324_Sydney_ID_3_10_SAR.npy,Sydney,01_NF,open,-1,0.0,0.00206,0,0
data/urban_sar_floods_preprocessed/01_NF/SAR/20210324_Sydney_ID_3_11_SAR.npy,Sydney,01_NF,open,-1,0.0,0.001984,0,0
data/urban_sar_floods_preprocessed/01_NF/SAR/20210324_Sydney_ID_3_12_SAR.npy,Sydney,01_NF,open,-1,0.0,0.001986,0,0
data/urban_sar_floods_preprocessed/01_NF/SAR/20210324_Sydney_ID_3_13_SAR.npy,Sydney,01_NF,open,-1,0.0,0.001922,0,0
data/urban_sar_floods_preprocessed/01_NF/SAR/20210324_Sydney_ID_3_14_SAR.npy,Sydney,01_NF,open,-1,0.0,0.002029,0,0
data/urban_sar_floods_preprocessed/01_NF/SAR/20210324_Sydney_ID_3_15_SAR.npy,Sydney,01_NF,open,-1,0.0,0.001943,0,0
data/urban_sar_floods_preprocessed/01_NF/SAR/20210324_Sydney_ID_3_16_SAR.npy,Sydney,01_NF,open,-1,0.0,0.000333,0,0
data/urban_sar_floods_preprocessed/01_NF/SAR/20210324_Sydney_ID_3_5_SAR.npy,Sydney,01_NF,open,-1,0.0,0.000108,0,0
data/urban_sar_floods_preprocessed/01_NF/SAR/20210324_Sydney_ID_3_6_SAR.npy,Sydney,01_NF,open,-1,0.0,0.002184,0,0
data/urban_sar_floods_preprocessed/01_NF/SAR/20210324_Sydney_ID_3_7_SAR.npy,Sydney,01_NF,open,-1,0.0,0.002206,0,0
data/urban_sar_floods_preprocessed/01_NF/SAR/20210324_Sydney_ID_3_8_SAR.npy,Sydney,01_NF,open,-1,0.0,0.002171,0,0
data/urban_sar_floods_preprocessed/01_NF/SAR/20210324_Sydney_ID_3_9_SAR.npy,Sydney,01_NF,open,-1,0.0,0.00204,0,0
data/urban_sar_floods_preprocessed/01_NF/SAR/20210324_Sydney_ID_4_10_SAR.npy,Sydney,01_NF,open,-1,0.0,0.002043,0,0
data/urban_sar_floods_preprocessed/01_NF/SAR/20210324_Sydney_ID_4_14_SAR.npy,Sydney,01_NF,open,-1,0.0,0.002298,0,0
data/urban_sar_floods_preprocessed/01_NF/SAR/20210324_Sydney_ID_4_15_SAR.npy,Sydney,01_NF,open,-1,0.0,0.001974,0,0
data/urban_sar_floods_preprocessed/01_NF/SAR/20210324_Sydney_ID_4_16_SAR.npy,Sydney,01_NF,open,-1,0.0,0.00179,0,0
data/urban_sar_floods_preprocessed/01_NF/SAR/20210324_Sydney_ID_4_17_SAR.npy,Sydney,01_NF,open,-1,0.0,0.001507,0,0
data/urban_sar_floods_preprocessed/01_NF/SAR/20210324_Sydney_ID_4_18_SAR.npy,Sydney,01_NF,open,-1,0.0,0.001228,0,0
data/urban_sar_floods_preprocessed/01_NF/SAR/20210324_Sydney_ID_4_19_SAR.npy,Sydney,01_NF,open,-1,0.0,0.000686,0,0
data/urban_sar_floods_preprocessed/01_NF/SAR/20210324_Sydney_ID_4_20_SAR.npy,Sydney,01_NF,open,-1,0.0,0.000201,0,0
data/urban_sar_floods_preprocessed/01_NF/SAR/20210324_Sydney_ID_4_5_SAR.npy,Sydney,01_NF,open,-1,0.0,0.000721,0,0
data/urban_sar_floods_preprocessed/01_NF/SAR/20210324_Sydney_ID_4_6_SAR.npy,Sydney,01_NF,open,-1,0.0,0.002277,0,0
data/urban_sar_floods_preprocessed/01_NF/SAR/20210324_Sydney_ID_4_7_SAR.npy,Sydney,01_NF,open,-1,0.0,0.002283,0,0
data/urban_sar_floods_preprocessed/01_NF/SAR/20210324_Sydney_ID_4_8_SAR.npy,Sydney,01_NF,open,-1,0.0,0.002178,0,0
data/urban_sar_floods_preprocessed/01_NF/SAR/20210324_Sydney_ID_4_9_SAR.npy,Sydney,01_NF,open,-1,0.0,0.002059,0,0
data/urban_sar_floods_preprocessed/01_NF/SAR/20210324_Sydney_ID_5_10_SAR.npy,Sydney,01_NF,open,-1,0.0,0.001973,0,0
data/urban_sar_floods_preprocessed/01_NF/SAR/20210324_Sydney_ID_5_11_SAR.npy,Sydney,01_NF,open,-1,0.0,0.002296,0,0
data/urban_sar_floods_preprocessed/01_NF/SAR/20210324_Sydney_ID_5_12_SAR.npy,Sydney,01_NF,open,-1,0.0,0.002289,0,0
data/urban_sar_floods_preprocessed/01_NF/SAR/20210324_Sydney_ID_5_14_SAR.npy,Sydney,01_NF,open,-1,0.0,0.002281,0,0
data/urban_sar_floods_preprocessed/01_NF/SAR/20210324_Sydney_ID_5_15_SAR.npy,Sydney,01_NF,open,-1,0.0,0.001939,0,0
data/urban_sar_floods_preprocessed/01_NF/SAR/20210324_Sydney_ID_5_16_SAR.npy,Sydney,01_NF,open,-1,0.0,0.002095,0,0
data/urban_sar_floods_preprocessed/01_NF/SAR/20210324_Sydney_ID_5_17_SAR.npy,Sydney,01_NF,open,-1,0.0,0.002051,0,0
data/urban_sar_floods_preprocessed/01_NF/SAR/20210324_Sydney_ID_5_18_SAR.npy,Sydney,01_NF,open,-1,0.0,0.002251,0,0
data/urban_sar_floods_preprocessed/01_NF/SAR/20210324_Sydney_ID_5_19_SAR.npy,Sydney,01_NF,open,-1,0.0,0.002024,0,0
data/urban_sar_floods_preprocessed/01_NF/SAR/20210324_Sydney_ID_5_20_SAR.npy,Sydney,01_NF,open,-1,0.0,0.002473,0,0
data/urban_sar_floods_preprocessed/01_NF/SAR/20210324_Sydney_ID_5_21_SAR.npy,Sydney,01_NF,open,-1,0.0,0.002238,0,0
data/urban_sar_floods_preprocessed/01_NF/SAR/20210324_Sydney_ID_5_22_SAR.npy,Sydney,01_NF,open,-1,0.0,0.001462,0,0
data/urban_sar_floods_preprocessed/01_NF/SAR/20210324_Sydney_ID_5_23_SAR.npy,Sydney,01_NF,open,-1,0.0,0.000806,0,0
data/urban_sar_floods_preprocessed/01_NF/SAR/20210324_Sydney_ID_5_24_SAR.npy,Sydney,01_NF,open,-1,0.0,0.000318,0,0
data/urban_sar_floods_preprocessed/01_NF/SAR/20210324_Sydney_ID_5_25_SAR.npy,Sydney,01_NF,open,-1,0.0,0.0,0,0
data/urban_sar_floods_preprocessed/01_NF/SAR/20210324_Sydney_ID_5_26_SAR.npy,Sydney,01_NF,open,-1,0.0,0.00043,0,0
data/urban_sar_floods_preprocessed/01_NF/SAR/20210324_Sydney_ID_5_27_SAR.npy,Sydney,01_NF,open,-1,0.0,0.00036,0,0
data/urban_sar_floods_preprocessed/01_NF/SAR/20210324_Sydney_ID_5_28_SAR.npy,Sydney,01_NF,open,-1,0.0,6e-06,0,0
data/urban_sar_floods_preprocessed/01_NF/SAR/20210324_Sydney_ID_5_5_SAR.npy,Sydney,01_NF,open,-1,0.0,0.001546,0,0
data/urban_sar_floods_preprocessed/01_NF/SAR/20210324_Sydney_ID_5_6_SAR.npy,Sydney,01_NF,open,-1,0.0,0.00226,0,0
data/urban_sar_floods_preprocessed/01_NF/SAR/20210324_Sydney_ID_5_7_SAR.npy,Sydney,01_NF,open,-1,0.0,0.002309,0,0
data/urban_sar_floods_preprocessed/01_NF/SAR/20210324_Sydney_ID_5_8_SAR.npy,Sydney,01_NF,open,-1,0.0,0.002129,0,0
data/urban_sar_floods_preprocessed/01_NF/SAR/20210324_Sydney_ID_5_9_SAR.npy,Sydney,01_NF,open,-1,0.0,0.002063,0,0
data/urban_sar_floods_preprocessed/01_NF/SAR/20210324_Sydney_ID_6_10_SAR.npy,Sydney,01_NF,open,-1,0.0,0.002318,0,0
data/urban_sar_floods_preprocessed/01_NF/SAR/20210324_Sydney_ID_6_11_SAR.npy,Sydney,01_NF,open,-1,0.0,0.002462,0,0
data/urban_sar_floods_preprocessed/01_NF/SAR/20210324_Sydney_ID_6_12_SAR.npy,Sydney,01_NF,open,-1,0.0,0.002247,0,0
data/urban_sar_floods_preprocessed/01_NF/SAR/20210324_Sydney_ID_6_13_SAR.npy,Sydney,01_NF,open,-1,0.0,0.002508,0,0
data/urban_sar_floods_preprocessed/01_NF/SAR/20210324_Sydney_ID_6_14_SAR.npy,Sydney,01_NF,open,-1,0.0,0.002269,0,0
data/urban_sar_floods_preprocessed/01_NF/SAR/20210324_Sydney_ID_6_15_SAR.npy,Sydney,01_NF,open,-1,0.0,0.002035,0,0
data/urban_sar_floods_preprocessed/01_NF/SAR/20210324_Sydney_ID_6_16_SAR.npy,Sydney,01_NF,open,-1,0.0,0.002305,0,0
data/urban_sar_floods_preprocessed/01_NF/SAR/20210324_Sydney_ID_6_20_SAR.npy,Sydney,01_NF,open,-1,0.0,0.003116,0,0
data/urban_sar_floods_preprocessed/01_NF/SAR/20210324_Sydney_ID_6_21_SAR.npy,Sydney,01_NF,open,-1,0.0,0.002305,0,0
data/urban_sar_floods_preprocessed/01_NF/SAR/20210324_Sydney_ID_6_22_SAR.npy,Sydney,01_NF,open,-1,0.0,0.002145,0,0
data/urban_sar_floods_preprocessed/01_NF/SAR/20210324_Sydney_ID_6_23_SAR.npy,Sydney,01_NF,open,-1,0.0,0.002003,0,0
data/urban_sar_floods_preprocessed/01_NF/SAR/20210324_Sydney_ID_6_24_SAR.npy,Sydney,01_NF,open,-1,0.0,0.002121,0,0
data/urban_sar_floods_preprocessed/01_NF/SAR/20210324_Sydney_ID_6_26_SAR.npy,Sydney,01_NF,open,-1,0.0,0.001884,0,0
data/urban_sar_floods_preprocessed/01_NF/SAR/20210324_Sydney_ID_6_27_SAR.npy,Sydney,01_NF,open,-1,0.0,0.00207,0,0
data/urban_sar_floods_preprocessed/01_NF/SAR/20210324_Sydney_ID_6_28_SAR.npy,Sydney,01_NF,open,-1,0.0,0.0019,0,0
data/urban_sar_floods_preprocessed/01_NF/SAR/20210324_Sydney_ID_6_29_SAR.npy,Sydney,01_NF,open,-1,0.0,0.001506,0,0
data/urban_sar_floods_preprocessed/01_NF/SAR/20210324_Sydney_ID_6_30_SAR.npy,Sydney,01_NF,open,-1,0.0,0.000949,0,0
data/urban_sar_floods_preprocessed/01_NF/SAR/20210324_Sydney_ID_6_31_SAR.npy,Sydney,01_NF,open,-1,0.0,0.000398,0,0
data/urban_sar_floods_preprocessed/01_NF/SAR/20210324_Sydney_ID_6_32_SAR.npy,Sydney,01_NF,open,-1,0.0,4.6e-05,0,0
data/urban_sar_floods_preprocessed/01_NF/SAR/20210324_Sydney_ID_6_4_SAR.npy,Sydney,01_NF,open,-1,0.0,0.00019,0,0
data/urban_sar_floods_preprocessed/01_NF/SAR/20210324_Sydney_ID_6_5_SAR.npy,Sydney,01_NF,open,-1,0.0,0.002526,0,0
data/urban_sar_floods_preprocessed/01_NF/SAR/20210324_Sydney_ID_6_6_SAR.npy,Sydney,01_NF,open,-1,0.0,0.002402,0,0
data/urban_sar_floods_preprocessed/01_NF/SAR/20210324_Sydney_ID_6_7_SAR.npy,Sydney,01_NF,open,-1,0.0,0.002771,0,0
data/urban_sar_floods_preprocessed/01_NF/SAR/20210324_Sydney_ID_6_8_SAR.npy,Sydney,01_NF,open,-1,0.0,0.002555,0,0
data/urban_sar_floods_preprocessed/01_NF/SAR/20210324_Sydney_ID_7_10_SAR.npy,Sydney,01_NF,open,-1,0.0,0.002381,0,0
data/urban_sar_floods_preprocessed/01_NF/SAR/20210324_Sydney_ID_7_11_SAR.npy,Sydney,01_NF,open,-1,0.0,0.002428,0,0
data/urban_sar_floods_preprocessed/01_NF/SAR/20210324_Sydney_ID_7_12_SAR.npy,Sydney,01_NF,open,-1,0.0,0.002464,0,0
data/urban_sar_floods_preprocessed/01_NF/SAR/20210324_Sydney_ID_7_13_SAR.npy,Sydney,01_NF,open,-1,0.0,0.002575,0,0
data/urban_sar_floods_preprocessed/01_NF/SAR/20210324_Sydney_ID_7_14_SAR.npy,Sydney,01_NF,open,-1,0.0,0.00258,0,0
data/urban_sar_floods_preprocessed/01_NF/SAR/20210324_Sydney_ID_7_19_SAR.npy,Sydney,01_NF,open,-1,0.0,0.001959,0,0
data/urban_sar_floods_preprocessed/01_NF/SAR/20210324_Sydney_ID_7_20_SAR.npy,Sydney,01_NF,open,-1,0.0,0.002162,0,0
data/urban_sar_floods_preprocessed/01_NF/SAR/20210324_Sydney_ID_7_23_SAR.npy,Sydney,01_NF,open,-1,0.0,0.001999,0,0
data/urban_sar_floods_preprocessed/01_NF/SAR/20210324_Sydney_ID_7_24_SAR.npy,Sydney,01_NF,open,-1,0.0,0.001931,0,0
data/urban_sar_floods_preprocessed/01_NF/SAR/20210324_Sydney_ID_7_25_SAR.npy,Sydney,01_NF,open,-1,0.0,0.002181,0,0
data/urban_sar_floods_preprocessed/01_NF/SAR/20210324_Sydney_ID_7_26_SAR.npy,Sydney,01_NF,open,-1,0.0,0.001912,0,0
data/urban_sar_floods_preprocessed/01_NF/SAR/20210324_Sydney_ID_7_27_SAR.npy,Sydney,01_NF,open,-1,0.0,0.001862,0,0
data/urban_sar_floods_preprocessed/01_NF/SAR/20210324_Sydney_ID_7_28_SAR.npy,Sydney,01_NF,open,-1,0.0,0.001971,0,0
data/urban_sar_floods_preprocessed/01_NF/SAR/20210324_Sydney_ID_7_29_SAR.npy,Sydney,01_NF,open,-1,0.0,0.001951,0,0
data/urban_sar_floods_preprocessed/01_NF/SAR/20210324_Sydney_ID_7_30_SAR.npy,Sydney,01_NF,open,-1,0.0,0.001762,0,0
data/urban_sar_floods_preprocessed/01_NF/SAR/20210324_Sydney_ID_7_31_SAR.npy,Sydney,01_NF,open,-1,0.0,0.001981,0,0
data/urban_sar_floods_preprocessed/01_NF/SAR/20210324_Sydney_ID_7_32_SAR.npy,Sydney,01_NF,open,-1,0.0,0.001764,0,0
data/urban_sar_floods_preprocessed/01_NF/SAR/20210324_Sydney_ID_7_33_SAR.npy,Sydney,01_NF,open,-1,0.0,0.001658,0,0
data/urban_sar_floods_preprocessed/01_NF/SAR/20210324_Sydney_ID_7_34_SAR.npy,Sydney,01_NF,open,-1,0.0,0.000765,0,0
data/urban_sar_floods_preprocessed/01_NF/SAR/20210324_Sydney_ID_7_35_SAR.npy,Sydney,01_NF,open,-1,0.0,0.000559,0,0
data/urban_sar_floods_preprocessed/01_NF/SAR/20210324_Sydney_ID_7_4_SAR.npy,Sydney,01_NF,open,-1,0.0,0.000941,0,0
data/urban_sar_floods_preprocessed/01_NF/SAR/20210324_Sydney_ID_7_5_SAR.npy,Sydney,01_NF,open,-1,0.0,0.002456,0,0
data/urban_sar_floods_preprocessed/01_NF/SAR/20210324_Sydney_ID_7_6_SAR.npy,Sydney,01_NF,open,-1,0.0,0.00248,0,0
data/urban_sar_floods_preprocessed/01_NF/SAR/20210324_Sydney_ID_7_7_SAR.npy,Sydney,01_NF,open,-1,0.0,0.002541,0,0
data/urban_sar_floods_preprocessed/01_NF/SAR/20210324_Sydney_ID_7_8_SAR.npy,Sydney,01_NF,open,-1,0.0,0.002308,0,0
data/urban_sar_floods_preprocessed/01_NF/SAR/20210324_Sydney_ID_7_9_SAR.npy,Sydney,01_NF,open,-1,0.0,0.002509,0,0
data/urban_sar_floods_preprocessed/01_NF/SAR/20210324_Sydney_ID_8_10_SAR.npy,Sydney,01_NF,open,-1,0.0,0.002339,0,0
data/urban_sar_floods_preprocessed/01_NF/SAR/20210324_Sydney_ID_8_11_SAR.npy,Sydney,01_NF,open,-1,0.0,0.002272,0,0
data/urban_sar_floods_preprocessed/01_NF/SAR/20210324_Sydney_ID_8_12_SAR.npy,Sydney,01_NF,open,-1,0.0,0.00271,0,0
data/urban_sar_floods_preprocessed/01_NF/SAR/20210324_Sydney_ID_8_13_SAR.npy,Sydney,01_NF,open,-1,0.0,0.002861,0,0
data/urban_sar_floods_preprocessed/01_NF/SAR/20210324_Sydney_ID_8_14_SAR.npy,Sydney,01_NF,open,-1,0.0,0.002692,0,0
data/urban_sar_floods_preprocessed/01_NF/SAR/20210324_Sydney_ID_8_15_SAR.npy,Sydney,01_NF,open,-1,0.0,0.00256,0,0
data/urban_sar_floods_preprocessed/01_NF/SAR/20210324_Sydney_ID_8_16_SAR.npy,Sydney,01_NF,open,-1,0.0,0.002491,0,0
data/urban_sar_floods_preprocessed/01_NF/SAR/20210324_Sydney_ID_8_17_SAR.npy,Sydney,01_NF,open,-1,0.0,0.002256,0,0
data/urban_sar_floods_preprocessed/01_NF/SAR/20210324_Sydney_ID_8_25_SAR.npy,Sydney,01_NF,open,-1,0.0,0.001535,0,0
data/urban_sar_floods_preprocessed/01_NF/SAR/20210324_Sydney_ID_8_26_SAR.npy,Sydney,01_NF,open,-1,0.0,0.001559,0,0
data/urban_sar_floods_preprocessed/01_NF/SAR/20210324_Sydney_ID_8_27_SAR.npy,Sydney,01_NF,open,-1,0.0,0.001666,0,0
data/urban_sar_floods_preprocessed/01_NF/SAR/20210324_Sydney_ID_8_28_SAR.npy,Sydney,01_NF,open,-1,0.0,0.001756,0,0
data/urban_sar_floods_preprocessed/01_NF/SAR/20210324_Sydney_ID_8_29_SAR.npy,Sydney,01_NF,open,-1,0.0,0.001875,0,0
data/urban_sar_floods_preprocessed/01_NF/SAR/20210324_Sydney_ID_8_30_SAR.npy,Sydney,01_NF,open,-1,0.0,0.001769,0,0
data/urban_sar_floods_preprocessed/01_NF/SAR/20210324_Sydney_ID_8_31_SAR.npy,Sydney,01_NF,open,-1,0.0,0.001857,0,0
data/urban_sar_floods_preprocessed/01_NF/SAR/20210324_Sydney_ID_8_32_SAR.npy,Sydney,01_NF,open,-1,0.0,0.001716,0,0
data/urban_sar_floods_preprocessed/01_NF/SAR/20210324_Sydney_ID_8_33_SAR.npy,Sydney,01_NF,open,-1,0.0,0.001837,0,0
data/urban_sar_floods_preprocessed/01_NF/SAR/20210324_Sydney_ID_8_34_SAR.npy,Sydney,01_NF,open,-1,0.0,0.001662,0,0
data/urban_sar_floods_preprocessed/01_NF/SAR/20210324_Sydney_ID_8_35_SAR.npy,Sydney,01_NF,open,-1,0.0,0.001529,0,0
data/urban_sar_floods_preprocessed/01_NF/SAR/20210324_Sydney_ID_8_4_SAR.npy,Sydney,01_NF,open,-1,0.0,0.001834,0,0
data/urban_sar_floods_preprocessed/01_NF/SAR/20210324_Sydney_ID_8_5_SAR.npy,Sydney,01_NF,open,-1,0.0,0.002395,0,0
data/urban_sar_floods_preprocessed/01_NF/SAR/20210324_Sydney_ID_8_6_SAR.npy,Sydney,01_NF,open,-1,0.0,0.002807,0,0
data/urban_sar_floods_preprocessed/01_NF/SAR/20210324_Sydney_ID_8_7_SAR.npy,Sydney,01_NF,open,-1,0.0,0.00255,0,0
data/urban_sar_floods_preprocessed/01_NF/SAR/20210324_Sydney_ID_8_8_SAR.npy,Sydney,01_NF,open,-1,0.0,0.002509,0,0
data/urban_sar_floods_preprocessed/01_NF/SAR/20210324_Sydney_ID_8_9_SAR.npy,Sydney,01_NF,open,-1,0.0,0.002407,0,0
data/urban_sar_floods_preprocessed/01_NF/SAR/20210324_Sydney_ID_9_10_SAR.npy,Sydney,01_NF,open,-1,0.0,0.002522,0,0
data/urban_sar_floods_preprocessed/01_NF/SAR/20210324_Sydney_ID_9_11_SAR.npy,Sydney,01_NF,open,-1,0.0,0.00257,0,0
data/urban_sar_floods_preprocessed/01_NF/SAR/20210324_Sydney_ID_9_12_SAR.npy,Sydney,01_NF,open,-1,0.0,0.002875,0,0
data/urban_sar_floods_preprocessed/01_NF/SAR/20210324_Sydney_ID_9_13_SAR.npy,Sydney,01_NF,open,-1,0.0,0.002621,0,0
data/urban_sar_floods_preprocessed/01_NF/SAR/20210324_Sydney_ID_9_14_SAR.npy,Sydney,01_NF,open,-1,0.0,0.002345,0,0
data/urban_sar_floods_preprocessed/01_NF/SAR/20210324_Sydney_ID_9_15_SAR.npy,Sydney,01_NF,open,-1,0.0,0.002189,0,0
data/urban_sar_floods_preprocessed/01_NF/SAR/20210324_Sydney_ID_9_16_SAR.npy,Sydney,01_NF,open,-1,0.0,0.00216,0,0
data/urban_sar_floods_preprocessed/01_NF/SAR/20210324_Sydney_ID_9_17_SAR.npy,Sydney,01_NF,open,-1,0.0,0.001859,0,0
data/urban_sar_floods_preprocessed/01_NF/SAR/20210324_Sydney_ID_9_18_SAR.npy,Sydney,01_NF,open,-1,0.0,0.001941,0,0
data/urban_sar_floods_preprocessed/01_NF/SAR/20210324_Sydney_ID_9_19_SAR.npy,Sydney,01_NF,open,-1,0.0,0.002253,0,0
data/urban_sar_floods_preprocessed/01_NF/SAR/20210324_Sydney_ID_9_20_SAR.npy,Sydney,01_NF,open,-1,0.0,0.002346,0,0
data/urban_sar_floods_preprocessed/01_NF/SAR/20210324_Sydney_ID_9_21_SAR.npy,Sydney,01_NF,open,-1,0.0,0.002284,0,0
data/urban_sar_floods_preprocessed/01_NF/SAR/20210324_Sydney_ID_9_27_SAR.npy,Sydney,01_NF,open,-1,0.0,0.00187,0,0
data/urban_sar_floods_preprocessed/01_NF/SAR/20210324_Sydney_ID_9_28_SAR.npy,Sydney,01_NF,open,-1,0.0,0.001785,0,0
data/urban_sar_floods_preprocessed/01_NF/SAR/20210324_Sydney_ID_9_29_SAR.npy,Sydney,01_NF,open,-1,0.0,0.002313,0,0
data/urban_sar_floods_preprocessed/01_NF/SAR/20210324_Sydney_ID_9_30_SAR.npy,Sydney,01_NF,open,-1,0.0,0.00182,0,0
data/urban_sar_floods_preprocessed/01_NF/SAR/20210324_Sydney_ID_9_32_SAR.npy,Sydney,01_NF,open,-1,0.0,0.001795,0,0
data/urban_sar_floods_preprocessed/01_NF/SAR/20210324_Sydney_ID_9_34_SAR.npy,Sydney,01_NF,open,-1,0.0,0.001598,0,0
data/urban_sar_floods_preprocessed/01_NF/SAR/20210324_Sydney_ID_9_35_SAR.npy,Sydney,01_NF,open,-1,0.0,0.0015,0,0
data/urban_sar_floods_preprocessed/01_NF/SAR/20210324_Sydney_ID_9_3_SAR.npy,Sydney,01_NF,open,-1,0.0,0.000223,0,0
data/urban_sar_floods_preprocessed/01_NF/SAR/20210324_Sydney_ID_9_4_SAR.npy,Sydney,01_NF,open,-1,0.0,0.002452,0,0
data/urban_sar_floods_preprocessed/01_NF/SAR/20210324_Sydney_ID_9_5_SAR.npy,Sydney,01_NF,open,-1,0.0,0.002755,0,0
data/urban_sar_floods_preprocessed/01_NF/SAR/20210324_Sydney_ID_9_6_SAR.npy,Sydney,01_NF,open,-1,0.0,0.002789,0,0
data/urban_sar_floods_preprocessed/01_NF/SAR/20210324_Sydney_ID_9_7_SAR.npy,Sydney,01_NF,open,-1,0.0,0.002361,0,0
data/urban_sar_floods_preprocessed/01_NF/SAR/20210324_Sydney_ID_9_8_SAR.npy,Sydney,01_NF,open,-1,0.0,0.002578,0,0
data/urban_sar_floods_preprocessed/01_NF/SAR/20210324_Sydney_ID_9_9_SAR.npy,Sydney,01_NF,open,-1,0.0,0.002399,0,0
data/urban_sar_floods_preprocessed/01_NF/SAR/20220302_Coraki_Australia_ID_0_6_SAR.npy,Coraki,01_NF,open,-1,0.0,0.000228,0,0
data/urban_sar_floods_preprocessed/01_NF/SAR/20220302_Coraki_Australia_ID_10_2_SAR.npy,Coraki,01_NF,open,-1,0.0,7e-06,0,0
data/urban_sar_floods_preprocessed/01_NF/SAR/20220302_Coraki_Australia_ID_10_3_SAR.npy,Coraki,01_NF,open,-1,0.0,0.001915,0,0
data/urban_sar_floods_preprocessed/01_NF/SAR/20220302_Coraki_Australia_ID_10_4_SAR.npy,Coraki,01_NF,open,-1,0.0,0.002297,0,0
data/urban_sar_floods_preprocessed/01_NF/SAR/20220302_Coraki_Australia_ID_10_5_SAR.npy,Coraki,01_NF,open,-1,0.0,0.002128,0,0
data/urban_sar_floods_preprocessed/01_NF/SAR/20220302_Coraki_Australia_ID_10_6_SAR.npy,Coraki,01_NF,open,-1,0.0,0.002088,0,0
data/urban_sar_floods_preprocessed/01_NF/SAR/20220302_Coraki_Australia_ID_10_7_SAR.npy,Coraki,01_NF,open,-1,0.0,0.002263,0,0
data/urban_sar_floods_preprocessed/01_NF/SAR/20220302_Coraki_Australia_ID_10_9_SAR.npy,Coraki,01_NF,open,-1,0.0,0.00241,0,0
data/urban_sar_floods_preprocessed/01_NF/SAR/20220302_Coraki_Australia_ID_11_2_SAR.npy,Coraki,01_NF,open,-1,0.0,0.0004,0,0
data/urban_sar_floods_preprocessed/01_NF/SAR/20220302_Coraki_Australia_ID_11_3_SAR.npy,Coraki,01_NF,open,-1,0.0,0.002193,0,0
data/urban_sar_floods_preprocessed/01_NF/SAR/20220302_Coraki_Australia_ID_11_4_SAR.npy,Coraki,01_NF,open,-1,0.0,0.00239,0,0
data/urban_sar_floods_preprocessed/01_NF/SAR/20220302_Coraki_Australia_ID_11_5_SAR.npy,Coraki,01_NF,open,-1,0.0,0.002352,0,0
data/urban_sar_floods_preprocessed/01_NF/SAR/20220302_Coraki_Australia_ID_11_6_SAR.npy,Coraki,01_NF,open,-1,0.0,0.002315,0,0
data/urban_sar_floods_preprocessed/01_NF/SAR/20220302_Coraki_Australia_ID_11_7_SAR.npy,Coraki,01_NF,open,-1,0.0,0.002317,0,0
data/urban_sar_floods_preprocessed/01_NF/SAR/20220302_Coraki_Australia_ID_11_8_SAR.npy,Coraki,01_NF,open,-1,0.0,0.002334,0,0
data/urban_sar_floods_preprocessed/01_NF/SAR/20220302_Coraki_Australia_ID_11_9_SAR.npy,Coraki,01_NF,open,-1,0.0,0.002359,0,0
data/urban_sar_floods_preprocessed/01_NF/SAR/20220302_Coraki_Australia_ID_12_12_SAR.npy,Coraki,01_NF,open,-1,0.0,0.00025,0,0
data/urban_sar_floods_preprocessed/01_NF/SAR/20220302_Coraki_Australia_ID_12_2_SAR.npy,Coraki,01_NF,open,-1,0.0,0.001064,0,0
data/urban_sar_floods_preprocessed/01_NF/SAR/20220302_Coraki_Australia_ID_12_3_SAR.npy,Coraki,01_NF,open,-1,0.0,0.002265,0,0
data/urban_sar_floods_preprocessed/01_NF/SAR/20220302_Coraki_Australia_ID_12_4_SAR.npy,Coraki,01_NF,open,-1,0.0,0.002771,0,0
data/urban_sar_floods_preprocessed/01_NF/SAR/20220302_Coraki_Australia_ID_12_5_SAR.npy,Coraki,01_NF,open,-1,0.0,0.002324,0,0
data/urban_sar_floods_preprocessed/01_NF/SAR/20220302_Coraki_Australia_ID_12_6_SAR.npy,Coraki,01_NF,open,-1,0.0,0.002406,0,0
data/urban_sar_floods_preprocessed/01_NF/SAR/20220302_Coraki_Australia_ID_12_7_SAR.npy,Coraki,01_NF,open,-1,0.0,0.002342,0,0
data/urban_sar_floods_preprocessed/01_NF/SAR/20220302_Coraki_Australia_ID_12_8_SAR.npy,Coraki,01_NF,open,-1,0.0,0.002219,0,0
data/urban_sar_floods_preprocessed/01_NF/SAR/20220302_Coraki_Australia_ID_12_9_SAR.npy,Coraki,01_NF,open,-1,0.0,0.002391,0,0
data/urban_sar_floods_preprocessed/01_NF/SAR/20220302_Coraki_Australia_ID_13_10_SAR.npy,Coraki,01_NF,open,-1,0.0,0.002984,0,0
data/urban_sar_floods_preprocessed/01_NF/SAR/20220302_Coraki_Australia_ID_13_11_SAR.npy,Coraki,01_NF,open,-1,0.0,0.003001,0,0
data/urban_sar_floods_preprocessed/01_NF/SAR/20220302_Coraki_Australia_ID_13_12_SAR.npy,Coraki,01_NF,open,-1,0.0,4e-06,0,0
data/urban_sar_floods_preprocessed/01_NF/SAR/20220302_Coraki_Australia_ID_13_2_SAR.npy,Coraki,01_NF,open,-1,0.0,0.001748,0,0
data/urban_sar_floods_preprocessed/01_NF/SAR/20220302_Coraki_Australia_ID_13_3_SAR.npy,Coraki,01_NF,open,-1,0.0,0.002472,0,0
data/urban_sar_floods_preprocessed/01_NF/SAR/20220302_Coraki_Australia_ID_13_4_SAR.npy,Coraki,01_NF,open,-1,0.0,0.002308,0,0
data/urban_sar_floods_preprocessed/01_NF/SAR/20220302_Coraki_Australia_ID_13_5_SAR.npy,Coraki,01_NF,open,-1,0.0,0.002375,0,0
data/urban_sar_floods_preprocessed/01_NF/SAR/20220302_Coraki_Australia_ID_13_6_SAR.npy,Coraki,01_NF,open,-1,0.0,0.002278,0,0
data/urban_sar_floods_preprocessed/01_NF/SAR/20220302_Coraki_Australia_ID_13_7_SAR.npy,Coraki,01_NF,open,-1,0.0,0.002492,0,0
data/urban_sar_floods_preprocessed/01_NF/SAR/20220302_Coraki_Australia_ID_13_8_SAR.npy,Coraki,01_NF,open,-1,0.0,0.002541,0,0
data/urban_sar_floods_preprocessed/01_NF/SAR/20220302_Coraki_Australia_ID_13_9_SAR.npy,Coraki,01_NF,open,-1,0.0,0.002535,0,0
data/urban_sar_floods_preprocessed/01_NF/SAR/20220302_Coraki_Australia_ID_14_1_SAR.npy,Coraki,01_NF,open,-1,0.0,0.000385,0,0
data/urban_sar_floods_preprocessed/01_NF/SAR/20220302_Coraki_Australia_ID_14_2_SAR.npy,Coraki,01_NF,open,-1,0.0,0.002238,0,0
data/urban_sar_floods_preprocessed/01_NF/SAR/20220302_Coraki_Australia_ID_14_3_SAR.npy,Coraki,01_NF,open,-1,0.0,0.002219,0,0
data/urban_sar_floods_preprocessed/01_NF/SAR/20220302_Coraki_Australia_ID_14_5_SAR.npy,Coraki,01_NF,open,-1,0.0,0.002759,0,0
data/urban_sar_floods_preprocessed/01_NF/SAR/20220302_Coraki_Australia_ID_14_6_SAR.npy,Coraki,01_NF,open,-1,0.0,0.002597,0,0
data/urban_sar_floods_preprocessed/01_NF/SAR/20220302_Coraki_Australia_ID_14_9_SAR.npy,Coraki,01_NF,open,-1,0.0,0.002984,0,0
data/urban_sar_floods_preprocessed/01_NF/SAR/20220302_Coraki_Australia_ID_15_1_SAR.npy,Coraki,01_NF,open,-1,0.0,0.001051,0,0
data/urban_sar_floods_preprocessed/01_NF/SAR/20220302_Coraki_Australia_ID_15_2_SAR.npy,Coraki,01_NF,open,-1,0.0,0.002317,0,0
data/urban_sar_floods_preprocessed/01_NF/SAR/20220302_Coraki_Australia_ID_15_4_SAR.npy,Coraki,01_NF,open,-1,0.0,0.002556,0,0
data/urban_sar_floods_preprocessed/01_NF/SAR/20220302_Coraki_Australia_ID_16_11_SAR.npy,Coraki,01_NF,open,-1,0.0,1e-06,0,0
data/urban_sar_floods_preprocessed/01_NF/SAR/20220302_Coraki_Australia_ID_16_1_SAR.npy,Coraki,01_NF,open,-1,0.0,0.001645,0,0
data/urban_sar_floods_preprocessed/01_NF/SAR/20220302_Coraki_Australia_ID_16_2_SAR.npy,Coraki,01_NF,open,-1,0.0,0.002126,0,0
data/urban_sar_floods_preprocessed/01_NF/SAR/20220302_Coraki_Australia_ID_17_0_SAR.npy,Coraki,01_NF,open,-1,0.0,0.000313,0,0
data/urban_sar_floods_preprocessed/01_NF/SAR/20220302_Coraki_Australia_ID_17_10_SAR.npy,Coraki,01_NF,open,-1,0.0,0.000362,0,0
data/urban_sar_floods_preprocessed/01_NF/SAR/20220302_Coraki_Australia_ID_17_1_SAR.npy,Coraki,01_NF,open,-1,0.0,0.001965,0,0
data/urban_sar_floods_preprocessed/01_NF/SAR/20220302_Coraki_Australia_ID_17_2_SAR.npy,Coraki,01_NF,open,-1,0.0,0.002196,0,0
data/urban_sar_floods_preprocessed/01_NF/SAR/20220302_Coraki_Australia_ID_17_5_SAR.npy,Coraki,01_NF,open,-1,0.0,0.002113,0,0
data/urban_sar_floods_preprocessed/01_NF/SAR/20220302_Coraki_Australia_ID_18_0_SAR.npy,Coraki,01_NF,open,-1,0.0,0.000329,0,0
data/urban_sar_floods_preprocessed/01_NF/SAR/20220302_Coraki_Australia_ID_18_10_SAR.npy,Coraki,01_NF,open,-1,0.0,0.000175,0,0
data/urban_sar_floods_preprocessed/01_NF/SAR/20220302_Coraki_Australia_ID_18_1_SAR.npy,Coraki,01_NF,open,-1,0.0,0.001176,0,0
data/urban_sar_floods_preprocessed/01_NF/SAR/20220302_Coraki_Australia_ID_18_2_SAR.npy,Coraki,01_NF,open,-1,0.0,0.001767,0,0
data/urban_sar_floods_preprocessed/01_NF/SAR/20220302_Coraki_Australia_ID_18_4_SAR.npy,Coraki,01_NF,open,-1,0.0,0.002002,0,0
data/urban_sar_floods_preprocessed/01_NF/SAR/20220302_Coraki_Australia_ID_19_3_SAR.npy,Coraki,01_NF,open,-1,0.0,0.000158,0,0
data/urban_sar_floods_preprocessed/01_NF/SAR/20220302_Coraki_Australia_ID_19_4_SAR.npy,Coraki,01_NF,open,-1,0.0,0.000676,0,0
data/urban_sar_floods_preprocessed/01_NF/SAR/20220302_Coraki_Australia_ID_19_6_SAR.npy,Coraki,01_NF,open,-1,0.0,0.001448,0,0
data/urban_sar_floods_preprocessed/01_NF/SAR/20220302_Coraki_Australia_ID_19_7_SAR.npy,Coraki,01_NF,open,-1,0.0,0.002088,0,0
data/urban_sar_floods_preprocessed/01_NF/SAR/20220302_Coraki_Australia_ID_1_10_SAR.npy,Coraki,01_NF,open,-1,0.0,1.4e-05,0,0
data/urban_sar_floods_preprocessed/01_NF/SAR/20220302_Coraki_Australia_ID_1_5_SAR.npy,Coraki,01_NF,open,-1,0.0,0.0004,0,0
data/urban_sar_floods_preprocessed/01_NF/SAR/20220302_Coraki_Australia_ID_1_9_SAR.npy,Coraki,01_NF,open,-1,0.0,0.001686,0,0
data/urban_sar_floods_preprocessed/01_NF/SAR/20220302_Coraki_Australia_ID_20_7_SAR.npy,Coraki,01_NF,open,-1,0.0,0.000116,0,0
data/urban_sar_floods_preprocessed/01_NF/SAR/20220302_Coraki_Australia_ID_2_5_SAR.npy,Coraki,01_NF,open,-1,0.0,0.00142,0,0
data/urban_sar_floods_preprocessed/01_NF/SAR/20220302_Coraki_Australia_ID_2_9_SAR.npy,Coraki,01_NF,open,-1,0.0,0.005071,0,0
data/urban_sar_floods_preprocessed/01_NF/SAR/20220302_Coraki_Australia_ID_3_5_SAR.npy,Coraki,01_NF,open,-1,0.0,0.00213,0,0
data/urban_sar_floods_preprocessed/01_NF/SAR/20220302_Coraki_Australia_ID_3_7_SAR.npy,Coraki,01_NF,open,-1,0.0,0.003126,0,0
data/urban_sar_floods_preprocessed/01_NF/SAR/20220302_Coraki_Australia_ID_3_8_SAR.npy,Coraki,01_NF,open,-1,0.0,0.003979,0,0
data/urban_sar_floods_preprocessed/01_NF/SAR/20220302_Coraki_Australia_ID_3_9_SAR.npy,Coraki,01_NF,open,-1,0.0,0.004989,0,0
data/urban_sar_floods_preprocessed/01_NF/SAR/20220302_Coraki_Australia_ID_4_4_SAR.npy,Coraki,01_NF,open,-1,0.0,8e-05,0,0
data/urban_sar_floods_preprocessed/01_NF/SAR/20220302_Coraki_Australia_ID_4_6_SAR.npy,Coraki,01_NF,open,-1,0.0,0.003171,0,0
data/urban_sar_floods_preprocessed/01_NF/SAR/20220302_Coraki_Australia_ID_4_7_SAR.npy,Coraki,01_NF,open,-1,0.0,0.003557,0,0
data/urban_sar_floods_preprocessed/01_NF/SAR/20220302_Coraki_Australia_ID_4_9_SAR.npy,Coraki,01_NF,open,-1,0.0,0.004305,0,0
data/urban_sar_floods_preprocessed/01_NF/SAR/20220302_Coraki_Australia_ID_5_10_SAR.npy,Coraki,01_NF,open,-1,0.0,0.0,0,0
data/urban_sar_floods_preprocessed/01_NF/SAR/20220302_Coraki_Australia_ID_5_4_SAR.npy,Coraki,01_NF,open,-1,0.0,0.000941,0,0
data/urban_sar_floods_preprocessed/01_NF/SAR/20220302_Coraki_Australia_ID_5_5_SAR.npy,Coraki,01_NF,open,-1,0.0,0.002534,0,0
data/urban_sar_floods_preprocessed/01_NF/SAR/20220302_Coraki_Australia_ID_5_6_SAR.npy,Coraki,01_NF,open,-1,0.0,0.00276,0,0
data/urban_sar_floods_preprocessed/01_NF/SAR/20220302_Coraki_Australia_ID_6_10_SAR.npy,Coraki,01_NF,open,-1,0.0,0.002415,0,0
data/urban_sar_floods_preprocessed/01_NF/SAR/20220302_Coraki_Australia_ID_6_4_SAR.npy,Coraki,01_NF,open,-1,0.0,0.001547,0,0
data/urban_sar_floods_preprocessed/01_NF/SAR/20220302_Coraki_Australia_ID_6_5_SAR.npy,Coraki,01_NF,open,-1,0.0,0.002641,0,0
data/urban_sar_floods_preprocessed/01_NF/SAR/20220302_Coraki_Australia_ID_6_6_SAR.npy,Coraki,01_NF,open,-1,0.0,0.002587,0,0
data/urban_sar_floods_preprocessed/01_NF/SAR/20220302_Coraki_Australia_ID_6_7_SAR.npy,Coraki,01_NF,open,-1,0.0,0.00234,0,0
data/urban_sar_floods_preprocessed/01_NF/SAR/20220302_Coraki_Australia_ID_7_11_SAR.npy,Coraki,01_NF,open,-1,0.0,0.002817,0,0
data/urban_sar_floods_preprocessed/01_NF/SAR/20220302_Coraki_Australia_ID_7_3_SAR.npy,Coraki,01_NF,open,-1,0.0,2.2e-05,0,0
data/urban_sar_floods_preprocessed/01_NF/SAR/20220302_Coraki_Australia_ID_7_4_SAR.npy,Coraki,01_NF,open,-1,0.0,0.002249,0,0
data/urban_sar_floods_preprocessed/01_NF/SAR/20220302_Coraki_Australia_ID_7_5_SAR.npy,Coraki,01_NF,open,-1,0.0,0.002491,0,0
data/urban_sar_floods_preprocessed/01_NF/SAR/20220302_Coraki_Australia_ID_7_6_SAR.npy,Coraki,01_NF,open,-1,0.0,0.00224,0,0
data/urban_sar_floods_preprocessed/01_NF/SAR/20220302_Coraki_Australia_ID_7_7_SAR.npy,Coraki,01_NF,open,-1,0.0,0.002453,0,0
data/urban_sar_floods_preprocessed/01_NF/SAR/20220302_Coraki_Australia_ID_7_8_SAR.npy,Coraki,01_NF,open,-1,0.0,0.002198,0,0
data/urban_sar_floods_preprocessed/01_NF/SAR/20220302_Coraki_Australia_ID_7_9_SAR.npy,Coraki,01_NF,open,-1,0.0,0.003082,0,0
data/urban_sar_floods_preprocessed/01_NF/SAR/20220302_Coraki_Australia_ID_8_3_SAR.npy,Coraki,01_NF,open,-1,0.0,0.000593,0,0
data/urban_sar_floods_preprocessed/01_NF/SAR/20220302_Coraki_Australia_ID_8_4_SAR.npy,Coraki,01_NF,open,-1,0.0,0.002402,0,0
data/urban_sar_floods_preprocessed/01_NF/SAR/20220302_Coraki_Australia_ID_8_5_SAR.npy,Coraki,01_NF,open,-1,0.0,0.002347,0,0
data/urban_sar_floods_preprocessed/01_NF/SAR/20220302_Coraki_Australia_ID_8_6_SAR.npy,Coraki,01_NF,open,-1,0.0,0.002245,0,0
data/urban_sar_floods_preprocessed/01_NF/SAR/20220302_Coraki_Australia_ID_8_7_SAR.npy,Coraki,01_NF,open,-1,0.0,0.002568,0,0
data/urban_sar_floods_preprocessed/01_NF/SAR/20220302_Coraki_Australia_ID_8_8_SAR.npy,Coraki,01_NF,open,-1,0.0,0.002593,0,0
data/urban_sar_floods_preprocessed/01_NF/SAR/20220302_Coraki_Australia_ID_9_3_SAR.npy,Coraki,01_NF,open,-1,0.0,0.001168,0,0
data/urban_sar_floods_preprocessed/01_NF/SAR/20220302_Coraki_Australia_ID_9_4_SAR.npy,Coraki,01_NF,open,-1,0.0,0.002113,0,0
data/urban_sar_floods_preprocessed/01_NF/SAR/20220302_Coraki_Australia_ID_9_5_SAR.npy,Coraki,01_NF,open,-1,0.0,0.0021,0,0
data/urban_sar_floods_preprocessed/01_NF/SAR/20220302_Coraki_Australia_ID_9_6_SAR.npy,Coraki,01_NF,open,-1,0.0,0.002257,0,0
data/urban_sar_floods_preprocessed/01_NF/SAR/20220302_Coraki_Australia_ID_9_7_SAR.npy,Coraki,01_NF,open,-1,0.0,0.002465,0,0
data/urban_sar_floods_preprocessed/01_NF/SAR/20220302_Coraki_Australia_ID_9_8_SAR.npy,Coraki,01_NF,open,-1,0.0,0.002665,0,0
data/urban_sar_floods_preprocessed/01_NF/SAR/20220705_Sydney_ID_0_10_SAR.npy,Sydney,01_NF,open,-1,0.0,0.0,0,0
data/urban_sar_floods_preprocessed/01_NF/SAR/20220705_Sydney_ID_0_6_SAR.npy,Sydney,01_NF,open,-1,0.0,0.000242,0,0
data/urban_sar_floods_preprocessed/01_NF/SAR/20220705_Sydney_ID_0_7_SAR.npy,Sydney,01_NF,open,-1,0.0,0.001235,0,0
data/urban_sar_floods_preprocessed/01_NF/SAR/20220705_Sydney_ID_0_8_SAR.npy,Sydney,01_NF,open,-1,0.0,0.000862,0,0
data/urban_sar_floods_preprocessed/01_NF/SAR/20220705_Sydney_ID_0_9_SAR.npy,Sydney,01_NF,open,-1,0.0,0.000552,0,0
data/urban_sar_floods_preprocessed/01_NF/SAR/20220705_Sydney_ID_10_10_SAR.npy,Sydney,01_NF,open,-1,0.0,0.001869,0,0
data/urban_sar_floods_preprocessed/01_NF/SAR/20220705_Sydney_ID_10_11_SAR.npy,Sydney,01_NF,open,-1,0.0,0.00203,0,0
data/urban_sar_floods_preprocessed/01_NF/SAR/20220705_Sydney_ID_10_12_SAR.npy,Sydney,01_NF,open,-1,0.0,0.002674,0,0
data/urban_sar_floods_preprocessed/01_NF/SAR/20220705_Sydney_ID_10_13_SAR.npy,Sydney,01_NF,open,-1,0.0,0.002362,0,0
data/urban_sar_floods_preprocessed/01_NF/SAR/20220705_Sydney_ID_10_14_SAR.npy,Sydney,01_NF,open,-1,0.0,0.001836,0,0
data/urban_sar_floods_preprocessed/01_NF/SAR/20220705_Sydney_ID_10_15_SAR.npy,Sydney,01_NF,open,-1,0.0,0.002472,0,0
data/urban_sar_floods_preprocessed/01_NF/SAR/20220705_Sydney_ID_10_16_SAR.npy,Sydney,01_NF,open,-1,0.0,0.002698,0,0
data/urban_sar_floods_preprocessed/01_NF/SAR/20220705_Sydney_ID_10_17_SAR.npy,Sydney,01_NF,open,-1,0.0,0.002771,0,0
data/urban_sar_floods_preprocessed/01_NF/SAR/20220705_Sydney_ID_10_18_SAR.npy,Sydney,01_NF,open,-1,0.0,0.002527,0,0
data/urban_sar_floods_preprocessed/01_NF/SAR/20220705_Sydney_ID_10_19_SAR.npy,Sydney,01_NF,open,-1,0.0,0.002074,0,0
data/urban_sar_floods_preprocessed/01_NF/SAR/20220705_Sydney_ID_10_20_SAR.npy,Sydney,01_NF,open,-1,0.0,0.001933,0,0
data/urban_sar_floods_preprocessed/01_NF/SAR/20220705_Sydney_ID_10_21_SAR.npy,Sydney,01_NF,open,-1,0.0,0.001876,0,0
data/urban_sar_floods_preprocessed/01_NF/SAR/20220705_Sydney_ID_10_32_SAR.npy,Sydney,01_NF,open,-1,0.0,0.001335,0,0
data/urban_sar_floods_preprocessed/01_NF/SAR/20220705_Sydney_ID_10_33_SAR.npy,Sydney,01_NF,open,-1,0.0,0.002307,0,0
data/urban_sar_floods_preprocessed/01_NF/SAR/20220705_Sydney_ID_10_34_SAR.npy,Sydney,01_NF,open,-1,0.0,0.001808,0,0
data/urban_sar_floods_preprocessed/01_NF/SAR/20220705_Sydney_ID_10_35_SAR.npy,Sydney,01_NF,open,-1,0.0,0.002197,0,0
data/urban_sar_floods_preprocessed/01_NF/SAR/20220705_Sydney_ID_10_36_SAR.npy,Sydney,01_NF,open,-1,0.0,0.000775,0,0
data/urban_sar_floods_preprocessed/01_NF/SAR/20220705_Sydney_ID_10_3_SAR.npy,Sydney,01_NF,open,-1,0.0,0.001107,0,0
data/urban_sar_floods_preprocessed/01_NF/SAR/20220705_Sydney_ID_10_4_SAR.npy,Sydney,01_NF,open,-1,0.0,0.001071,0,0
data/urban_sar_floods_preprocessed/01_NF/SAR/20220705_Sydney_ID_10_5_SAR.npy,Sydney,01_NF,open,-1,0.0,0.001882,0,0
data/urban_sar_floods_preprocessed/01_NF/SAR/20220705_Sydney_ID_10_7_SAR.npy,Sydney,01_NF,open,-1,0.0,0.001489,0,0
data/urban_sar_floods_preprocessed/01_NF/SAR/20220705_Sydney_ID_10_8_SAR.npy,Sydney,01_NF,open,-1,0.0,0.001095,0,0
data/urban_sar_floods_preprocessed/01_NF/SAR/20220705_Sydney_ID_10_9_SAR.npy,Sydney,01_NF,open,-1,0.0,0.001207,0,0
data/urban_sar_floods_preprocessed/01_NF/SAR/20220705_Sydney_ID_11_10_SAR.npy,Sydney,01_NF,open,-1,0.0,0.00112,0,0
data/urban_sar_floods_preprocessed/01_NF/SAR/20220705_Sydney_ID_11_11_SAR.npy,Sydney,01_NF,open,-1,0.0,0.00157,0,0
data/urban_sar_floods_preprocessed/01_NF/SAR/20220705_Sydney_ID_11_12_SAR.npy,Sydney,01_NF,open,-1,0.0,0.001887,0,0
data/urban_sar_floods_preprocessed/01_NF/SAR/20220705_Sydney_ID_11_13_SAR.npy,Sydney,01_NF,open,-1,0.0,0.002112,0,0
data/urban_sar_floods_preprocessed/01_NF/SAR/20220705_Sydney_ID_11_14_SAR.npy,Sydney,01_NF,open,-1,0.0,0.002559,0,0
data/urban_sar_floods_preprocessed/01_NF/SAR/20220705_Sydney_ID_11_15_SAR.npy,Sydney,01_NF,open,-1,0.0,0.00241,0,0
data/urban_sar_floods_preprocessed/01_NF/SAR/20220705_Sydney_ID_11_16_SAR.npy,Sydney,01_NF,open,-1,0.0,0.002757,0,0
data/urban_sar_floods_preprocessed/01_NF/SAR/20220705_Sydney_ID_11_17_SAR.npy,Sydney,01_NF,open,-1,0.0,0.002896,0,0
data/urban_sar_floods_preprocessed/01_NF/SAR/20220705_Sydney_ID_11_18_SAR.npy,Sydney,01_NF,open,-1,0.0,0.002522,0,0
data/urban_sar_floods_preprocessed/01_NF/SAR/20220705_Sydney_ID_11_19_SAR.npy,Sydney,01_NF,open,-1,0.0,0.002075,0,0
data/urban_sar_floods_preprocessed/01_NF/SAR/20220705_Sydney_ID_11_20_SAR.npy,Sydney,01_NF,open,-1,0.0,0.001876,0,0
data/urban_sar_floods_preprocessed/01_NF/SAR/20220705_Sydney_ID_11_21_SAR.npy,Sydney,01_NF,open,-1,0.0,0.001503,0,0
data/urban_sar_floods_preprocessed/01_NF/SAR/20220705_Sydney_ID_11_24_SAR.npy,Sydney,01_NF,open,-1,0.0,0.001498,0,0
data/urban_sar_floods_preprocessed/01_NF/SAR/20220705_Sydney_ID_11_3_SAR.npy,Sydney,01_NF,open,-1,0.0,0.001662,0,0
data/urban_sar_floods_preprocessed/01_NF/SAR/20220705_Sydney_ID_11_4_SAR.npy,Sydney,01_NF,open,-1,0.0,0.001263,0,0
data/urban_sar_floods_preprocessed/01_NF/SAR/20220705_Sydney_ID_11_5_SAR.npy,Sydney,01_NF,open,-1,0.0,0.00146,0,0
data/urban_sar_floods_preprocessed/01_NF/SAR/20220705_Sydney_ID_11_6_SAR.npy,Sydney,01_NF,open,-1,0.0,0.001586,0,0
data/urban_sar_floods_preprocessed/01_NF/SAR/20220705_Sydney_ID_11_7_SAR.npy,Sydney,01_NF,open,-1,0.0,0.001293,0,0
data/urban_sar_floods_preprocessed/01_NF/SAR/20220705_Sydney_ID_11_8_SAR.npy,Sydney,01_NF,open,-1,0.0,0.001599,0,0
data/urban_sar_floods_preprocessed/01_NF/SAR/20220705_Sydney_ID_11_9_SAR.npy,Sydney,01_NF,open,-1,0.0,0.000861,0,0
data/urban_sar_floods_preprocessed/01_NF/SAR/20220705_Sydney_ID_12_10_SAR.npy,Sydney,01_NF,open,-1,0.0,0.000935,0,0
data/urban_sar_floods_preprocessed/01_NF/SAR/20220705_Sydney_ID_12_11_SAR.npy,Sydney,01_NF,open,-1,0.0,0.000912,0,0
data/urban_sar_floods_preprocessed/01_NF/SAR/20220705_Sydney_ID_12_13_SAR.npy,Sydney,01_NF,open,-1,0.0,0.001501,0,0
data/urban_sar_floods_preprocessed/01_NF/SAR/20220705_Sydney_ID_12_14_SAR.npy,Sydney,01_NF,open,-1,0.0,0.002206,0,0
data/urban_sar_floods_preprocessed/01_NF/SAR/20220705_Sydney_ID_12_15_SAR.npy,Sydney,01_NF,open,-1,0.0,0.002381,0,0
data/urban_sar_floods_preprocessed/01_NF/SAR/20220705_Sydney_ID_12_16_SAR.npy,Sydney,01_NF,open,-1,0.0,0.002622,0,0
data/urban_sar_floods_preprocessed/01_NF/SAR/20220705_Sydney_ID_12_17_SAR.npy,Sydney,01_NF,open,-1,0.0,0.002503,0,0
data/urban_sar_floods_preprocessed/01_NF/SAR/20220705_Sydney_ID_12_18_SAR.npy,Sydney,01_NF,open,-1,0.0,0.002207,0,0
data/urban_sar_floods_preprocessed/01_NF/SAR/20220705_Sydney_ID_12_19_SAR.npy,Sydney,01_NF,open,-1,0.0,0.001875,0,0
data/urban_sar_floods_preprocessed/01_NF/SAR/20220705_Sydney_ID_12_20_SAR.npy,Sydney,01_NF,open,-1,0.0,0.001719,0,0
data/urban_sar_floods_preprocessed/01_NF/SAR/20220705_Sydney_ID_12_21_SAR.npy,Sydney,01_NF,open,-1,0.0,0.001699,0,0
data/urban_sar_floods_preprocessed/01_NF/SAR/20220705_Sydney_ID_12_24_SAR.npy,Sydney,01_NF,open,-1,0.0,0.002219,0,0
data/urban_sar_floods_preprocessed/01_NF/SAR/20220705_Sydney_ID_12_25_SAR.npy,Sydney,01_NF,open,-1,0.0,0.001394,0,0
data/urban_sar_floods_preprocessed/01_NF/SAR/20220705_Sydney_ID_12_2_SAR.npy,Sydney,01_NF,open,-1,0.0,0.000462,0,0
data/urban_sar_floods_preprocessed/01_NF/SAR/20220705_Sydney_ID_12_35_SAR.npy,Sydney,01_NF,open,-1,0.0,0.000507,0,0
data/urban_sar_floods_preprocessed/01_NF/SAR/20220705_Sydney_ID_12_3_SAR.npy,Sydney,01_NF,open,-1,0.0,0.001441,0,0
data/urban_sar_floods_preprocessed/01_NF/SAR/20220705_Sydney_ID_12_4_SAR.npy,Sydney,01_NF,open,-1,0.0,0.001533,0,0
data/urban_sar_floods_preprocessed/01_NF/SAR/20220705_Sydney_ID_12_5_SAR.npy,Sydney,01_NF,open,-1,0.0,0.001179,0,0
data/urban_sar_floods_preprocessed/01_NF/SAR/20220705_Sydney_ID_12_6_SAR.npy,Sydney,01_NF,open,-1,0.0,0.001387,0,0
data/urban_sar_floods_preprocessed/01_NF/SAR/20220705_Sydney_ID_12_7_SAR.npy,Sydney,01_NF,open,-1,0.0,0.001176,0,0
data/urban_sar_floods_preprocessed/01_NF/SAR/20220705_Sydney_ID_13_10_SAR.npy,Sydney,01_NF,open,-1,0.0,0.001546,0,0
data/urban_sar_floods_preprocessed/01_NF/SAR/20220705_Sydney_ID_13_11_SAR.npy,Sydney,01_NF,open,-1,0.0,0.001302,0,0
data/urban_sar_floods_preprocessed/01_NF/SAR/20220705_Sydney_ID_13_12_SAR.npy,Sydney,01_NF,open,-1,0.0,0.001635,0,0
data/urban_sar_floods_preprocessed/01_NF/SAR/20220705_Sydney_ID_13_13_SAR.npy,Sydney,01_NF,open,-1,0.0,0.001689,0,0
data/urban_sar_floods_preprocessed/01_NF/SAR/20220705_Sydney_ID_13_14_SAR.npy,Sydney,01_NF,open,-1,0.0,0.001784,0,0
data/urban_sar_floods_preprocessed/01_NF/SAR/20220705_Sydney_ID_13_15_SAR.npy,Sydney,01_NF,open,-1,0.0,0.002147,0,0
data/urban_sar_floods_preprocessed/01_NF/SAR/20220705_Sydney_ID_13_16_SAR.npy,Sydney,01_NF,open,-1,0.0,0.002704,0,0
data/urban_sar_floods_preprocessed/01_NF/SAR/20220705_Sydney_ID_13_19_SAR.npy,Sydney,01_NF,open,-1,0.0,0.001682,0,0
data/urban_sar_floods_preprocessed/01_NF/SAR/20220705_Sydney_ID_13_20_SAR.npy,Sydney,01_NF,open,-1,0.0,0.002303,0,0
data/urban_sar_floods_preprocessed/01_NF/SAR/20220705_Sydney_ID_13_21_SAR.npy,Sydney,01_NF,open,-1,0.0,0.002071,0,0
data/urban_sar_floods_preprocessed/01_NF/SAR/20220705_Sydney_ID_13_27_SAR.npy,Sydney,01_NF,open,-1,0.0,0.001553,0,0
data/urban_sar_floods_preprocessed/01_NF/SAR/20220705_Sydney_ID_13_28_SAR.npy,Sydney,01_NF,open,-1,0.0,0.001783,0,0
data/urban_sar_floods_preprocessed/01_NF/SAR/20220705_Sydney_ID_13_2_SAR.npy,Sydney,01_NF,open,-1,0.0,0.001084,0,0
data/urban_sar_floods_preprocessed/01_NF/SAR/20220705_Sydney_ID_13_3_SAR.npy,Sydney,01_NF,open,-1,0.0,0.001323,0,0
data/urban_sar_floods_preprocessed/01_NF/SAR/20220705_Sydney_ID_13_4_SAR.npy,Sydney,01_NF,open,-1,0.0,0.000994,0,0
data/urban_sar_floods_preprocessed/01_NF/SAR/20220705_Sydney_ID_13_5_SAR.npy,Sydney,01_NF,open,-1,0.0,0.000908,0,0
data/urban_sar_floods_preprocessed/01_NF/SAR/20220705_Sydney_ID_13_6_SAR.npy,Sydney,01_NF,open,-1,0.0,0.000856,0,0
data/urban_sar_floods_preprocessed/01_NF/SAR/20220705_Sydney_ID_13_7_SAR.npy,Sydney,01_NF,open,-1,0.0,0.001088,0,0
data/urban_sar_floods_preprocessed/01_NF/SAR/20220705_Sydney_ID_13_8_SAR.npy,Sydney,01_NF,open,-1,0.0,0.000731,0,0
data/urban_sar_floods_preprocessed/01_NF/SAR/20220705_Sydney_ID_13_9_SAR.npy,Sydney,01_NF,open,-1,0.0,0.001253,0,0
data/urban_sar_floods_preprocessed/01_NF/SAR/20220705_Sydney_ID_14_10_SAR.npy,Sydney,01_NF,open,-1,0.0,0.001914,0,0
data/urban_sar_floods_preprocessed/01_NF/SAR/20220705_Sydney_ID_14_11_SAR.npy,Sydney,01_NF,open,-1,0.0,0.001114,0,0
data/urban_sar_floods_preprocessed/01_NF/SAR/20220705_Sydney_ID_14_12_SAR.npy,Sydney,01_NF,open,-1,0.0,0.001307,0,0
data/urban_sar_floods_preprocessed/01_NF/SAR/20220705_Sydney_ID_14_13_SAR.npy,Sydney,01_NF,open,-1,0.0,0.001513,0,0
data/urban_sar_floods_preprocessed/01_NF/SAR/20220705_Sydney_ID_14_14_SAR.npy,Sydney,01_NF,open,-1,0.0,0.001663,0,0
data/urban_sar_floods_preprocessed/01_NF/SAR/20220705_Sydney_ID_14_15_SAR.npy,Sydney,01_NF,open,-1,0.0,0.002174,0,0
data/urban_sar_floods_preprocessed/01_NF/SAR/20220705_Sydney_ID_14_16_SAR.npy,Sydney,01_NF,open,-1,0.0,0.002475,0,0
data/urban_sar_floods_preprocessed/01_NF/SAR/20220705_Sydney_ID_14_19_SAR.npy,Sydney,01_NF,open,-1,0.0,0.002173,0,0
data/urban_sar_floods_preprocessed/01_NF/SAR/20220705_Sydney_ID_14_20_SAR.npy,Sydney,01_NF,open,-1,0.0,0.002565,0,0
data/urban_sar_floods_preprocessed/01_NF/SAR/20220705_Sydney_ID_14_21_SAR.npy,Sydney,01_NF,open,-1,0.0,0.002303,0,0
data/urban_sar_floods_preprocessed/01_NF/SAR/20220705_Sydney_ID_14_22_SAR.npy,Sydney,01_NF,open,-1,0.0,0.002082,0,0
data/urban_sar_floods_preprocessed/01_NF/SAR/20220705_Sydney_ID_14_27_SAR.npy,Sydney,01_NF,open,-1,0.0,0.00177,0,0
data/urban_sar_floods_preprocessed/01_NF/SAR/20220705_Sydney_ID_14_29_SAR.npy,Sydney,01_NF,open,-1,0.0,0.004589,0,0
data/urban_sar_floods_preprocessed/01_NF/SAR/20220705_Sydney_ID_14_2_SAR.npy,Sydney,01_NF,open,-1,0.0,0.001374,0,0
data/urban_sar_floods_preprocessed/01_NF/SAR/20220705_Sydney_ID_14_30_SAR.npy,Sydney,01_NF,open,-1,0.0,0.002266,0,0
data/urban_sar_floods_preprocessed/01_NF/SAR/20220705_Sydney_ID_14_31_SAR.npy,Sydney,01_NF,open,-1,0.0,0.000218,0,0
data/urban_sar_floods_preprocessed/01_NF/SAR/20220705_Sydney_ID_14_3_SAR.npy,Sydney,01_NF,open,-1,0.0,0.001391,0,0
data/urban_sar_floods_preprocessed/01_NF/SAR/20220705_Sydney_ID_14_4_SAR.npy,Sydney,01_NF,open,-1,0.0,0.000905,0,0
data/urban_sar_floods_preprocessed/01_NF/SAR/20220705_Sydney_ID_14_5_SAR.npy,Sydney,01_NF,open,-1,0.0,0.000946,0,0
data/urban_sar_floods_preprocessed/01_NF/SAR/20220705_Sydney_ID_14_6_SAR.npy,Sydney,01_NF,open,-1,0.0,0.000975,0,0
data/urban_sar_floods_preprocessed/01_NF/SAR/20220705_Sydney_ID_14_7_SAR.npy,Sydney,01_NF,open,-1,0.0,0.001567,0,0
data/urban_sar_floods_preprocessed/01_NF/SAR/20220705_Sydney_ID_14_8_SAR.npy,Sydney,01_NF,open,-1,0.0,0.001126,0,0
data/urban_sar_floods_preprocessed/01_NF/SAR/20220705_Sydney_ID_14_9_SAR.npy,Sydney,01_NF,open,-1,0.0,0.001645,0,0
data/urban_sar_floods_preprocessed/01_NF/SAR/20220705_Sydney_ID_15_10_SAR.npy,Sydney,01_NF,open,-1,0.0,0.002036,0,0
data/urban_sar_floods_preprocessed/01_NF/SAR/20220705_Sydney_ID_15_11_SAR.npy,Sydney,01_NF,open,-1,0.0,0.001597,0,0
data/urban_sar_floods_preprocessed/01_NF/SAR/20220705_Sydney_ID_15_12_SAR.npy,Sydney,01_NF,open,-1,0.0,0.000666,0,0
data/urban_sar_floods_preprocessed/01_NF/SAR/20220705_Sydney_ID_15_14_SAR.npy,Sydney,01_NF,open,-1,0.0,0.001962,0,0
data/urban_sar_floods_preprocessed/01_NF/SAR/20220705_Sydney_ID_15_15_SAR.npy,Sydney,01_NF,open,-1,0.0,0.001969,0,0
data/urban_sar_floods_preprocessed/01_NF/SAR/20220705_Sydney_ID_15_16_SAR.npy,Sydney,01_NF,open,-1,0.0,0.002224,0,0
data/urban_sar_floods_preprocessed/01_NF/SAR/20220705_Sydney_ID_15_18_SAR.npy,Sydney,01_NF,open,-1,0.0,0.001576,0,0
data/urban_sar_floods_preprocessed/01_NF/SAR/20220705_Sydney_ID_15_19_SAR.npy,Sydney,01_NF,open,-1,0.0,0.001993,0,0
data/urban_sar_floods_preprocessed/01_NF/SAR/20220705_Sydney_ID_15_1_SAR.npy,Sydney,01_NF,open,-1,0.0,0.000685,0,0
data/urban_sar_floods_preprocessed/01_NF/SAR/20220705_Sydney_ID_15_20_SAR.npy,Sydney,01_NF,open,-1,0.0,0.002396,0,0
data/urban_sar_floods_preprocessed/01_NF/SAR/20220705_Sydney_ID_15_21_SAR.npy,Sydney,01_NF,open,-1,0.0,0.002271,0,0
data/urban_sar_floods_preprocessed/01_NF/SAR/20220705_Sydney_ID_15_22_SAR.npy,Sydney,01_NF,open,-1,0.0,0.002125,0,0
data/urban_sar_floods_preprocessed/01_NF/SAR/20220705_Sydney_ID_15_25_SAR.npy,Sydney,01_NF,open,-1,0.0,0.00221,0,0
data/urban_sar_floods_preprocessed/01_NF/SAR/20220705_Sydney_ID_15_26_SAR.npy,Sydney,01_NF,open,-1,0.0,0.001968,0,0
data/urban_sar_floods_preprocessed/01_NF/SAR/20220705_Sydney_ID_15_29_SAR.npy,Sydney,01_NF,open,-1,0.0,0.004364,0,0
data/urban_sar_floods_preprocessed/01_NF/SAR/20220705_Sydney_ID_15_2_SAR.npy,Sydney,01_NF,open,-1,0.0,0.001072,0,0
data/urban_sar_floods_preprocessed/01_NF/SAR/20220705_Sydney_ID_15_30_SAR.npy,Sydney,01_NF,open,-1,0.0,0.000422,0,0
data/urban_sar_floods_preprocessed/01_NF/SAR/20220705_Sydney_ID_15_3_SAR.npy,Sydney,01_NF,open,-1,0.0,0.001465,0,0
data/urban_sar_floods_preprocessed/01_NF/SAR/20220705_Sydney_ID_15_5_SAR.npy,Sydney,01_NF,open,-1,0.0,0.001182,0,0
data/urban_sar_floods_preprocessed/01_NF/SAR/20220705_Sydney_ID_15_6_SAR.npy,Sydney,01_NF,open,-1,0.0,0.001306,0,0
data/urban_sar_floods_preprocessed/01_NF/SAR/20220705_Sydney_ID_15_7_SAR.npy,Sydney,01_NF,open,-1,0.0,0.000974,0,0
data/urban_sar_floods_preprocessed/01_NF/SAR/20220705_Sydney_ID_15_8_SAR.npy,Sydney,01_NF,open,-1,0.0,0.001149,0,0
data/urban_sar_floods_preprocessed/01_NF/SAR/20220705_Sydney_ID_15_9_SAR.npy,Sydney,01_NF,open,-1,0.0,0.001151,0,0
data/urban_sar_floods_preprocessed/01_NF/SAR/20220705_Sydney_ID_16_10_SAR.npy,Sydney,01_NF,open,-1,0.0,0.001661,0,0
data/urban_sar_floods_preprocessed/01_NF/SAR/20220705_Sydney_ID_16_11_SAR.npy,Sydney,01_NF,open,-1,0.0,0.001529,0,0
data/urban_sar_floods_preprocessed/01_NF/SAR/20220705_Sydney_ID_16_12_SAR.npy,Sydney,01_NF,open,-1,0.0,0.001441,0,0
data/urban_sar_floods_preprocessed/01_NF/SAR/20220705_Sydney_ID_16_14_SAR.npy,Sydney,01_NF,open,-1,0.0,0.002167,0,0
data/urban_sar_floods_preprocessed/01_NF/SAR/20220705_Sydney_ID_16_15_SAR.npy,Sydney,01_NF,open,-1,0.0,0.002236,0,0
data/urban_sar_floods_preprocessed/01_NF/SAR/20220705_Sydney_ID_16_16_SAR.npy,Sydney,01_NF,open,-1,0.0,0.002184,0,0
data/urban_sar_floods_preprocessed/01_NF/SAR/20220705_Sydney_ID_16_17_SAR.npy,Sydney,01_NF,open,-1,0.0,0.002306,0,0
data/urban_sar_floods_preprocessed/01_NF/SAR/20220705_Sydney_ID_16_19_SAR.npy,Sydney,01_NF,open,-1,0.0,0.00214,0,0
data/urban_sar_floods_preprocessed/01_NF/SAR/20220705_Sydney_ID_16_1_SAR.npy,Sydney,01_NF,open,-1,0.0,0.001132,0,0
data/urban_sar_floods_preprocessed/01_NF/SAR/20220705_Sydney_ID_16_22_SAR.npy,Sydney,01_NF,open,-1,0.0,0.001944,0,0
data/urban_sar_floods_preprocessed/01_NF/SAR/20220705_Sydney_ID_16_24_SAR.npy,Sydney,01_NF,open,-1,0.0,0.001753,0,0
data/urban_sar_floods_preprocessed/01_NF/SAR/20220705_Sydney_ID_16_29_SAR.npy,Sydney,01_NF,open,-1,0.0,0.002381,0,0
data/urban_sar_floods_preprocessed/01_NF/SAR/20220705_Sydney_ID_16_2_SAR.npy,Sydney,01_NF,open,-1,0.0,0.001499,0,0
data/urban_sar_floods_preprocessed/01_NF/SAR/20220705_Sydney_ID_16_3_SAR.npy,Sydney,01_NF,open,-1,0.0,0.001084,0,0
data/urban_sar_floods_preprocessed/01_NF/SAR/20220705_Sydney_ID_16_4_SAR.npy,Sydney,01_NF,open,-1,0.0,0.0009,0,0
data/urban_sar_floods_preprocessed/01_NF/SAR/20220705_Sydney_ID_16_5_SAR.npy,Sydney,01_NF,open,-1,0.0,0.00116,0,0
data/urban_sar_floods_preprocessed/01_NF/SAR/20220705_Sydney_ID_16_6_SAR.npy,Sydney,01_NF,open,-1,0.0,0.001441,0,0
data/urban_sar_floods_preprocessed/01_NF/SAR/20220705_Sydney_ID_16_7_SAR.npy,Sydney,01_NF,open,-1,0.0,0.001249,0,0
data/urban_sar_floods_preprocessed/01_NF/SAR/20220705_Sydney_ID_16_8_SAR.npy,Sydney,01_NF,open,-1,0.0,0.001644,0,0
data/urban_sar_floods_preprocessed/01_NF/SAR/20220705_Sydney_ID_16_9_SAR.npy,Sydney,01_NF,open,-1,0.0,0.001918,0,0
data/urban_sar_floods_preprocessed/01_NF/SAR/20220705_Sydney_ID_17_10_SAR.npy,Sydney,01_NF,open,-1,0.0,0.001357,0,0
data/urban_sar_floods_preprocessed/01_NF/SAR/20220705_Sydney_ID_17_12_SAR.npy,Sydney,01_NF,open,-1,0.0,0.001661,0,0
data/urban_sar_floods_preprocessed/01_NF/SAR/20220705_Sydney_ID_17_13_SAR.npy,Sydney,01_NF,open,-1,0.0,0.001726,0,0
data/urban_sar_floods_preprocessed/01_NF/SAR/20220705_Sydney_ID_17_14_SAR.npy,Sydney,01_NF,open,-1,0.0,0.002207,0,0
data/urban_sar_floods_preprocessed/01_NF/SAR/20220705_Sydney_ID_17_15_SAR.npy,Sydney,01_NF,open,-1,0.0,0.002015,0,0
data/urban_sar_floods_preprocessed/01_NF/SAR/20220705_Sydney_ID_17_16_SAR.npy,Sydney,01_NF,open,-1,0.0,0.002422,0,0
data/urban_sar_floods_preprocessed/01_NF/SAR/20220705_Sydney_ID_17_17_SAR.npy,Sydney,01_NF,open,-1,0.0,0.002419,0,0
data/urban_sar_floods_preprocessed/01_NF/SAR/20220705_Sydney_ID_17_19_SAR.npy,Sydney,01_NF,open,-1,0.0,0.001605,0,0
data/urban_sar_floods_preprocessed/01_NF/SAR/20220705_Sydney_ID_17_1_SAR.npy,Sydney,01_NF,open,-1,0.0,0.001242,0,0
data/urban_sar_floods_preprocessed/01_NF/SAR/20220705_Sydney_ID_17_20_SAR.npy,Sydney,01_NF,open,-1,0.0,0.001811,0,0
data/urban_sar_floods_preprocessed/01_NF/SAR/20220705_Sydney_ID_17_24_SAR.npy,Sydney,01_NF,open,-1,0.0,0.001613,0,0
data/urban_sar_floods_preprocessed/01_NF/SAR/20220705_Sydney_ID_17_29_SAR.npy,Sydney,01_NF,open,-1,0.0,0.000305,0,0
data/urban_sar_floods_preprocessed/01_NF/SAR/20220705_Sydney_ID_17_2_SAR.npy,Sydney,01_NF,open,-1,0.0,0.001547,0,0
data/urban_sar_floods_preprocessed/01_NF/SAR/20220705_Sydney_ID_17_3_SAR.npy,Sydney,01_NF,open,-1,0.0,0.000861,0,0
data/urban_sar_floods_preprocessed/01_NF/SAR/20220705_Sydney_ID_17_4_SAR.npy,Sydney,01_NF,open,-1,0.0,0.000886,0,0
data/urban_sar_floods_preprocessed/01_NF/SAR/20220705_Sydney_ID_17_5_SAR.npy,Sydney,01_NF,open,-1,0.0,0.000868,0,0
data/urban_sar_floods_preprocessed/01_NF/SAR/20220705_Sydney_ID_17_6_SAR.npy,Sydney,01_NF,open,-1,0.0,0.001003,0,0
data/urban_sar_floods_preprocessed/01_NF/SAR/20220705_Sydney_ID_17_7_SAR.npy,Sydney,01_NF,open,-1,0.0,0.001378,0,0
data/urban_sar_floods_preprocessed/01_NF/SAR/20220705_Sydney_ID_17_8_SAR.npy,Sydney,01_NF,open,-1,0.0,0.002388,0,0
data/urban_sar_floods_preprocessed/01_NF/SAR/20220705_Sydney_ID_17_9_SAR.npy,Sydney,01_NF,open,-1,0.0,0.002002,0,0
data/urban_sar_floods_preprocessed/01_NF/SAR/20220705_Sydney_ID_18_10_SAR.npy,Sydney,01_NF,open,-1,0.0,0.001246,0,0
data/urban_sar_floods_preprocessed/01_NF/SAR/20220705_Sydney_ID_18_12_SAR.npy,Sydney,01_NF,open,-1,0.0,0.001593,0,0
data/urban_sar_floods_preprocessed/01_NF/SAR/20220705_Sydney_ID_18_13_SAR.npy,Sydney,01_NF,open,-1,0.0,0.001381,0,0
data/urban_sar_floods_preprocessed/01_NF/SAR/20220705_Sydney_ID_18_14_SAR.npy,Sydney,01_NF,open,-1,0.0,0.00152,0,0
data/urban_sar_floods_preprocessed/01_NF/SAR/20220705_Sydney_ID_18_15_SAR.npy,Sydney,01_NF,open,-1,0.0,0.001694,0,0
data/urban_sar_floods_preprocessed/01_NF/SAR/20220705_Sydney_ID_18_16_SAR.npy,Sydney,01_NF,open,-1,0.0,0.002089,0,0
data/urban_sar_floods_preprocessed/01_NF/SAR/20220705_Sydney_ID_18_17_SAR.npy,Sydney,01_NF,open,-1,0.0,0.002544,0,0
data/urban_sar_floods_preprocessed/01_NF/SAR/20220705_Sydney_ID_18_18_SAR.npy,Sydney,01_NF,open,-1,0.0,0.002273,0,0
data/urban_sar_floods_preprocessed/01_NF/SAR/20220705_Sydney_ID_18_19_SAR.npy,Sydney,01_NF,open,-1,0.0,0.001341,0,0
data/urban_sar_floods_preprocessed/01_NF/SAR/20220705_Sydney_ID_18_24_SAR.npy,Sydney,01_NF,open,-1,0.0,0.00141,0,0
data/urban_sar_floods_preprocessed/01_NF/SAR/20220705_Sydney_ID_18_25_SAR.npy,Sydney,01_NF,open,-1,0.0,0.001517,0,0
data/urban_sar_floods_preprocessed/01_NF/SAR/20220705_Sydney_ID_18_28_SAR.npy,Sydney,01_NF,open,-1,0.0,0.001537,0,0
data/urban_sar_floods_preprocessed/01_NF/SAR/20220705_Sydney_ID_18_2_SAR.npy,Sydney,01_NF,open,-1,0.0,0.000225,0,0
data/urban_sar_floods_preprocessed/01_NF/SAR/20220705_Sydney_ID_18_3_SAR.npy,Sydney,01_NF,open,-1,0.0,0.000773,0,0
data/urban_sar_floods_preprocessed/01_NF/SAR/20220705_Sydney_ID_18_4_SAR.npy,Sydney,01_NF,open,-1,0.0,0.00106,0,0
data/urban_sar_floods_preprocessed/01_NF/SAR/20220705_Sydney_ID_18_5_SAR.npy,Sydney,01_NF,open,-1,0.0,0.001143,0,0
data/urban_sar_floods_preprocessed/01_NF/SAR/20220705_Sydney_ID_18_6_SAR.npy,Sydney,01_NF,open,-1,0.0,0.001023,0,0
data/urban_sar_floods_preprocessed/01_NF/SAR/20220705_Sydney_ID_18_7_SAR.npy,Sydney,01_NF,open,-1,0.0,0.001499,0,0
data/urban_sar_floods_preprocessed/01_NF/SAR/20220705_Sydney_ID_18_8_SAR.npy,Sydney,01_NF,open,-1,0.0,0.002614,0,0
data/urban_sar_floods_preprocessed/01_NF/SAR/20220705_Sydney_ID_18_9_SAR.npy,Sydney,01_NF,open,-1,0.0,0.001994,0,0
data/urban_sar_floods_preprocessed/01_NF/SAR/20220705_Sydney_ID_19_12_SAR.npy,Sydney,01_NF,open,-1,0.0,0.001443,0,0
data/urban_sar_floods_preprocessed/01_NF/SAR/20220705_Sydney_ID_19_13_SAR.npy,Sydney,01_NF,open,-1,0.0,0.00108,0,0
data/urban_sar_floods_preprocessed/01_NF/SAR/20220705_Sydney_ID_19_14_SAR.npy,Sydney,01_NF,open,-1,0.0,0.001178,0,0
data/urban_sar_floods_preprocessed/01_NF/SAR/20220705_Sydney_ID_19_15_SAR.npy,Sydney,01_NF,open,-1,0.0,0.001692,0,0
data/urban_sar_floods_preprocessed/01_NF/SAR/20220705_Sydney_ID_19_16_SAR.npy,Sydney,01_NF,open,-1,0.0,0.002186,0,0
data/urban_sar_floods_preprocessed/01_NF/SAR/20220705_Sydney_ID_19_17_SAR.npy,Sydney,01_NF,open,-1,0.0,0.002342,0,0
data/urban_sar_floods_preprocessed/01_NF/SAR/20220705_Sydney_ID_19_25_SAR.npy,Sydney,01_NF,open,-1,0.0,0.001373,0,0
data/urban_sar_floods_preprocessed/01_NF/SAR/20220705_Sydney_ID_19_26_SAR.npy,Sydney,01_NF,open,-1,0.0,0.003409,0,0
data/urban_sar_floods_preprocessed/01_NF/SAR/20220705_Sydney_ID_19_27_SAR.npy,Sydney,01_NF,open,-1,0.0,0.002998,0,0
data/urban_sar_floods_preprocessed/01_NF/SAR/20220705_Sydney_ID_19_28_SAR.npy,Sydney,01_NF,open,-1,0.0,0.0,0,0
data/urban_sar_floods_preprocessed/01_NF/SAR/20220705_Sydney_ID_19_6_SAR.npy,Sydney,01_NF,open,-1,0.0,0.000293,0,0
data/urban_sar_floods_preprocessed/01_NF/SAR/20220705_Sydney_ID_19_7_SAR.npy,Sydney,01_NF,open,-1,0.0,0.000813,0,0
data/urban_sar_floods_preprocessed/01_NF/SAR/20220705_Sydney_ID_19_8_SAR.npy,Sydney,01_NF,open,-1,0.0,0.001713,0,0
data/urban_sar_floods_preprocessed/01_NF/SAR/20220705_Sydney_ID_19_9_SAR.npy,Sydney,01_NF,open,-1,0.0,0.001889,0,0
data/urban_sar_floods_preprocessed/01_NF/SAR/20220705_Sydney_ID_1_10_SAR.npy,Sydney,01_NF,open,-1,0.0,0.001635,0,0
data/urban_sar_floods_preprocessed/01_NF/SAR/20220705_Sydney_ID_1_11_SAR.npy,Sydney,01_NF,open,-1,0.0,0.001215,0,0
data/urban_sar_floods_preprocessed/01_NF/SAR/20220705_Sydney_ID_1_12_SAR.npy,Sydney,01_NF,open,-1,0.0,0.000814,0,0
data/urban_sar_floods_preprocessed/01_NF/SAR/20220705_Sydney_ID_1_13_SAR.npy,Sydney,01_NF,open,-1,0.0,0.000617,0,0
data/urban_sar_floods_preprocessed/01_NF/SAR/20220705_Sydney_ID_1_14_SAR.npy,Sydney,01_NF,open,-1,0.0,2.4e-05,0,0
data/urban_sar_floods_preprocessed/01_NF/SAR/20220705_Sydney_ID_1_6_SAR.npy,Sydney,01_NF,open,-1,0.0,0.000761,0,0
data/urban_sar_floods_preprocessed/01_NF/SAR/20220705_Sydney_ID_1_7_SAR.npy,Sydney,01_NF,open,-1,0.0,0.001331,0,0
data/urban_sar_floods_preprocessed/01_NF/SAR/20220705_Sydney_ID_1_8_SAR.npy,Sydney,01_NF,open,-1,0.0,0.00119,0,0
data/urban_sar_floods_preprocessed/01_NF/SAR/20220705_Sydney_ID_1_9_SAR.npy,Sydney,01_NF,open,-1,0.0,0.001182,0,0
data/urban_sar_floods_preprocessed/01_NF/SAR/20220705_Sydney_ID_20_10_SAR.npy,Sydney,01_NF,open,-1,0.0,0.001501,0,0
data/urban_sar_floods_preprocessed/01_NF/SAR/20220705_Sydney_ID_20_12_SAR.npy,Sydney,01_NF,open,-1,0.0,0.001854,0,0
data/urban_sar_floods_preprocessed/01_NF/SAR/20220705_Sydney_ID_20_14_SAR.npy,Sydney,01_NF,open,-1,0.0,0.001512,0,0
data/urban_sar_floods_preprocessed/01_NF/SAR/20220705_Sydney_ID_20_15_SAR.npy,Sydney,01_NF,open,-1,0.0,0.001952,0,0
data/urban_sar_floods_preprocessed/01_NF/SAR/20220705_Sydney_ID_20_16_SAR.npy,Sydney,01_NF,open,-1,0.0,0.001668,0,0
data/urban_sar_floods_preprocessed/01_NF/SAR/20220705_Sydney_ID_20_17_SAR.npy,Sydney,01_NF,open,-1,0.0,0.002097,0,0
data/urban_sar_floods_preprocessed/01_NF/SAR/20220705_Sydney_ID_20_18_SAR.npy,Sydney,01_NF,open,-1,0.0,0.002091,0,0
data/urban_sar_floods_preprocessed/01_NF/SAR/20220705_Sydney_ID_20_25_SAR.npy,Sydney,01_NF,open,-1,0.0,0.002513,0,0
data/urban_sar_floods_preprocessed/01_NF/SAR/20220705_Sydney_ID_20_26_SAR.npy,Sydney,01_NF,open,-1,0.0,0.005568,0,0
data/urban_sar_floods_preprocessed/01_NF/SAR/20220705_Sydney_ID_20_27_SAR.npy,Sydney,01_NF,open,-1,0.0,0.001657,0,0
data/urban_sar_floods_preprocessed/01_NF/SAR/20220705_Sydney_ID_20_9_SAR.npy,Sydney,01_NF,open,-1,0.0,0.000132,0,0
data/urban_sar_floods_preprocessed/01_NF/SAR/20220705_Sydney_ID_21_10_SAR.npy,Sydney,01_NF,open,-1,0.0,0.000715,0,0
data/urban_sar_floods_preprocessed/01_NF/SAR/20220705_Sydney_ID_21_11_SAR.npy,Sydney,01_NF,open,-1,0.0,0.001047,0,0
data/urban_sar_floods_preprocessed/01_NF/SAR/20220705_Sydney_ID_21_12_SAR.npy,Sydney,01_NF,open,-1,0.0,0.001444,0,0
data/urban_sar_floods_preprocessed/01_NF/SAR/20220705_Sydney_ID_21_13_SAR.npy,Sydney,01_NF,open,-1,0.0,0.002015,0,0
data/urban_sar_floods_preprocessed/01_NF/SAR/20220705_Sydney_ID_21_14_SAR.npy,Sydney,01_NF,open,-1,0.0,0.002086,0,0
data/urban_sar_floods_preprocessed/01_NF/SAR/20220705_Sydney_ID_21_15_SAR.npy,Sydney,01_NF,open,-1,0.0,0.002002,0,0
data/urban_sar_floods_preprocessed/01_NF/SAR/20220705_Sydney_ID_21_22_SAR.npy,Sydney,01_NF,open,-1,0.0,0.001511,0,0
data/urban_sar_floods_preprocessed/01_NF/SAR/20220705_Sydney_ID_21_23_SAR.npy,Sydney,01_NF,open,-1,0.0,0.00192,0,0
data/urban_sar_floods_preprocessed/01_NF/SAR/20220705_Sydney_ID_21_24_SAR.npy,Sydney,01_NF,open,-1,0.0,0.002849,0,0
data/urban_sar_floods_preprocessed/01_NF/SAR/20220705_Sydney_ID_21_25_SAR.npy,Sydney,01_NF,open,-1,0.0,0.002137,0,0
data/urban_sar_floods_preprocessed/01_NF/SAR/20220705_Sydney_ID_21_26_SAR.npy,Sydney,01_NF,open,-1,0.0,0.001201,0,0
data/urban_sar_floods_preprocessed/01_NF/SAR/20220705_Sydney_ID_21_9_SAR.npy,Sydney,01_NF,open,-1,0.0,0.000164,0,0
data/urban_sar_floods_preprocessed/01_NF/SAR/20220705_Sydney_ID_22_13_SAR.npy,Sydney,01_NF,open,-1,0.0,0.00041,0,0
data/urban_sar_floods_preprocessed/01_NF/SAR/20220705_Sydney_ID_22_14_SAR.npy,Sydney,01_NF,open,-1,0.0,0.000941,0,0
data/urban_sar_floods_preprocessed/01_NF/SAR/20220705_Sydney_ID_22_15_SAR.npy,Sydney,01_NF,open,-1,0.0,0.001194,0,0
data/urban_sar_floods_preprocessed/01_NF/SAR/20220705_Sydney_ID_22_16_SAR.npy,Sydney,01_NF,open,-1,0.0,0.001975,0,0
data/urban_sar_floods_preprocessed/01_NF/SAR/20220705_Sydney_ID_22_17_SAR.npy,Sydney,01_NF,open,-1,0.0,0.002268,0,0
data/urban_sar_floods_preprocessed/01_NF/SAR/20220705_Sydney_ID_22_21_SAR.npy,Sydney,01_NF,open,-1,0.0,0.002054,0,0
data/urban_sar_floods_preprocessed/01_NF/SAR/20220705_Sydney_ID_22_25_SAR.npy,Sydney,01_NF,open,-1,0.0,0.003326,0,0
data/urban_sar_floods_preprocessed/01_NF/SAR/20220705_Sydney_ID_22_26_SAR.npy,Sydney,01_NF,open,-1,0.0,0.00063,0,0
data/urban_sar_floods_preprocessed/01_NF/SAR/20220705_Sydney_ID_23_17_SAR.npy,Sydney,01_NF,open,-1,0.0,0.000322,0,0
data/urban_sar_floods_preprocessed/01_NF/SAR/20220705_Sydney_ID_23_23_SAR.npy,Sydney,01_NF,open,-1,0.0,0.00216,0,0
data/urban_sar_floods_preprocessed/01_NF/SAR/20220705_Sydney_ID_23_24_SAR.npy,Sydney,01_NF,open,-1,0.0,0.002761,0,0
data/urban_sar_floods_preprocessed/01_NF/SAR/20220705_Sydney_ID_23_25_SAR.npy,Sydney,01_NF,open,-1,0.0,0.00307,0,0
data/urban_sar_floods_preprocessed/01_NF/SAR/20220705_Sydney_ID_23_26_SAR.npy,Sydney,01_NF,open,-1,0.0,0.0,0,0
data/urban_sar_floods_preprocessed/01_NF/SAR/20220705_Sydney_ID_24_24_SAR.npy,Sydney,01_NF,open,-1,0.0,0.000274,0,0
data/urban_sar_floods_preprocessed/01_NF/SAR/20220705_Sydney_ID_24_25_SAR.npy,Sydney,01_NF,open,-1,0.0,0.001563,0,0
data/urban_sar_floods_preprocessed/01_NF/SAR/20220705_Sydney_ID_2_10_SAR.npy,Sydney,01_NF,open,-1,0.0,0.000998,0,0
data/urban_sar_floods_preprocessed/01_NF/SAR/20220705_Sydney_ID_2_11_SAR.npy,Sydney,01_NF,open,-1,0.0,0.001434,0,0
data/urban_sar_floods_preprocessed/01_NF/SAR/20220705_Sydney_ID_2_12_SAR.npy,Sydney,01_NF,open,-1,0.0,0.000962,0,0
data/urban_sar_floods_preprocessed/01_NF/SAR/20220705_Sydney_ID_2_13_SAR.npy,Sydney,01_NF,open,-1,0.0,0.001,0,0
data/urban_sar_floods_preprocessed/01_NF/SAR/20220705_Sydney_ID_2_14_SAR.npy,Sydney,01_NF,open,-1,0.0,0.001232,0,0
data/urban_sar_floods_preprocessed/01_NF/SAR/20220705_Sydney_ID_2_15_SAR.npy,Sydney,01_NF,open,-1,0.0,0.001066,0,0
data/urban_sar_floods_preprocessed/01_NF/SAR/20220705_Sydney_ID_2_16_SAR.npy,Sydney,01_NF,open,-1,0.0,0.0005,0,0
data/urban_sar_floods_preprocessed/01_NF/SAR/20220705_Sydney_ID_2_6_SAR.npy,Sydney,01_NF,open,-1,0.0,0.001278,0,0
data/urban_sar_floods_preprocessed/01_NF/SAR/20220705_Sydney_ID_2_7_SAR.npy,Sydney,01_NF,open,-1,0.0,0.001212,0,0
data/urban_sar_floods_preprocessed/01_NF/SAR/20220705_Sydney_ID_2_8_SAR.npy,Sydney,01_NF,open,-1,0.0,0.001396,0,0
data/urban_sar_floods_preprocessed/01_NF/SAR/20220705_Sydney_ID_2_9_SAR.npy,Sydney,01_NF,open,-1,0.0,0.001147,0,0
data/urban_sar_floods_preprocessed/01_NF/SAR/20220705_Sydney_ID_3_10_SAR.npy,Sydney,01_NF,open,-1,0.0,0.000879,0,0
data/urban_sar_floods_preprocessed/01_NF/SAR/20220705_Sydney_ID_3_11_SAR.npy,Sydney,01_NF,open,-1,0.0,0.000908,0,0
data/urban_sar_floods_preprocessed/01_NF/SAR/20220705_Sydney_ID_3_12_SAR.npy,Sydney,01_NF,open,-1,0.0,0.000824,0,0
data/urban_sar_floods_preprocessed/01_NF/SAR/20220705_Sydney_ID_3_13_SAR.npy,Sydney,01_NF,open,-1,0.0,0.000919,0,0
data/urban_sar_floods_preprocessed/01_NF/SAR/20220705_Sydney_ID_3_14_SAR.npy,Sydney,01_NF,open,-1,0.0,0.000901,0,0
data/urban_sar_floods_preprocessed/01_NF/SAR/20220705_Sydney_ID_3_15_SAR.npy,Sydney,01_NF,open,-1,0.0,0.001042,0,0
data/urban_sar_floods_preprocessed/01_NF/SAR/20220705_Sydney_ID_3_16_SAR.npy,Sydney,01_NF,open,-1,0.0,0.00076,0,0
data/urban_sar_floods_preprocessed/01_NF/SAR/20220705_Sydney_ID_3_5_SAR.npy,Sydney,01_NF,open,-1,0.0,0.000198,0,0
data/urban_sar_floods_preprocessed/01_NF/SAR/20220705_Sydney_ID_3_6_SAR.npy,Sydney,01_NF,open,-1,0.0,0.001393,0,0
data/urban_sar_floods_preprocessed/01_NF/SAR/20220705_Sydney_ID_3_7_SAR.npy,Sydney,01_NF,open,-1,0.0,0.001199,0,0
data/urban_sar_floods_preprocessed/01_NF/SAR/20220705_Sydney_ID_3_8_SAR.npy,Sydney,01_NF,open,-1,0.0,0.001176,0,0
data/urban_sar_floods_preprocessed/01_NF/SAR/20220705_Sydney_ID_3_9_SAR.npy,Sydney,01_NF,open,-1,0.0,0.000954,0,0
data/urban_sar_floods_preprocessed/01_NF/SAR/20220705_Sydney_ID_4_10_SAR.npy,Sydney,01_NF,open,-1,0.0,0.000776,0,0
data/urban_sar_floods_preprocessed/01_NF/SAR/20220705_Sydney_ID_4_11_SAR.npy,Sydney,01_NF,open,-1,0.0,0.000893,0,0
data/urban_sar_floods_preprocessed/01_NF/SAR/20220705_Sydney_ID_4_12_SAR.npy,Sydney,01_NF,open,-1,0.0,0.001046,0,0
data/urban_sar_floods_preprocessed/01_NF/SAR/20220705_Sydney_ID_4_13_SAR.npy,Sydney,01_NF,open,-1,0.0,0.001137,0,0
data/urban_sar_floods_preprocessed/01_NF/SAR/20220705_Sydney_ID_4_14_SAR.npy,Sydney,01_NF,open,-1,0.0,0.000889,0,0
data/urban_sar_floods_preprocessed/01_NF/SAR/20220705_Sydney_ID_4_15_SAR.npy,Sydney,01_NF,open,-1,0.0,0.000751,0,0
data/urban_sar_floods_preprocessed/01_NF/SAR/20220705_Sydney_ID_4_16_SAR.npy,Sydney,01_NF,open,-1,0.0,0.000941,0,0
data/urban_sar_floods_preprocessed/01_NF/SAR/20220705_Sydney_ID_4_17_SAR.npy,Sydney,01_NF,open,-1,0.0,0.001428,0,0
data/urban_sar_floods_preprocessed/01_NF/SAR/20220705_Sydney_ID_4_18_SAR.npy,Sydney,01_NF,open,-1,0.0,0.001068,0,0
data/urban_sar_floods_preprocessed/01_NF/SAR/20220705_Sydney_ID_4_19_SAR.npy,Sydney,01_NF,open,-1,0.0,0.000731,0,0
data/urban_sar_floods_preprocessed/01_NF/SAR/20220705_Sydney_ID_4_20_SAR.npy,Sydney,01_NF,open,-1,0.0,0.000448,0,0
data/urban_sar_floods_preprocessed/01_NF/SAR/20220705_Sydney_ID_4_5_SAR.npy,Sydney,01_NF,open,-1,0.0,0.000642,0,0
data/urban_sar_floods_preprocessed/01_NF/SAR/20220705_Sydney_ID_4_7_SAR.npy,Sydney,01_NF,open,-1,0.0,0.001488,0,0
data/urban_sar_floods_preprocessed/01_NF/SAR/20220705_Sydney_ID_4_8_SAR.npy,Sydney,01_NF,open,-1,0.0,0.00121,0,0
data/urban_sar_floods_preprocessed/01_NF/SAR/20220705_Sydney_ID_4_9_SAR.npy,Sydney,01_NF,open,-1,0.0,0.00116,0,0
data/urban_sar_floods_preprocessed/01_NF/SAR/20220705_Sydney_ID_5_10_SAR.npy,Sydney,01_NF,open,-1,0.0,0.001424,0,0
data/urban_sar_floods_preprocessed/01_NF/SAR/20220705_Sydney_ID_5_11_SAR.npy,Sydney,01_NF,open,-1,0.0,0.001212,0,0
data/urban_sar_floods_preprocessed/01_NF/SAR/20220705_Sydney_ID_5_12_SAR.npy,Sydney,01_NF,open,-1,0.0,0.000963,0,0
data/urban_sar_floods_preprocessed/01_NF/SAR/20220705_Sydney_ID_5_13_SAR.npy,Sydney,01_NF,open,-1,0.0,0.000901,0,0
data/urban_sar_floods_preprocessed/01_NF/SAR/20220705_Sydney_ID_5_14_SAR.npy,Sydney,01_NF,open,-1,0.0,0.001085,0,0
data/urban_sar_floods_preprocessed/01_NF/SAR/20220705_Sydney_ID_5_15_SAR.npy,Sydney,01_NF,open,-1,0.0,0.001316,0,0
data/urban_sar_floods_preprocessed/01_NF/SAR/20220705_Sydney_ID_5_16_SAR.npy,Sydney,01_NF,open,-1,0.0,0.001448,0,0
data/urban_sar_floods_preprocessed/01_NF/SAR/20220705_Sydney_ID_5_17_SAR.npy,Sydney,01_NF,open,-1,0.0,0.00211,0,0
data/urban_sar_floods_preprocessed/01_NF/SAR/20220705_Sydney_ID_5_18_SAR.npy,Sydney,01_NF,open,-1,0.0,0.001482,0,0
data/urban_sar_floods_preprocessed/01_NF/SAR/20220705_Sydney_ID_5_19_SAR.npy,Sydney,01_NF,open,-1,0.0,0.000995,0,0
data/urban_sar_floods_preprocessed/01_NF/SAR/20220705_Sydney_ID_5_21_SAR.npy,Sydney,01_NF,open,-1,0.0,0.001544,0,0
data/urban_sar_floods_preprocessed/01_NF/SAR/20220705_Sydney_ID_5_22_SAR.npy,Sydney,01_NF,open,-1,0.0,0.001151,0,0
data/urban_sar_floods_preprocessed/01_NF/SAR/20220705_Sydney_ID_5_23_SAR.npy,Sydney,01_NF,open,-1,0.0,0.000839,0,0
data/urban_sar_floods_preprocessed/01_NF/SAR/20220705_Sydney_ID_5_24_SAR.npy,Sydney,01_NF,open,-1,0.0,0.000498,0,0
data/urban_sar_floods_preprocessed/01_NF/SAR/20220705_Sydney_ID_5_25_SAR.npy,Sydney,01_NF,open,-1,0.0,6e-06,0,0
data/urban_sar_floods_preprocessed/01_NF/SAR/20220705_Sydney_ID_5_26_SAR.npy,Sydney,01_NF,open,-1,0.0,0.00048,0,0
data/urban_sar_floods_preprocessed/01_NF/SAR/20220705_Sydney_ID_5_27_SAR.npy,Sydney,01_NF,open,-1,0.0,0.000523,0,0
data/urban_sar_floods_preprocessed/01_NF/SAR/20220705_Sydney_ID_5_28_SAR.npy,Sydney,01_NF,open,-1,0.0,2.6e-05,0,0
data/urban_sar_floods_preprocessed/01_NF/SAR/20220705_Sydney_ID_5_5_SAR.npy,Sydney,01_NF,open,-1,0.0,0.000966,0,0
data/urban_sar_floods_preprocessed/01_NF/SAR/20220705_Sydney_ID_5_6_SAR.npy,Sydney,01_NF,open,-1,0.0,0.001313,0,0
data/urban_sar_floods_preprocessed/01_NF/SAR/20220705_Sydney_ID_5_7_SAR.npy,Sydney,01_NF,open,-1,0.0,0.001496,0,0
data/urban_sar_floods_preprocessed/01_NF/SAR/20220705_Sydney_ID_5_8_SAR.npy,Sydney,01_NF,open,-1,0.0,0.001062,0,0
data/urban_sar_floods_preprocessed/01_NF/SAR/20220705_Sydney_ID_5_9_SAR.npy,Sydney,01_NF,open,-1,0.0,0.001181,0,0
data/urban_sar_floods_preprocessed/01_NF/SAR/20220705_Sydney_ID_6_10_SAR.npy,Sydney,01_NF,open,-1,0.0,0.001526,0,0
data/urban_sar_floods_preprocessed/01_NF/SAR/20220705_Sydney_ID_6_11_SAR.npy,Sydney,01_NF,open,-1,0.0,0.001272,0,0
data/urban_sar_floods_preprocessed/01_NF/SAR/20220705_Sydney_ID_6_12_SAR.npy,Sydney,01_NF,open,-1,0.0,0.000991,0,0
data/urban_sar_floods_preprocessed/01_NF/SAR/20220705_Sydney_ID_6_13_SAR.npy,Sydney,01_NF,open,-1,0.0,0.0014,0,0
data/urban_sar_floods_preprocessed/01_NF/SAR/20220705_Sydney_ID_6_14_SAR.npy,Sydney,01_NF,open,-1,0.0,0.001885,0,0
data/urban_sar_floods_preprocessed/01_NF/SAR/20220705_Sydney_ID_6_15_SAR.npy,Sydney,01_NF,open,-1,0.0,0.002275,0,0
data/urban_sar_floods_preprocessed/01_NF/SAR/20220705_Sydney_ID_6_22_SAR.npy,Sydney,01_NF,open,-1,0.0,0.00141,0,0
data/urban_sar_floods_preprocessed/01_NF/SAR/20220705_Sydney_ID_6_23_SAR.npy,Sydney,01_NF,open,-1,0.0,0.00124,0,0
data/urban_sar_floods_preprocessed/01_NF/SAR/20220705_Sydney_ID_6_24_SAR.npy,Sydney,01_NF,open,-1,0.0,0.00089,0,0
data/urban_sar_floods_preprocessed/01_NF/SAR/20220705_Sydney_ID_6_26_SAR.npy,Sydney,01_NF,open,-1,0.0,0.001684,0,0
data/urban_sar_floods_preprocessed/01_NF/SAR/20220705_Sydney_ID_6_28_SAR.npy,Sydney,01_NF,open,-1,0.0,0.001437,0,0
data/urban_sar_floods_preprocessed/01_NF/SAR/20220705_Sydney_ID_6_29_SAR.npy,Sydney,01_NF,open,-1,0.0,0.001604,0,0
data/urban_sar_floods_preprocessed/01_NF/SAR/20220705_Sydney_ID_6_30_SAR.npy,Sydney,01_NF,open,-1,0.0,0.00091,0,0
data/urban_sar_floods_preprocessed/01_NF/SAR/20220705_Sydney_ID_6_31_SAR.npy,Sydney,01_NF,open,-1,0.0,0.00048,0,0
data/urban_sar_floods_preprocessed/01_NF/SAR/20220705_Sydney_ID_6_32_SAR.npy,Sydney,01_NF,open,-1,0.0,4.5e-05,0,0
data/urban_sar_floods_preprocessed/01_NF/SAR/20220705_Sydney_ID_6_5_SAR.npy,Sydney,01_NF,open,-1,0.0,0.001286,0,0
data/urban_sar_floods_preprocessed/01_NF/SAR/20220705_Sydney_ID_6_6_SAR.npy,Sydney,01_NF,open,-1,0.0,0.001131,0,0
data/urban_sar_floods_preprocessed/01_NF/SAR/20220705_Sydney_ID_6_7_SAR.npy,Sydney,01_NF,open,-1,0.0,0.001178,0,0
data/urban_sar_floods_preprocessed/01_NF/SAR/20220705_Sydney_ID_6_8_SAR.npy,Sydney,01_NF,open,-1,0.0,0.001568,0,0
data/urban_sar_floods_preprocessed/01_NF/SAR/20220705_Sydney_ID_7_10_SAR.npy,Sydney,01_NF,open,-1,0.0,0.001718,0,0
data/urban_sar_floods_preprocessed/01_NF/SAR/20220705_Sydney_ID_7_13_SAR.npy,Sydney,01_NF,open,-1,0.0,0.00161,0,0
data/urban_sar_floods_preprocessed/01_NF/SAR/20220705_Sydney_ID_7_19_SAR.npy,Sydney,01_NF,open,-1,0.0,0.000915,0,0
data/urban_sar_floods_preprocessed/01_NF/SAR/20220705_Sydney_ID_7_24_SAR.npy,Sydney,01_NF,open,-1,0.0,0.000888,0,0
data/urban_sar_floods_preprocessed/01_NF/SAR/20220705_Sydney_ID_7_26_SAR.npy,Sydney,01_NF,open,-1,0.0,0.001006,0,0
data/urban_sar_floods_preprocessed/01_NF/SAR/20220705_Sydney_ID_7_27_SAR.npy,Sydney,01_NF,open,-1,0.0,0.001306,0,0
data/urban_sar_floods_preprocessed/01_NF/SAR/20220705_Sydney_ID_7_29_SAR.npy,Sydney,01_NF,open,-1,0.0,0.001358,0,0
data/urban_sar_floods_preprocessed/01_NF/SAR/20220705_Sydney_ID_7_30_SAR.npy,Sydney,01_NF,open,-1,0.0,0.000991,0,0
data/urban_sar_floods_preprocessed/01_NF/SAR/20220705_Sydney_ID_7_32_SAR.npy,Sydney,01_NF,open,-1,0.0,0.00163,0,0
data/urban_sar_floods_preprocessed/01_NF/SAR/20220705_Sydney_ID_7_33_SAR.npy,Sydney,01_NF,open,-1,0.0,0.001526,0,0
data/urban_sar_floods_preprocessed/01_NF/SAR/20220705_Sydney_ID_7_34_SAR.npy,Sydney,01_NF,open,-1,0.0,0.000804,0,0
data/urban_sar_floods_preprocessed/01_NF/SAR/20220705_Sydney_ID_7_35_SAR.npy,Sydney,01_NF,open,-1,0.0,0.000571,0,0
data/urban_sar_floods_preprocessed/01_NF/SAR/20220705_Sydney_ID_7_4_SAR.npy,Sydney,01_NF,open,-1,0.0,0.000785,0,0
data/urban_sar_floods_preprocessed/01_NF/SAR/20220705_Sydney_ID_7_5_SAR.npy,Sydney,01_NF,open,-1,0.0,0.001053,0,0
data/urban_sar_floods_preprocessed/01_NF/SAR/20220705_Sydney_ID_7_6_SAR.npy,Sydney,01_NF,open,-1,0.0,0.001094,0,0
data/urban_sar_floods_preprocessed/01_NF/SAR/20220705_Sydney_ID_7_7_SAR.npy,Sydney,01_NF,open,-1,0.0,0.001111,0,0
data/urban_sar_floods_preprocessed/01_NF/SAR/20220705_Sydney_ID_7_9_SAR.npy,Sydney,01_NF,open,-1,0.0,0.001209,0,0
data/urban_sar_floods_preprocessed/01_NF/SAR/20220705_Sydney_ID_8_10_SAR.npy,Sydney,01_NF,open,-1,0.0,0.002096,0,0
data/urban_sar_floods_preprocessed/01_NF/SAR/20220705_Sydney_ID_8_11_SAR.npy,Sydney,01_NF,open,-1,0.0,0.001303,0,0
data/urban_sar_floods_preprocessed/01_NF/SAR/20220705_Sydney_ID_8_13_SAR.npy,Sydney,01_NF,open,-1,0.0,0.002371,0,0
data/urban_sar_floods_preprocessed/01_NF/SAR/20220705_Sydney_ID_8_14_SAR.npy,Sydney,01_NF,open,-1,0.0,0.002292,0,0
data/urban_sar_floods_preprocessed/01_NF/SAR/20220705_Sydney_ID_8_17_SAR.npy,Sydney,01_NF,open,-1,0.0,0.002076,0,0
data/urban_sar_floods_preprocessed/01_NF/SAR/20220705_Sydney_ID_8_25_SAR.npy,Sydney,01_NF,open,-1,0.0,0.000815,0,0
data/urban_sar_floods_preprocessed/01_NF/SAR/20220705_Sydney_ID_8_27_SAR.npy,Sydney,01_NF,open,-1,0.0,0.001104,0,0
data/urban_sar_floods_preprocessed/01_NF/SAR/20220705_Sydney_ID_8_29_SAR.npy,Sydney,01_NF,open,-1,0.0,0.00122,0,0
data/urban_sar_floods_preprocessed/01_NF/SAR/20220705_Sydney_ID_8_33_SAR.npy,Sydney,01_NF,open,-1,0.0,0.001719,0,0
data/urban_sar_floods_preprocessed/01_NF/SAR/20220705_Sydney_ID_8_34_SAR.npy,Sydney,01_NF,open,-1,0.0,0.001585,0,0
data/urban_sar_floods_preprocessed/01_NF/SAR/20220705_Sydney_ID_8_35_SAR.npy,Sydney,01_NF,open,-1,0.0,0.0015,0,0
data/urban_sar_floods_preprocessed/01_NF/SAR/20220705_Sydney_ID_8_4_SAR.npy,Sydney,01_NF,open,-1,0.0,0.001146,0,0
data/urban_sar_floods_preprocessed/01_NF/SAR/20220705_Sydney_ID_8_6_SAR.npy,Sydney,01_NF,open,-1,0.0,0.000895,0,0
data/urban_sar_floods_preprocessed/01_NF/SAR/20220705_Sydney_ID_8_7_SAR.npy,Sydney,01_NF,open,-1,0.0,0.00094,0,0
data/urban_sar_floods_preprocessed/01_NF/SAR/20220705_Sydney_ID_8_8_SAR.npy,Sydney,01_NF,open,-1,0.0,0.001316,0,0
data/urban_sar_floods_preprocessed/01_NF/SAR/20220705_Sydney_ID_8_9_SAR.npy,Sydney,01_NF,open,-1,0.0,0.00154,0,0
data/urban_sar_floods_preprocessed/01_NF/SAR/20220705_Sydney_ID_9_10_SAR.npy,Sydney,01_NF,open,-1,0.0,0.002041,0,0
data/urban_sar_floods_preprocessed/01_NF/SAR/20220705_Sydney_ID_9_11_SAR.npy,Sydney,01_NF,open,-1,0.0,0.00176,0,0
data/urban_sar_floods_preprocessed/01_NF/SAR/20220705_Sydney_ID_9_12_SAR.npy,Sydney,01_NF,open,-1,0.0,0.002933,0,0
data/urban_sar_floods_preprocessed/01_NF/SAR/20220705_Sydney_ID_9_13_SAR.npy,Sydney,01_NF,open,-1,0.0,0.002517,0,0
data/urban_sar_floods_preprocessed/01_NF/SAR/20220705_Sydney_ID_9_14_SAR.npy,Sydney,01_NF,open,-1,0.0,0.002209,0,0
data/urban_sar_floods_preprocessed/01_NF/SAR/20220705_Sydney_ID_9_15_SAR.npy,Sydney,01_NF,open,-1,0.0,0.002174,0,0
data/urban_sar_floods_preprocessed/01_NF/SAR/20220705_Sydney_ID_9_16_SAR.npy,Sydney,01_NF,open,-1,0.0,0.002255,0,0
data/urban_sar_floods_preprocessed/01_NF/SAR/20220705_Sydney_ID_9_17_SAR.npy,Sydney,01_NF,open,-1,0.0,0.002223,0,0
data/urban_sar_floods_preprocessed/01_NF/SAR/20220705_Sydney_ID_9_18_SAR.npy,Sydney,01_NF,open,-1,0.0,0.001812,0,0
data/urban_sar_floods_preprocessed/01_NF/SAR/20220705_Sydney_ID_9_20_SAR.npy,Sydney,01_NF,open,-1,0.0,0.002274,0,0
data/urban_sar_floods_preprocessed/01_NF/SAR/20220705_Sydney_ID_9_21_SAR.npy,Sydney,01_NF,open,-1,0.0,0.001374,0,0
data/urban_sar_floods_preprocessed/01_NF/SAR/20220705_Sydney_ID_9_27_SAR.npy,Sydney,01_NF,open,-1,0.0,0.001554,0,0
data/urban_sar_floods_preprocessed/01_NF/SAR/20220705_Sydney_ID_9_28_SAR.npy,Sydney,01_NF,open,-1,0.0,0.001384,0,0
data/urban_sar_floods_preprocessed/01_NF/SAR/20220705_Sydney_ID_9_29_SAR.npy,Sydney,01_NF,open,-1,0.0,0.001553,0,0
data/urban_sar_floods_preprocessed/01_NF/SAR/20220705_Sydney_ID_9_30_SAR.npy,Sydney,01_NF,open,-1,0.0,0.001273,0,0
data/urban_sar_floods_preprocessed/01_NF/SAR/20220705_Sydney_ID_9_32_SAR.npy,Sydney,01_NF,open,-1,0.0,0.001519,0,0
data/urban_sar_floods_preprocessed/01_NF/SAR/20220705_Sydney_ID_9_36_SAR.npy,Sydney,01_NF,open,-1,0.0,0.000893,0,0
data/urban_sar_floods_preprocessed/01_NF/SAR/20220705_Sydney_ID_9_3_SAR.npy,Sydney,01_NF,open,-1,0.0,0.000364,0,0
data/urban_sar_floods_preprocessed/01_NF/SAR/20220705_Sydney_ID_9_4_SAR.npy,Sydney,01_NF,open,-1,0.0,0.001261,0,0
data/urban_sar_floods_preprocessed/01_NF/SAR/20220705_Sydney_ID_9_6_SAR.npy,Sydney,01_NF,open,-1,0.0,0.001302,0,0
data/urban_sar_floods_preprocessed/01_NF/SAR/20220705_Sydney_ID_9_7_SAR.npy,Sydney,01_NF,open,-1,0.0,0.001021,0,0
data/urban_sar_floods_preprocessed/01_NF/SAR/20220705_Sydney_ID_9_8_SAR.npy,Sydney,01_NF,open,-1,0.0,0.001228,0,0
data/urban_sar_floods_preprocessed/01_NF/SAR/20220705_Sydney_ID_9_9_SAR.npy,Sydney,01_NF,open,-1,0.0,0.001782,0,0
data/urban_sar_floods_preprocessed/01_NF/SAR/20221013_Niger_ID_0_25_SAR.npy,Niger,01_NF,open,-1,0.0,0.000178,0,0
data/urban_sar_floods_preprocessed/01_NF/SAR/20221013_Niger_ID_0_26_SAR.npy,Niger,01_NF,open,-1,0.0,0.000249,0,0
data/urban_sar_floods_preprocessed/01_NF/SAR/20221013_Niger_ID_10_11_SAR.npy,Niger,01_NF,open,-1,0.0,0.002639,0,0
data/urban_sar_floods_preprocessed/01_NF/SAR/20221013_Niger_ID_10_12_SAR.npy,Niger,01_NF,open,-1,0.0,0.002514,0,0
data/urban_sar_floods_preprocessed/01_NF/SAR/20221013_Niger_ID_10_13_SAR.npy,Niger,01_NF,open,-1,0.0,0.002226,0,0
data/urban_sar_floods_preprocessed/01_NF/SAR/20221013_Niger_ID_10_14_SAR.npy,Niger,01_NF,open,-1,0.0,0.001993,0,0
data/urban_sar_floods_preprocessed/01_NF/SAR/20221013_Niger_ID_10_15_SAR.npy,Niger,01_NF,open,-1,0.0,0.002194,0,0
data/urban_sar_floods_preprocessed/01_NF/SAR/20221013_Niger_ID_10_16_SAR.npy,Niger,01_NF,open,-1,0.0,0.002206,0,0
data/urban_sar_floods_preprocessed/01_NF/SAR/20221013_Niger_ID_10_17_SAR.npy,Niger,01_NF,open,-1,0.0,0.002167,0,0
data/urban_sar_floods_preprocessed/01_NF/SAR/20221013_Niger_ID_10_18_SAR.npy,Niger,01_NF,open,-1,0.0,0.002021,0,0
data/urban_sar_floods_preprocessed/01_NF/SAR/20221013_Niger_ID_10_19_SAR.npy,Niger,01_NF,open,-1,0.0,0.002136,0,0
data/urban_sar_floods_preprocessed/01_NF/SAR/20221013_Niger_ID_10_1_SAR.npy,Niger,01_NF,open,-1,0.0,0.001513,0,0
data/urban_sar_floods_preprocessed/01_NF/SAR/20221013_Niger_ID_10_20_SAR.npy,Niger,01_NF,open,-1,0.0,0.002493,0,0
data/urban_sar_floods_preprocessed/01_NF/SAR/20221013_Niger_ID_10_21_SAR.npy,Niger,01_NF,open,-1,0.0,0.002212,0,0
data/urban_sar_floods_preprocessed/01_NF/SAR/20221013_Niger_ID_10_22_SAR.npy,Niger,01_NF,open,-1,0.0,0.002482,0,0
data/urban_sar_floods_preprocessed/01_NF/SAR/20221013_Niger_ID_10_23_SAR.npy,Niger,01_NF,open,-1,0.0,0.002433,0,0
data/urban_sar_floods_preprocessed/01_NF/SAR/20221013_Niger_ID_10_24_SAR.npy,Niger,01_NF,open,-1,0.0,0.002532,0,0
data/urban_sar_floods_preprocessed/01_NF/SAR/20221013_Niger_ID_10_25_SAR.npy,Niger,01_NF,open,-1,0.0,0.002612,0,0
data/urban_sar_floods_preprocessed/01_NF/SAR/20221013_Niger_ID_10_26_SAR.npy,Niger,01_NF,open,-1,0.0,0.002716,0,0
data/urban_sar_floods_preprocessed/01_NF/SAR/20221013_Niger_ID_10_27_SAR.npy,Niger,01_NF,open,-1,0.0,0.002678,0,0
data/urban_sar_floods_preprocessed/01_NF/SAR/20221013_Niger_ID_10_28_SAR.npy,Niger,01_NF,open,-1,0.0,0.001141,0,0
data/urban_sar_floods_preprocessed/01_NF/SAR/20221013_Niger_ID_10_2_SAR.npy,Niger,01_NF,open,-1,0.0,0.001751,0,0
data/urban_sar_floods_preprocessed/01_NF/SAR/20221013_Niger_ID_10_3_SAR.npy,Niger,01_NF,open,-1,0.0,0.001806,0,0
data/urban_sar_floods_preprocessed/01_NF/SAR/20221013_Niger_ID_10_4_SAR.npy,Niger,01_NF,open,-1,0.0,0.001811,0,0
data/urban_sar_floods_preprocessed/01_NF/SAR/20221013_Niger_ID_10_5_SAR.npy,Niger,01_NF,open,-1,0.0,0.001764,0,0
data/urban_sar_floods_preprocessed/01_NF/SAR/20221013_Niger_ID_10_6_SAR.npy,Niger,01_NF,open,-1,0.0,0.001617,0,0
data/urban_sar_floods_preprocessed/01_NF/SAR/20221013_Niger_ID_10_7_SAR.npy,Niger,01_NF,open,-1,0.0,0.001457,0,0
data/urban_sar_floods_preprocessed/01_NF/SAR/20221013_Niger_ID_10_8_SAR.npy,Niger,01_NF,open,-1,0.0,0.001835,0,0
data/urban_sar_floods_preprocessed/01_NF/SAR/20221013_Niger_ID_11_12_SAR.npy,Niger,01_NF,open,-1,0.0,0.002391,0,0
data/urban_sar_floods_preprocessed/01_NF/SAR/20221013_Niger_ID_11_13_SAR.npy,Niger,01_NF,open,-1,0.0,0.001802,0,0
data/urban_sar_floods_preprocessed/01_NF/SAR/20221013_Niger_ID_11_14_SAR.npy,Niger,01_NF,open,-1,0.0,0.001834,0,0
data/urban_sar_floods_preprocessed/01_NF/SAR/20221013_Niger_ID_11_15_SAR.npy,Niger,01_NF,open,-1,0.0,0.002178,0,0
data/urban_sar_floods_preprocessed/01_NF/SAR/20221013_Niger_ID_11_1_SAR.npy,Niger,01_NF,open,-1,0.0,0.001207,0,0
data/urban_sar_floods_preprocessed/01_NF/SAR/20221013_Niger_ID_11_23_SAR.npy,Niger,01_NF,open,-1,0.0,0.00254,0,0
data/urban_sar_floods_preprocessed/01_NF/SAR/20221013_Niger_ID_11_24_SAR.npy,Niger,01_NF,open,-1,0.0,0.002546,0,0
data/urban_sar_floods_preprocessed/01_NF/SAR/20221013_Niger_ID_11_25_SAR.npy,Niger,01_NF,open,-1,0.0,0.002552,0,0
data/urban_sar_floods_preprocessed/01_NF/SAR/20221013_Niger_ID_11_26_SAR.npy,Niger,01_NF,open,-1,0.0,0.002476,0,0
data/urban_sar_floods_preprocessed/01_NF/SAR/20221013_Niger_ID_11_27_SAR.npy,Niger,01_NF,open,-1,0.0,0.00252,0,0
data/urban_sar_floods_preprocessed/01_NF/SAR/20221013_Niger_ID_11_28_SAR.npy,Niger,01_NF,open,-1,0.0,0.001705,0,0
data/urban_sar_floods_preprocessed/01_NF/SAR/20221013_Niger_ID_11_2_SAR.npy,Niger,01_NF,open,-1,0.0,0.001768,0,0
data/urban_sar_floods_preprocessed/01_NF/SAR/20221013_Niger_ID_11_3_SAR.npy,Niger,01_NF,open,-1,0.0,0.001841,0,0
data/urban_sar_floods_preprocessed/01_NF/SAR/20221013_Niger_ID_11_4_SAR.npy,Niger,01_NF,open,-1,0.0,0.001793,0,0
data/urban_sar_floods_preprocessed/01_NF/SAR/20221013_Niger_ID_11_5_SAR.npy,Niger,01_NF,open,-1,0.0,0.00185,0,0
data/urban_sar_floods_preprocessed/01_NF/SAR/20221013_Niger_ID_11_6_SAR.npy,Niger,01_NF,open,-1,0.0,0.001981,0,0
data/urban_sar_floods_preprocessed/01_NF/SAR/20221013_Niger_ID_11_7_SAR.npy,Niger,01_NF,open,-1,0.0,0.00168,0,0
data/urban_sar_floods_preprocessed/01_NF/SAR/20221013_Niger_ID_11_8_SAR.npy,Niger,01_NF,open,-1,0.0,0.001449,0,0
data/urban_sar_floods_preprocessed/01_NF/SAR/20221013_Niger_ID_12_12_SAR.npy,Niger,01_NF,open,-1,0.0,0.00207,0,0
data/urban_sar_floods_preprocessed/01_NF/SAR/20221013_Niger_ID_12_13_SAR.npy,Niger,01_NF,open,-1,0.0,0.001841,0,0
data/urban_sar_floods_preprocessed/01_NF/SAR/20221013_Niger_ID_12_14_SAR.npy,Niger,01_NF,open,-1,0.0,0.001716,0,0
data/urban_sar_floods_preprocessed/01_NF/SAR/20221013_Niger_ID_12_1_SAR.npy,Niger,01_NF,open,-1,0.0,0.000874,0,0
data/urban_sar_floods_preprocessed/01_NF/SAR/20221013_Niger_ID_12_26_SAR.npy,Niger,01_NF,open,-1,0.0,0.002633,0,0
data/urban_sar_floods_preprocessed/01_NF/SAR/20221013_Niger_ID_12_27_SAR.npy,Niger,01_NF,open,-1,0.0,0.002383,0,0
data/urban_sar_floods_preprocessed/01_NF/SAR/20221013_Niger_ID_12_28_SAR.npy,Niger,01_NF,open,-1,0.0,0.002304,0,0
data/urban_sar_floods_preprocessed/01_NF/SAR/20221013_Niger_ID_12_2_SAR.npy,Niger,01_NF,open,-1,0.0,0.001843,0,0
data/urban_sar_floods_preprocessed/01_NF/SAR/20221013_Niger_ID_12_3_SAR.npy,Niger,01_NF,open,-1,0.0,0.0018,0,0
data/urban_sar_floods_preprocessed/01_NF/SAR/20221013_Niger_ID_12_4_SAR.npy,Niger,01_NF,open,-1,0.0,0.001795,0,0
data/urban_sar_floods_preprocessed/01_NF/SAR/20221013_Niger_ID_12_5_SAR.npy,Niger,01_NF,open,-1,0.0,0.001481,0,0
data/urban_sar_floods_preprocessed/01_NF/SAR/20221013_Niger_ID_12_6_SAR.npy,Niger,01_NF,open,-1,0.0,0.001998,0,0
data/urban_sar_floods_preprocessed/01_NF/SAR/20221013_Niger_ID_12_7_SAR.npy,Niger,01_NF,open,-1,0.0,0.002158,0,0
data/urban_sar_floods_preprocessed/01_NF/SAR/20221013_Niger_ID_12_8_SAR.npy,Niger,01_NF,open,-1,0.0,0.00161,0,0
data/urban_sar_floods_preprocessed/01_NF/SAR/20221013_Niger_ID_12_9_SAR.npy,Niger,01_NF,open,-1,0.0,0.001795,0,0
data/urban_sar_floods_preprocessed/01_NF/SAR/20221013_Niger_ID_13_17_SAR.npy,Niger,01_NF,open,-1,0.0,0.001933,0,0
data/urban_sar_floods_preprocessed/01_NF/SAR/20221013_Niger_ID_13_18_SAR.npy,Niger,01_NF,open,-1,0.0,0.001749,0,0
data/urban_sar_floods_preprocessed/01_NF/SAR/20221013_Niger_ID_13_19_SAR.npy,Niger,01_NF,open,-1,0.0,0.001964,0,0
data/urban_sar_floods_preprocessed/01_NF/SAR/20221013_Niger_ID_13_1_SAR.npy,Niger,01_NF,open,-1,0.0,0.000367,0,0
data/urban_sar_floods_preprocessed/01_NF/SAR/20221013_Niger_ID_13_20_SAR.npy,Niger,01_NF,open,-1,0.0,0.002055,0,0
data/urban_sar_floods_preprocessed/01_NF/SAR/20221013_Niger_ID_13_21_SAR.npy,Niger,01_NF,open,-1,0.0,0.002547,0,0
data/urban_sar_floods_preprocessed/01_NF/SAR/20221013_Niger_ID_13_2_SAR.npy,Niger,01_NF,open,-1,0.0,0.001855,0,0
data/urban_sar_floods_preprocessed/01_NF/SAR/20221013_Niger_ID_13_3_SAR.npy,Niger,01_NF,open,-1,0.0,0.001839,0,0
data/urban_sar_floods_preprocessed/01_NF/SAR/20221013_Niger_ID_13_4_SAR.npy,Niger,01_NF,open,-1,0.0,0.001773,0,0
data/urban_sar_floods_preprocessed/01_NF/SAR/20221013_Niger_ID_13_5_SAR.npy,Niger,01_NF,open,-1,0.0,0.001814,0,0
data/urban_sar_floods_preprocessed/01_NF/SAR/20221013_Niger_ID_13_6_SAR.npy,Niger,01_NF,open,-1,0.0,0.002347,0,0
data/urban_sar_floods_preprocessed/01_NF/SAR/20221013_Niger_ID_13_7_SAR.npy,Niger,01_NF,open,-1,0.0,0.001943,0,0
data/urban_sar_floods_preprocessed/01_NF/SAR/20221013_Niger_ID_13_8_SAR.npy,Niger,01_NF,open,-1,0.0,0.001908,0,0
data/urban_sar_floods_preprocessed/01_NF/SAR/20221013_Niger_ID_13_9_SAR.npy,Niger,01_NF,open,-1,0.0,0.001946,0,0
data/urban_sar_floods_preprocessed/01_NF/SAR/20221013_Niger_ID_14_16_SAR.npy,Niger,01_NF,open,-1,0.0,0.001753,0,0
data/urban_sar_floods_preprocessed/01_NF/SAR/20221013_Niger_ID_14_17_SAR.npy,Niger,01_NF,open,-1,0.0,0.00178,0,0
data/urban_sar_floods_preprocessed/01_NF/SAR/20221013_Niger_ID_14_18_SAR.npy,Niger,01_NF,open,-1,0.0,0.001783,0,0
data/urban_sar_floods_preprocessed/01_NF/SAR/20221013_Niger_ID_14_19_SAR.npy,Niger,01_NF,open,-1,0.0,0.002405,0,0
data/urban_sar_floods_preprocessed/01_NF/SAR/20221013_Niger_ID_14_1_SAR.npy,Niger,01_NF,open,-1,0.0,1.7e-05,0,0
data/urban_sar_floods_preprocessed/01_NF/SAR/20221013_Niger_ID_14_20_SAR.npy,Niger,01_NF,open,-1,0.0,0.002021,0,0
data/urban_sar_floods_preprocessed/01_NF/SAR/20221013_Niger_ID_14_21_SAR.npy,Niger,01_NF,open,-1,0.0,0.002308,0,0
data/urban_sar_floods_preprocessed/01_NF/SAR/20221013_Niger_ID_14_22_SAR.npy,Niger,01_NF,open,-1,0.0,0.002432,0,0
data/urban_sar_floods_preprocessed/01_NF/SAR/20221013_Niger_ID_14_23_SAR.npy,Niger,01_NF,open,-1,0.0,0.002835,0,0
data/urban_sar_floods_preprocessed/01_NF/SAR/20221013_Niger_ID_14_2_SAR.npy,Niger,01_NF,open,-1,0.0,0.002553,0,0
data/urban_sar_floods_preprocessed/01_NF/SAR/20221013_Niger_ID_14_3_SAR.npy,Niger,01_NF,open,-1,0.0,0.001895,0,0
data/urban_sar_floods_preprocessed/01_NF/SAR/20221013_Niger_ID_14_4_SAR.npy,Niger,01_NF,open,-1,0.0,0.001876,0,0
data/urban_sar_floods_preprocessed/01_NF/SAR/20221013_Niger_ID_14_5_SAR.npy,Niger,01_NF,open,-1,0.0,0.001849,0,0
data/urban_sar_floods_preprocessed/01_NF/SAR/20221013_Niger_ID_14_6_SAR.npy,Niger,01_NF,open,-1,0.0,0.00183,0,0
data/urban_sar_floods_preprocessed/01_NF/SAR/20221013_Niger_ID_14_7_SAR.npy,Niger,01_NF,open,-1,0.0,0.001867,0,0
data/urban_sar_floods_preprocessed/01_NF/SAR/20221013_Niger_ID_14_8_SAR.npy,Niger,01_NF,open,-1,0.0,0.002123,0,0
data/urban_sar_floods_preprocessed/01_NF/SAR/20221013_Niger_ID_14_9_SAR.npy,Niger,01_NF,open,-1,0.0,0.00239,0,0
data/urban_sar_floods_preprocessed/01_NF/SAR/20221013_Niger_ID_15_13_SAR.npy,Niger,01_NF,open,-1,0.0,0.002203,0,0
data/urban_sar_floods_preprocessed/01_NF/SAR/20221013_Niger_ID_15_14_SAR.npy,Niger,01_NF,open,-1,0.0,0.00208,0,0
data/urban_sar_floods_preprocessed/01_NF/SAR/20221013_Niger_ID_15_15_SAR.npy,Niger,01_NF,open,-1,0.0,0.001766,0,0
data/urban_sar_floods_preprocessed/01_NF/SAR/20221013_Niger_ID_15_16_SAR.npy,Niger,01_NF,open,-1,0.0,0.00193,0,0
data/urban_sar_floods_preprocessed/01_NF/SAR/20221013_Niger_ID_15_17_SAR.npy,Niger,01_NF,open,-1,0.0,0.002071,0,0
data/urban_sar_floods_preprocessed/01_NF/SAR/20221013_Niger_ID_15_18_SAR.npy,Niger,01_NF,open,-1,0.0,0.002248,0,0
data/urban_sar_floods_preprocessed/01_NF/SAR/20221013_Niger_ID_15_19_SAR.npy,Niger,01_NF,open,-1,0.0,0.001866,0,0
data/urban_sar_floods_preprocessed/01_NF/SAR/20221013_Niger_ID_15_20_SAR.npy,Niger,01_NF,open,-1,0.0,0.002251,0,0
data/urban_sar_floods_preprocessed/01_NF/SAR/20221013_Niger_ID_15_21_SAR.npy,Niger,01_NF,open,-1,0.0,0.002351,0,0
data/urban_sar_floods_preprocessed/01_NF/SAR/20221013_Niger_ID_15_22_SAR.npy,Niger,01_NF,open,-1,0.0,0.002275,0,0
data/urban_sar_floods_preprocessed/01_NF/SAR/20221013_Niger_ID_15_23_SAR.npy,Niger,01_NF,open,-1,0.0,0.002644,0,0
data/urban_sar_floods_preprocessed/01_NF/SAR/20221013_Niger_ID_15_24_SAR.npy,Niger,01_NF,open,-1,0.0,0.002462,0,0
data/urban_sar_floods_preprocessed/01_NF/SAR/20221013_Niger_ID_15_25_SAR.npy,Niger,01_NF,open,-1,0.0,0.00276,0,0
data/urban_sar_floods_preprocessed/01_NF/SAR/20221013_Niger_ID_15_2_SAR.npy,Niger,01_NF,open,-1,0.0,0.001589,0,0
data/urban_sar_floods_preprocessed/01_NF/SAR/20221013_Niger_ID_15_3_SAR.npy,Niger,01_NF,open,-1,0.0,0.002008,0,0
data/urban_sar_floods_preprocessed/01_NF/SAR/20221013_Niger_ID_15_4_SAR.npy,Niger,01_NF,open,-1,0.0,0.001856,0,0
data/urban_sar_floods_preprocessed/01_NF/SAR/20221013_Niger_ID_15_5_SAR.npy,Niger,01_NF,open,-1,0.0,0.001608,0,0
data/urban_sar_floods_preprocessed/01_NF/SAR/20221013_Niger_ID_15_6_SAR.npy,Niger,01_NF,open,-1,0.0,0.001613,0,0
data/urban_sar_floods_preprocessed/01_NF/SAR/20221013_Niger_ID_15_7_SAR.npy,Niger,01_NF,open,-1,0.0,0.001719,0,0
data/urban_sar_floods_preprocessed/01_NF/SAR/20221013_Niger_ID_15_8_SAR.npy,Niger,01_NF,open,-1,0.0,0.0018,0,0
data/urban_sar_floods_preprocessed/01_NF/SAR/20221013_Niger_ID_15_9_SAR.npy,Niger,01_NF,open,-1,0.0,0.002148,0,0
data/urban_sar_floods_preprocessed/01_NF/SAR/20221013_Niger_ID_16_11_SAR.npy,Niger,01_NF,open,-1,0.0,0.001998,0,0
data/urban_sar_floods_preprocessed/01_NF/SAR/20221013_Niger_ID_16_12_SAR.npy,Niger,01_NF,open,-1,0.0,0.002002,0,0
data/urban_sar_floods_preprocessed/01_NF/SAR/20221013_Niger_ID_16_13_SAR.npy,Niger,01_NF,open,-1,0.0,0.002259,0,0
data/urban_sar_floods_preprocessed/01_NF/SAR/20221013_Niger_ID_16_14_SAR.npy,Niger,01_NF,open,-1,0.0,0.00247,0,0
data/urban_sar_floods_preprocessed/01_NF/SAR/20221013_Niger_ID_16_15_SAR.npy,Niger,01_NF,open,-1,0.0,0.002308,0,0
data/urban_sar_floods_preprocessed/01_NF/SAR/20221013_Niger_ID_16_16_SAR.npy,Niger,01_NF,open,-1,0.0,0.002224,0,0
data/urban_sar_floods_preprocessed/01_NF/SAR/20221013_Niger_ID_16_17_SAR.npy,Niger,01_NF,open,-1,0.0,0.002215,0,0
data/urban_sar_floods_preprocessed/01_NF/SAR/20221013_Niger_ID_16_18_SAR.npy,Niger,01_NF,open,-1,0.0,0.002082,0,0
data/urban_sar_floods_preprocessed/01_NF/SAR/20221013_Niger_ID_16_19_SAR.npy,Niger,01_NF,open,-1,0.0,0.001925,0,0
data/urban_sar_floods_preprocessed/01_NF/SAR/20221013_Niger_ID_16_20_SAR.npy,Niger,01_NF,open,-1,0.0,0.002266,0,0
data/urban_sar_floods_preprocessed/01_NF/SAR/20221013_Niger_ID_16_21_SAR.npy,Niger,01_NF,open,-1,0.0,0.002315,0,0
data/urban_sar_floods_preprocessed/01_NF/SAR/20221013_Niger_ID_16_22_SAR.npy,Niger,01_NF,open,-1,0.0,0.002308,0,0
data/urban_sar_floods_preprocessed/01_NF/SAR/20221013_Niger_ID_16_23_SAR.npy,Niger,01_NF,open,-1,0.0,0.002687,0,0
data/urban_sar_floods_preprocessed/01_NF/SAR/20221013_Niger_ID_16_24_SAR.npy,Niger,01_NF,open,-1,0.0,0.002735,0,0
data/urban_sar_floods_preprocessed/01_NF/SAR/20221013_Niger_ID_16_29_SAR.npy,Niger,01_NF,open,-1,0.0,0.001251,0,0
data/urban_sar_floods_preprocessed/01_NF/SAR/20221013_Niger_ID_16_2_SAR.npy,Niger,01_NF,open,-1,0.0,0.000858,0,0
data/urban_sar_floods_preprocessed/01_NF/SAR/20221013_Niger_ID_16_3_SAR.npy,Niger,01_NF,open,-1,0.0,0.001867,0,0
data/urban_sar_floods_preprocessed/01_NF/SAR/20221013_Niger_ID_16_4_SAR.npy,Niger,01_NF,open,-1,0.0,0.0018,0,0
data/urban_sar_floods_preprocessed/01_NF/SAR/20221013_Niger_ID_16_5_SAR.npy,Niger,01_NF,open,-1,0.0,0.001561,0,0
data/urban_sar_floods_preprocessed/01_NF/SAR/20221013_Niger_ID_16_7_SAR.npy,Niger,01_NF,open,-1,0.0,0.002015,0,0
data/urban_sar_floods_preprocessed/01_NF/SAR/20221013_Niger_ID_16_8_SAR.npy,Niger,01_NF,open,-1,0.0,0.001796,0,0
data/urban_sar_floods_preprocessed/01_NF/SAR/20221013_Niger_ID_16_9_SAR.npy,Niger,01_NF,open,-1,0.0,0.002064,0,0
data/urban_sar_floods_preprocessed/01_NF/SAR/20221013_Niger_ID_17_11_SAR.npy,Niger,01_NF,open,-1,0.0,0.001868,0,0
data/urban_sar_floods_preprocessed/01_NF/SAR/20221013_Niger_ID_17_12_SAR.npy,Niger,01_NF,open,-1,0.0,0.002707,0,0
data/urban_sar_floods_preprocessed/01_NF/SAR/20221013_Niger_ID_17_13_SAR.npy,Niger,01_NF,open,-1,0.0,0.00281,0,0
data/urban_sar_floods_preprocessed/01_NF/SAR/20221013_Niger_ID_17_14_SAR.npy,Niger,01_NF,open,-1,0.0,0.002868,0,0
data/urban_sar_floods_preprocessed/01_NF/SAR/20221013_Niger_ID_17_15_SAR.npy,Niger,01_NF,open,-1,0.0,0.002921,0,0
data/urban_sar_floods_preprocessed/01_NF/SAR/20221013_Niger_ID_17_16_SAR.npy,Niger,01_NF,open,-1,0.0,0.002552,0,0
data/urban_sar_floods_preprocessed/01_NF/SAR/20221013_Niger_ID_17_17_SAR.npy,Niger,01_NF,open,-1,0.0,0.002432,0,0
data/urban_sar_floods_preprocessed/01_NF/SAR/20221013_Niger_ID_17_18_SAR.npy,Niger,01_NF,open,-1,0.0,0.002081,0,0
data/urban_sar_floods_preprocessed/01_NF/SAR/20221013_Niger_ID_17_19_SAR.npy,Niger,01_NF,open,-1,0.0,0.00227,0,0
data/urban_sar_floods_preprocessed/01_NF/SAR/20221013_Niger_ID_17_20_SAR.npy,Niger,01_NF,open,-1,0.0,0.002616,0,0
data/urban_sar_floods_preprocessed/01_NF/SAR/20221013_Niger_ID_17_21_SAR.npy,Niger,01_NF,open,-1,0.0,0.00244,0,0
data/urban_sar_floods_preprocessed/01_NF/SAR/20221013_Niger_ID_17_22_SAR.npy,Niger,01_NF,open,-1,0.0,0.00251,0,0
data/urban_sar_floods_preprocessed/01_NF/SAR/20221013_Niger_ID_17_23_SAR.npy,Niger,01_NF,open,-1,0.0,0.002699,0,0
data/urban_sar_floods_preprocessed/01_NF/SAR/20221013_Niger_ID_17_24_SAR.npy,Niger,01_NF,open,-1,0.0,0.002817,0,0
data/urban_sar_floods_preprocessed/01_NF/SAR/20221013_Niger_ID_17_25_SAR.npy,Niger,01_NF,open,-1,0.0,0.002643,0,0
data/urban_sar_floods_preprocessed/01_NF/SAR/20221013_Niger_ID_17_26_SAR.npy,Niger,01_NF,open,-1,0.0,0.002716,0,0
data/urban_sar_floods_preprocessed/01_NF/SAR/20221013_Niger_ID_17_28_SAR.npy,Niger,01_NF,open,-1,0.0,0.002652,0,0
data/urban_sar_floods_preprocessed/01_NF/SAR/20221013_Niger_ID_17_2_SAR.npy,Niger,01_NF,open,-1,0.0,0.000755,0,0
data/urban_sar_floods_preprocessed/01_NF/SAR/20221013_Niger_ID_17_3_SAR.npy,Niger,01_NF,open,-1,0.0,0.00234,0,0
data/urban_sar_floods_preprocessed/01_NF/SAR/20221013_Niger_ID_17_4_SAR.npy,Niger,01_NF,open,-1,0.0,0.00386,0,0
data/urban_sar_floods_preprocessed/01_NF/SAR/20221013_Niger_ID_17_5_SAR.npy,Niger,01_NF,open,-1,0.0,0.002132,0,0
data/urban_sar_floods_preprocessed/01_NF/SAR/20221013_Niger_ID_17_6_SAR.npy,Niger,01_NF,open,-1,0.0,0.001738,0,0
data/urban_sar_floods_preprocessed/01_NF/SAR/20221013_Niger_ID_17_7_SAR.npy,Niger,01_NF,open,-1,0.0,0.001822,0,0
data/urban_sar_floods_preprocessed/01_NF/SAR/20221013_Niger_ID_17_8_SAR.npy,Niger,01_NF,open,-1,0.0,0.001875,0,0
data/urban_sar_floods_preprocessed/01_NF/SAR/20221013_Niger_ID_18_11_SAR.npy,Niger,01_NF,open,-1,0.0,0.001912,0,0
data/urban_sar_floods_preprocessed/01_NF/SAR/20221013_Niger_ID_18_12_SAR.npy,Niger,01_NF,open,-1,0.0,0.002552,0,0
data/urban_sar_floods_preprocessed/01_NF/SAR/20221013_Niger_ID_18_13_SAR.npy,Niger,01_NF,open,-1,0.0,0.002291,0,0
data/urban_sar_floods_preprocessed/01_NF/SAR/20221013_Niger_ID_18_14_SAR.npy,Niger,01_NF,open,-1,0.0,0.002371,0,0
data/urban_sar_floods_preprocessed/01_NF/SAR/20221013_Niger_ID_18_15_SAR.npy,Niger,01_NF,open,-1,0.0,0.004119,0,0
data/urban_sar_floods_preprocessed/01_NF/SAR/20221013_Niger_ID_18_16_SAR.npy,Niger,01_NF,open,-1,0.0,0.00228,0,0
data/urban_sar_floods_preprocessed/01_NF/SAR/20221013_Niger_ID_18_17_SAR.npy,Niger,01_NF,open,-1,0.0,0.00211,0,0
data/urban_sar_floods_preprocessed/01_NF/SAR/20221013_Niger_ID_18_18_SAR.npy,Niger,01_NF,open,-1,0.0,0.002024,0,0
data/urban_sar_floods_preprocessed/01_NF/SAR/20221013_Niger_ID_18_19_SAR.npy,Niger,01_NF,open,-1,0.0,0.002173,0,0
data/urban_sar_floods_preprocessed/01_NF/SAR/20221013_Niger_ID_18_20_SAR.npy,Niger,01_NF,open,-1,0.0,0.002358,0,0
data/urban_sar_floods_preprocessed/01_NF/SAR/20221013_Niger_ID_18_21_SAR.npy,Niger,01_NF,open,-1,0.0,0.002799,0,0
data/urban_sar_floods_preprocessed/01_NF/SAR/20221013_Niger_ID_18_22_SAR.npy,Niger,01_NF,open,-1,0.0,0.00295,0,0
data/urban_sar_floods_preprocessed/01_NF/SAR/20221013_Niger_ID_18_23_SAR.npy,Niger,01_NF,open,-1,0.0,0.002804,0,0
data/urban_sar_floods_preprocessed/01_NF/SAR/20221013_Niger_ID_18_24_SAR.npy,Niger,01_NF,open,-1,0.0,0.002695,0,0
data/urban_sar_floods_preprocessed/01_NF/SAR/20221013_Niger_ID_18_25_SAR.npy,Niger,01_NF,open,-1,0.0,0.002888,0,0
data/urban_sar_floods_preprocessed/01_NF/SAR/20221013_Niger_ID_18_26_SAR.npy,Niger,01_NF,open,-1,0.0,0.002719,0,0
data/urban_sar_floods_preprocessed/01_NF/SAR/20221013_Niger_ID_18_27_SAR.npy,Niger,01_NF,open,-1,0.0,0.002564,0,0
data/urban_sar_floods_preprocessed/01_NF/SAR/20221013_Niger_ID_18_28_SAR.npy,Niger,01_NF,open,-1,0.0,0.002171,0,0
data/urban_sar_floods_preprocessed/01_NF/SAR/20221013_Niger_ID_18_2_SAR.npy,Niger,01_NF,open,-1,0.0,0.000296,0,0
data/urban_sar_floods_preprocessed/01_NF/SAR/20221013_Niger_ID_18_3_SAR.npy,Niger,01_NF,open,-1,0.0,0.001863,0,0
data/urban_sar_floods_preprocessed/01_NF/SAR/20221013_Niger_ID_18_4_SAR.npy,Niger,01_NF,open,-1,0.0,0.003005,0,0
data/urban_sar_floods_preprocessed/01_NF/SAR/20221013_Niger_ID_18_5_SAR.npy,Niger,01_NF,open,-1,0.0,0.001695,0,0
data/urban_sar_floods_preprocessed/01_NF/SAR/20221013_Niger_ID_18_6_SAR.npy,Niger,01_NF,open,-1,0.0,0.001853,0,0
data/urban_sar_floods_preprocessed/01_NF/SAR/20221013_Niger_ID_18_7_SAR.npy,Niger,01_NF,open,-1,0.0,0.002264,0,0
data/urban_sar_floods_preprocessed/01_NF/SAR/20221013_Niger_ID_18_8_SAR.npy,Niger,01_NF,open,-1,0.0,0.001805,0,0
data/urban_sar_floods_preprocessed/01_NF/SAR/20221013_Niger_ID_19_11_SAR.npy,Niger,01_NF,open,-1,0.0,0.002134,0,0
data/urban_sar_floods_preprocessed/01_NF/SAR/20221013_Niger_ID_19_12_SAR.npy,Niger,01_NF,open,-1,0.0,0.002349,0,0
data/urban_sar_floods_preprocessed/01_NF/SAR/20221013_Niger_ID_19_13_SAR.npy,Niger,01_NF,open,-1,0.0,0.00262,0,0
data/urban_sar_floods_preprocessed/01_NF/SAR/20221013_Niger_ID_19_14_SAR.npy,Niger,01_NF,open,-1,0.0,0.002488,0,0
data/urban_sar_floods_preprocessed/01_NF/SAR/20221013_Niger_ID_19_15_SAR.npy,Niger,01_NF,open,-1,0.0,0.002597,0,0
data/urban_sar_floods_preprocessed/01_NF/SAR/20221013_Niger_ID_19_16_SAR.npy,Niger,01_NF,open,-1,0.0,0.002238,0,0
data/urban_sar_floods_preprocessed/01_NF/SAR/20221013_Niger_ID_19_17_SAR.npy,Niger,01_NF,open,-1,0.0,0.001978,0,0
data/urban_sar_floods_preprocessed/01_NF/SAR/20221013_Niger_ID_19_18_SAR.npy,Niger,01_NF,open,-1,0.0,0.001998,0,0
data/urban_sar_floods_preprocessed/01_NF/SAR/20221013_Niger_ID_19_19_SAR.npy,Niger,01_NF,open,-1,0.0,0.002421,0,0
data/urban_sar_floods_preprocessed/01_NF/SAR/20221013_Niger_ID_19_20_SAR.npy,Niger,01_NF,open,-1,0.0,0.003064,0,0
data/urban_sar_floods_preprocessed/01_NF/SAR/20221013_Niger_ID_19_21_SAR.npy,Niger,01_NF,open,-1,0.0,0.003291,0,0
data/urban_sar_floods_preprocessed/01_NF/SAR/20221013_Niger_ID_19_22_SAR.npy,Niger,01_NF,open,-1,0.0,0.002983,0,0
data/urban_sar_floods_preprocessed/01_NF/SAR/20221013_Niger_ID_19_23_SAR.npy,Niger,01_NF,open,-1,0.0,0.002126,0,0
data/urban_sar_floods_preprocessed/01_NF/SAR/20221013_Niger_ID_19_24_SAR.npy,Niger,01_NF,open,-1,0.0,0.001723,0,0
data/urban_sar_floods_preprocessed/01_NF/SAR/20221013_Niger_ID_19_25_SAR.npy,Niger,01_NF,open,-1,0.0,0.001152,0,0
data/urban_sar_floods_preprocessed/01_NF/SAR/20221013_Niger_ID_19_26_SAR.npy,Niger,01_NF,open,-1,0.0,0.000335,0,0
data/urban_sar_floods_preprocessed/01_NF/SAR/20221013_Niger_ID_19_27_SAR.npy,Niger,01_NF,open,-1,0.0,1.5e-05,0,0
data/urban_sar_floods_preprocessed/01_NF/SAR/20221013_Niger_ID_19_2_SAR.npy,Niger,01_NF,open,-1,0.0,1.8e-05,0,0
data/urban_sar_floods_preprocessed/01_NF/SAR/20221013_Niger_ID_19_3_SAR.npy,Niger,01_NF,open,-1,0.0,0.002031,0,0
data/urban_sar_floods_preprocessed/01_NF/SAR/20221013_Niger_ID_19_4_SAR.npy,Niger,01_NF,open,-1,0.0,0.002256,0,0
data/urban_sar_floods_preprocessed/01_NF/SAR/20221013_Niger_ID_19_5_SAR.npy,Niger,01_NF,open,-1,0.0,0.001755,0,0
data/urban_sar_floods_preprocessed/01_NF/SAR/20221013_Niger_ID_19_6_SAR.npy,Niger,01_NF,open,-1,0.0,0.001657,0,0
data/urban_sar_floods_preprocessed/01_NF/SAR/20221013_Niger_ID_19_7_SAR.npy,Niger,01_NF,open,-1,0.0,0.001545,0,0
data/urban_sar_floods_preprocessed/01_NF/SAR/20221013_Niger_ID_19_8_SAR.npy,Niger,01_NF,open,-1,0.0,0.001892,0,0
data/urban_sar_floods_preprocessed/01_NF/SAR/20221013_Niger_ID_1_20_SAR.npy,Niger,01_NF,open,-1,0.0,0.000374,0,0
data/urban_sar_floods_preprocessed/01_NF/SAR/20221013_Niger_ID_1_21_SAR.npy,Niger,01_NF,open,-1,0.0,0.001145,0,0
data/urban_sar_floods_preprocessed/01_NF/SAR/20221013_Niger_ID_1_22_SAR.npy,Niger,01_NF,open,-1,0.0,0.001398,0,0
data/urban_sar_floods_preprocessed/01_NF/SAR/20221013_Niger_ID_1_23_SAR.npy,Niger,01_NF,open,-1,0.0,0.002071,0,0
data/urban_sar_floods_preprocessed/01_NF/SAR/20221013_Niger_ID_1_24_SAR.npy,Niger,01_NF,open,-1,0.0,0.0025,0,0
data/urban_sar_floods_preprocessed/01_NF/SAR/20221013_Niger_ID_1_25_SAR.npy,Niger,01_NF,open,-1,0.0,0.002765,0,0
data/urban_sar_floods_preprocessed/01_NF/SAR/20221013_Niger_ID_1_26_SAR.npy,Niger,01_NF,open,-1,0.0,0.001672,0,0
data/urban_sar_floods_preprocessed/01_NF/SAR/20221013_Niger_ID_20_11_SAR.npy,Niger,01_NF,open,-1,0.0,0.00202,0,0
data/urban_sar_floods_preprocessed/01_NF/SAR/20221013_Niger_ID_20_12_SAR.npy,Niger,01_NF,open,-1,0.0,0.002443,0,0
data/urban_sar_floods_preprocessed/01_NF/SAR/20221013_Niger_ID_20_13_SAR.npy,Niger,01_NF,open,-1,0.0,0.002427,0,0
data/urban_sar_floods_preprocessed/01_NF/SAR/20221013_Niger_ID_20_14_SAR.npy,Niger,01_NF,open,-1,0.0,0.002814,0,0
data/urban_sar_floods_preprocessed/01_NF/SAR/20221013_Niger_ID_20_15_SAR.npy,Niger,01_NF,open,-1,0.0,0.002444,0,0
data/urban_sar_floods_preprocessed/01_NF/SAR/20221013_Niger_ID_20_16_SAR.npy,Niger,01_NF,open,-1,0.0,0.002109,0,0
data/urban_sar_floods_preprocessed/01_NF/SAR/20221013_Niger_ID_20_17_SAR.npy,Niger,01_NF,open,-1,0.0,0.002355,0,0
data/urban_sar_floods_preprocessed/01_NF/SAR/20221013_Niger_ID_20_18_SAR.npy,Niger,01_NF,open,-1,0.0,0.002047,0,0
data/urban_sar_floods_preprocessed/01_NF/SAR/20221013_Niger_ID_20_19_SAR.npy,Niger,01_NF,open,-1,0.0,0.001815,0,0
data/urban_sar_floods_preprocessed/01_NF/SAR/20221013_Niger_ID_20_20_SAR.npy,Niger,01_NF,open,-1,0.0,0.002341,0,0
data/urban_sar_floods_preprocessed/01_NF/SAR/20221013_Niger_ID_20_21_SAR.npy,Niger,01_NF,open,-1,0.0,0.00237,0,0
data/urban_sar_floods_preprocessed/01_NF/SAR/20221013_Niger_ID_20_22_SAR.npy,Niger,01_NF,open,-1,0.0,4.6e-05,0,0
data/urban_sar_floods_preprocessed/01_NF/SAR/20221013_Niger_ID_20_3_SAR.npy,Niger,01_NF,open,-1,0.0,0.001465,0,0
data/urban_sar_floods_preprocessed/01_NF/SAR/20221013_Niger_ID_20_4_SAR.npy,Niger,01_NF,open,-1,0.0,0.002109,0,0
data/urban_sar_floods_preprocessed/01_NF/SAR/20221013_Niger_ID_20_5_SAR.npy,Niger,01_NF,open,-1,0.0,0.001673,0,0
data/urban_sar_floods_preprocessed/01_NF/SAR/20221013_Niger_ID_20_6_SAR.npy,Niger,01_NF,open,-1,0.0,0.002086,0,0
data/urban_sar_floods_preprocessed/01_NF/SAR/20221013_Niger_ID_20_7_SAR.npy,Niger,01_NF,open,-1,0.0,0.001867,0,0
data/urban_sar_floods_preprocessed/01_NF/SAR/20221013_Niger_ID_20_8_SAR.npy,Niger,01_NF,open,-1,0.0,0.001881,0,0
data/urban_sar_floods_preprocessed/01_NF/SAR/20221013_Niger_ID_21_11_SAR.npy,Niger,01_NF,open,-1,0.0,0.001365,0,0
data/urban_sar_floods_preprocessed/01_NF/SAR/20221013_Niger_ID_21_12_SAR.npy,Niger,01_NF,open,-1,0.0,0.001893,0,0
data/urban_sar_floods_preprocessed/01_NF/SAR/20221013_Niger_ID_21_13_SAR.npy,Niger,01_NF,open,-1,0.0,0.002376,0,0
data/urban_sar_floods_preprocessed/01_NF/SAR/20221013_Niger_ID_21_14_SAR.npy,Niger,01_NF,open,-1,0.0,0.002319,0,0
data/urban_sar_floods_preprocessed/01_NF/SAR/20221013_Niger_ID_21_15_SAR.npy,Niger,01_NF,open,-1,0.0,0.001916,0,0
data/urban_sar_floods_preprocessed/01_NF/SAR/20221013_Niger_ID_21_16_SAR.npy,Niger,01_NF,open,-1,0.0,0.001884,0,0
data/urban_sar_floods_preprocessed/01_NF/SAR/20221013_Niger_ID_21_17_SAR.npy,Niger,01_NF,open,-1,0.0,0.001409,0,0
data/urban_sar_floods_preprocessed/01_NF/SAR/20221013_Niger_ID_21_18_SAR.npy,Niger,01_NF,open,-1,0.0,0.000998,0,0
data/urban_sar_floods_preprocessed/01_NF/SAR/20221013_Niger_ID_21_19_SAR.npy,Niger,01_NF,open,-1,0.0,0.000468,0,0
data/urban_sar_floods_preprocessed/01_NF/SAR/20221013_Niger_ID_21_20_SAR.npy,Niger,01_NF,open,-1,0.0,0.000122,0,0
data/urban_sar_floods_preprocessed/01_NF/SAR/20221013_Niger_ID_21_3_SAR.npy,Niger,01_NF,open,-1,0.0,0.001225,0,0
data/urban_sar_floods_preprocessed/01_NF/SAR/20221013_Niger_ID_21_4_SAR.npy,Niger,01_NF,open,-1,0.0,0.001765,0,0
data/urban_sar_floods_preprocessed/01_NF/SAR/20221013_Niger_ID_21_5_SAR.npy,Niger,01_NF,open,-1,0.0,0.002538,0,0
data/urban_sar_floods_preprocessed/01_NF/SAR/20221013_Niger_ID_21_6_SAR.npy,Niger,01_NF,open,-1,0.0,0.002047,0,0
data/urban_sar_floods_preprocessed/01_NF/SAR/20221013_Niger_ID_21_7_SAR.npy,Niger,01_NF,open,-1,0.0,0.0016,0,0
data/urban_sar_floods_preprocessed/01_NF/SAR/20221013_Niger_ID_21_8_SAR.npy,Niger,01_NF,open,-1,0.0,0.001516,0,0
data/urban_sar_floods_preprocessed/01_NF/SAR/20221013_Niger_ID_22_12_SAR.npy,Niger,01_NF,open,-1,0.0,0.000347,0,0
data/urban_sar_floods_preprocessed/01_NF/SAR/20221013_Niger_ID_22_13_SAR.npy,Niger,01_NF,open,-1,0.0,0.000984,0,0
data/urban_sar_floods_preprocessed/01_NF/SAR/20221013_Niger_ID_22_14_SAR.npy,Niger,01_NF,open,-1,0.0,0.000688,0,0
data/urban_sar_floods_preprocessed/01_NF/SAR/20221013_Niger_ID_22_15_SAR.npy,Niger,01_NF,open,-1,0.0,0.000172,0,0
data/urban_sar_floods_preprocessed/01_NF/SAR/20221013_Niger_ID_22_3_SAR.npy,Niger,01_NF,open,-1,0.0,0.000946,0,0
data/urban_sar_floods_preprocessed/01_NF/SAR/20221013_Niger_ID_22_4_SAR.npy,Niger,01_NF,open,-1,0.0,0.002275,0,0
data/urban_sar_floods_preprocessed/01_NF/SAR/20221013_Niger_ID_22_5_SAR.npy,Niger,01_NF,open,-1,0.0,0.001472,0,0
data/urban_sar_floods_preprocessed/01_NF/SAR/20221013_Niger_ID_22_6_SAR.npy,Niger,01_NF,open,-1,0.0,0.000888,0,0
data/urban_sar_floods_preprocessed/01_NF/SAR/20221013_Niger_ID_22_7_SAR.npy,Niger,01_NF,open,-1,0.0,0.001085,0,0
data/urban_sar_floods_preprocessed/01_NF/SAR/20221013_Niger_ID_22_8_SAR.npy,Niger,01_NF,open,-1,0.0,0.00025,0,0
data/urban_sar_floods_preprocessed/01_NF/SAR/20221013_Niger_ID_22_9_SAR.npy,Niger,01_NF,open,-1,0.0,2.4e-05,0,0
data/urban_sar_floods_preprocessed/01_NF/SAR/20221013_Niger_ID_23_3_SAR.npy,Niger,01_NF,open,-1,0.0,7.8e-05,0,0
data/urban_sar_floods_preprocessed/01_NF/SAR/20221013_Niger_ID_23_4_SAR.npy,Niger,01_NF,open,-1,0.0,6.1e-05,0,0
data/urban_sar_floods_preprocessed/01_NF/SAR/20221013_Niger_ID_2_18_SAR.npy,Niger,01_NF,open,-1,0.0,0.001612,0,0
data/urban_sar_floods_preprocessed/01_NF/SAR/20221013_Niger_ID_2_19_SAR.npy,Niger,01_NF,open,-1,0.0,0.00282,0,0
data/urban_sar_floods_preprocessed/01_NF/SAR/20221013_Niger_ID_2_20_SAR.npy,Niger,01_NF,open,-1,0.0,0.003458,0,0
data/urban_sar_floods_preprocessed/01_NF/SAR/20221013_Niger_ID_2_21_SAR.npy,Niger,01_NF,open,-1,0.0,0.003111,0,0
data/urban_sar_floods_preprocessed/01_NF/SAR/20221013_Niger_ID_2_22_SAR.npy,Niger,01_NF,open,-1,0.0,0.003155,0,0
data/urban_sar_floods_preprocessed/01_NF/SAR/20221013_Niger_ID_2_23_SAR.npy,Niger,01_NF,open,-1,0.0,0.003261,0,0
data/urban_sar_floods_preprocessed/01_NF/SAR/20221013_Niger_ID_2_24_SAR.npy,Niger,01_NF,open,-1,0.0,0.002708,0,0
data/urban_sar_floods_preprocessed/01_NF/SAR/20221013_Niger_ID_2_25_SAR.npy,Niger,01_NF,open,-1,0.0,0.002761,0,0
data/urban_sar_floods_preprocessed/01_NF/SAR/20221013_Niger_ID_2_26_SAR.npy,Niger,01_NF,open,-1,0.0,0.002599,0,0
data/urban_sar_floods_preprocessed/01_NF/SAR/20221013_Niger_ID_3_13_SAR.npy,Niger,01_NF,open,-1,0.0,5.9e-05,0,0
data/urban_sar_floods_preprocessed/01_NF/SAR/20221013_Niger_ID_3_14_SAR.npy,Niger,01_NF,open,-1,0.0,0.000492,0,0
data/urban_sar_floods_preprocessed/01_NF/SAR/20221013_Niger_ID_3_15_SAR.npy,Niger,01_NF,open,-1,0.0,0.001039,0,0
data/urban_sar_floods_preprocessed/01_NF/SAR/20221013_Niger_ID_3_16_SAR.npy,Niger,01_NF,open,-1,0.0,0.001678,0,0
data/urban_sar_floods_preprocessed/01_NF/SAR/20221013_Niger_ID_3_17_SAR.npy,Niger,01_NF,open,-1,0.0,0.002063,0,0
data/urban_sar_floods_preprocessed/01_NF/SAR/20221013_Niger_ID_3_18_SAR.npy,Niger,01_NF,open,-1,0.0,0.002863,0,0
data/urban_sar_floods_preprocessed/01_NF/SAR/20221013_Niger_ID_3_19_SAR.npy,Niger,01_NF,open,-1,0.0,0.002897,0,0
data/urban_sar_floods_preprocessed/01_NF/SAR/20221013_Niger_ID_3_20_SAR.npy,Niger,01_NF,open,-1,0.0,0.003174,0,0
data/urban_sar_floods_preprocessed/01_NF/SAR/20221013_Niger_ID_3_21_SAR.npy,Niger,01_NF,open,-1,0.0,0.002974,0,0
data/urban_sar_floods_preprocessed/01_NF/SAR/20221013_Niger_ID_3_22_SAR.npy,Niger,01_NF,open,-1,0.0,0.002859,0,0
data/urban_sar_floods_preprocessed/01_NF/SAR/20221013_Niger_ID_3_23_SAR.npy,Niger,01_NF,open,-1,0.0,0.003169,0,0
data/urban_sar_floods_preprocessed/01_NF/SAR/20221013_Niger_ID_3_24_SAR.npy,Niger,01_NF,open,-1,0.0,0.002612,0,0
data/urban_sar_floods_preprocessed/01_NF/SAR/20221013_Niger_ID_3_25_SAR.npy,Niger,01_NF,open,-1,0.0,0.002747,0,0
data/urban_sar_floods_preprocessed/01_NF/SAR/20221013_Niger_ID_3_26_SAR.npy,Niger,01_NF,open,-1,0.0,0.002621,0,0
data/urban_sar_floods_preprocessed/01_NF/SAR/20221013_Niger_ID_3_27_SAR.npy,Niger,01_NF,open,-1,0.0,0.000116,0,0
data/urban_sar_floods_preprocessed/01_NF/SAR/20221013_Niger_ID_3_7_SAR.npy,Niger,01_NF,open,-1,0.0,0.000293,0,0
data/urban_sar_floods_preprocessed/01_NF/SAR/20221013_Niger_ID_3_8_SAR.npy,Niger,01_NF,open,-1,0.0,0.000683,0,0
data/urban_sar_floods_preprocessed/01_NF/SAR/20221013_Niger_ID_3_9_SAR.npy,Niger,01_NF,open,-1,0.0,6e-05,0,0
data/urban_sar_floods_preprocessed/01_NF/SAR/20221013_Niger_ID_4_10_SAR.npy,Niger,01_NF,open,-1,0.0,0.000934,0,0
data/urban_sar_floods_preprocessed/01_NF/SAR/20221013_Niger_ID_4_12_SAR.npy,Niger,01_NF,open,-1,0.0,0.002156,0,0
data/urban_sar_floods_preprocessed/01_NF/SAR/20221013_Niger_ID_4_13_SAR.npy,Niger,01_NF,open,-1,0.0,0.002467,0,0
data/urban_sar_floods_preprocessed/01_NF/SAR/20221013_Niger_ID_4_14_SAR.npy,Niger,01_NF,open,-1,0.0,0.002492,0,0
data/urban_sar_floods_preprocessed/01_NF/SAR/20221013_Niger_ID_4_15_SAR.npy,Niger,01_NF,open,-1,0.0,0.002552,0,0
data/urban_sar_floods_preprocessed/01_NF/SAR/20221013_Niger_ID_4_16_SAR.npy,Niger,01_NF,open,-1,0.0,0.002496,0,0
data/urban_sar_floods_preprocessed/01_NF/SAR/20221013_Niger_ID_4_17_SAR.npy,Niger,01_NF,open,-1,0.0,0.002558,0,0
data/urban_sar_floods_preprocessed/01_NF/SAR/20221013_Niger_ID_4_18_SAR.npy,Niger,01_NF,open,-1,0.0,0.002553,0,0
data/urban_sar_floods_preprocessed/01_NF/SAR/20221013_Niger_ID_4_19_SAR.npy,Niger,01_NF,open,-1,0.0,0.002653,0,0
data/urban_sar_floods_preprocessed/01_NF/SAR/20221013_Niger_ID_4_20_SAR.npy,Niger,01_NF,open,-1,0.0,0.002736,0,0
data/urban_sar_floods_preprocessed/01_NF/SAR/20221013_Niger_ID_4_21_SAR.npy,Niger,01_NF,open,-1,0.0,0.002795,0,0
data/urban_sar_floods_preprocessed/01_NF/SAR/20221013_Niger_ID_4_22_SAR.npy,Niger,01_NF,open,-1,0.0,0.002712,0,0
data/urban_sar_floods_preprocessed/01_NF/SAR/20221013_Niger_ID_4_23_SAR.npy,Niger,01_NF,open,-1,0.0,0.002895,0,0
data/urban_sar_floods_preprocessed/01_NF/SAR/20221013_Niger_ID_4_24_SAR.npy,Niger,01_NF,open,-1,0.0,0.002743,0,0
data/urban_sar_floods_preprocessed/01_NF/SAR/20221013_Niger_ID_4_25_SAR.npy,Niger,01_NF,open,-1,0.0,0.002723,0,0
data/urban_sar_floods_preprocessed/01_NF/SAR/20221013_Niger_ID_4_26_SAR.npy,Niger,01_NF,open,-1,0.0,0.002836,0,0
data/urban_sar_floods_preprocessed/01_NF/SAR/20221013_Niger_ID_4_27_SAR.npy,Niger,01_NF,open,-1,0.0,0.00067,0,0
data/urban_sar_floods_preprocessed/01_NF/SAR/20221013_Niger_ID_4_2_SAR.npy,Niger,01_NF,open,-1,0.0,0.000142,0,0
data/urban_sar_floods_preprocessed/01_NF/SAR/20221013_Niger_ID_4_8_SAR.npy,Niger,01_NF,open,-1,0.0,0.001957,0,0
data/urban_sar_floods_preprocessed/01_NF/SAR/20221013_Niger_ID_4_9_SAR.npy,Niger,01_NF,open,-1,0.0,0.000692,0,0
data/urban_sar_floods_preprocessed/01_NF/SAR/20221013_Niger_ID_5_0_SAR.npy,Niger,01_NF,open,-1,0.0,0.001049,0,0
data/urban_sar_floods_preprocessed/01_NF/SAR/20221013_Niger_ID_5_10_SAR.npy,Niger,01_NF,open,-1,0.0,0.002444,0,0
data/urban_sar_floods_preprocessed/01_NF/SAR/20221013_Niger_ID_5_12_SAR.npy,Niger,01_NF,open,-1,0.0,0.002671,0,0
data/urban_sar_floods_preprocessed/01_NF/SAR/20221013_Niger_ID_5_13_SAR.npy,Niger,01_NF,open,-1,0.0,0.002668,0,0
data/urban_sar_floods_preprocessed/01_NF/SAR/20221013_Niger_ID_5_14_SAR.npy,Niger,01_NF,open,-1,0.0,0.002482,0,0
data/urban_sar_floods_preprocessed/01_NF/SAR/20221013_Niger_ID_5_15_SAR.npy,Niger,01_NF,open,-1,0.0,0.002561,0,0
data/urban_sar_floods_preprocessed/01_NF/SAR/20221013_Niger_ID_5_16_SAR.npy,Niger,01_NF,open,-1,0.0,0.002599,0,0
data/urban_sar_floods_preprocessed/01_NF/SAR/20221013_Niger_ID_5_17_SAR.npy,Niger,01_NF,open,-1,0.0,0.002398,0,0
data/urban_sar_floods_preprocessed/01_NF/SAR/20221013_Niger_ID_5_18_SAR.npy,Niger,01_NF,open,-1,0.0,0.002494,0,0
data/urban_sar_floods_preprocessed/01_NF/SAR/20221013_Niger_ID_5_19_SAR.npy,Niger,01_NF,open,-1,0.0,0.002781,0,0
data/urban_sar_floods_preprocessed/01_NF/SAR/20221013_Niger_ID_5_20_SAR.npy,Niger,01_NF,open,-1,0.0,0.002716,0,0
data/urban_sar_floods_preprocessed/01_NF/SAR/20221013_Niger_ID_5_21_SAR.npy,Niger,01_NF,open,-1,0.0,0.002721,0,0
data/urban_sar_floods_preprocessed/01_NF/SAR/20221013_Niger_ID_5_22_SAR.npy,Niger,01_NF,open,-1,0.0,0.002865,0,0
data/urban_sar_floods_preprocessed/01_NF/SAR/20221013_Niger_ID_5_23_SAR.npy,Niger,01_NF,open,-1,0.0,0.002704,0,0
data/urban_sar_floods_preprocessed/01_NF/SAR/20221013_Niger_ID_5_24_SAR.npy,Niger,01_NF,open,-1,0.0,0.002602,0,0
data/urban_sar_floods_preprocessed/01_NF/SAR/20221013_Niger_ID_5_25_SAR.npy,Niger,01_NF,open,-1,0.0,0.00262,0,0
data/urban_sar_floods_preprocessed/01_NF/SAR/20221013_Niger_ID_5_26_SAR.npy,Niger,01_NF,open,-1,0.0,0.002759,0,0
data/urban_sar_floods_preprocessed/01_NF/SAR/20221013_Niger_ID_5_27_SAR.npy,Niger,01_NF,open,-1,0.0,0.001009,0,0
data/urban_sar_floods_preprocessed/01_NF/SAR/20221013_Niger_ID_5_7_SAR.npy,Niger,01_NF,open,-1,0.0,0.002067,0,0
data/urban_sar_floods_preprocessed/01_NF/SAR/20221013_Niger_ID_5_8_SAR.npy,Niger,01_NF,open,-1,0.0,0.002081,0,0
data/urban_sar_floods_preprocessed/01_NF/SAR/20221013_Niger_ID_5_9_SAR.npy,Niger,01_NF,open,-1,0.0,0.002252,0,0
data/urban_sar_floods_preprocessed/01_NF/SAR/20221013_Niger_ID_6_0_SAR.npy,Niger,01_NF,open,-1,0.0,0.001154,0,0
data/urban_sar_floods_preprocessed/01_NF/SAR/20221013_Niger_ID_6_10_SAR.npy,Niger,01_NF,open,-1,0.0,0.002591,0,0
data/urban_sar_floods_preprocessed/01_NF/SAR/20221013_Niger_ID_6_12_SAR.npy,Niger,01_NF,open,-1,0.0,0.002784,0,0
data/urban_sar_floods_preprocessed/01_NF/SAR/20221013_Niger_ID_6_13_SAR.npy,Niger,01_NF,open,-1,0.0,0.002405,0,0
data/urban_sar_floods_preprocessed/01_NF/SAR/20221013_Niger_ID_6_14_SAR.npy,Niger,01_NF,open,-1,0.0,0.002593,0,0
data/urban_sar_floods_preprocessed/01_NF/SAR/20221013_Niger_ID_6_15_SAR.npy,Niger,01_NF,open,-1,0.0,0.002752,0,0
data/urban_sar_floods_preprocessed/01_NF/SAR/20221013_Niger_ID_6_16_SAR.npy,Niger,01_NF,open,-1,0.0,0.002712,0,0
data/urban_sar_floods_preprocessed/01_NF/SAR/20221013_Niger_ID_6_17_SAR.npy,Niger,01_NF,open,-1,0.0,0.002456,0,0
data/urban_sar_floods_preprocessed/01_NF/SAR/20221013_Niger_ID_6_18_SAR.npy,Niger,01_NF,open,-1,0.0,0.002456,0,0
data/urban_sar_floods_preprocessed/01_NF/SAR/20221013_Niger_ID_6_19_SAR.npy,Niger,01_NF,open,-1,0.0,0.002781,0,0
data/urban_sar_floods_preprocessed/01_NF/SAR/20221013_Niger_ID_6_1_SAR.npy,Niger,01_NF,open,-1,0.0,0.001654,0,0
data/urban_sar_floods_preprocessed/01_NF/SAR/20221013_Niger_ID_6_20_SAR.npy,Niger,01_NF,open,-1,0.0,0.002992,0,0
data/urban_sar_floods_preprocessed/01_NF/SAR/20221013_Niger_ID_6_21_SAR.npy,Niger,01_NF,open,-1,0.0,0.003205,0,0
data/urban_sar_floods_preprocessed/01_NF/SAR/20221013_Niger_ID_6_22_SAR.npy,Niger,01_NF,open,-1,0.0,0.003016,0,0
data/urban_sar_floods_preprocessed/01_NF/SAR/20221013_Niger_ID_6_23_SAR.npy,Niger,01_NF,open,-1,0.0,0.002669,0,0
data/urban_sar_floods_preprocessed/01_NF/SAR/20221013_Niger_ID_6_24_SAR.npy,Niger,01_NF,open,-1,0.0,0.002862,0,0
data/urban_sar_floods_preprocessed/01_NF/SAR/20221013_Niger_ID_6_25_SAR.npy,Niger,01_NF,open,-1,0.0,0.002581,0,0
data/urban_sar_floods_preprocessed/01_NF/SAR/20221013_Niger_ID_6_26_SAR.npy,Niger,01_NF,open,-1,0.0,0.002766,0,0
data/urban_sar_floods_preprocessed/01_NF/SAR/20221013_Niger_ID_6_27_SAR.npy,Niger,01_NF,open,-1,0.0,0.001707,0,0
data/urban_sar_floods_preprocessed/01_NF/SAR/20221013_Niger_ID_6_2_SAR.npy,Niger,01_NF,open,-1,0.0,0.001509,0,0
data/urban_sar_floods_preprocessed/01_NF/SAR/20221013_Niger_ID_6_8_SAR.npy,Niger,01_NF,open,-1,0.0,0.002,0,0
data/urban_sar_floods_preprocessed/01_NF/SAR/20221013_Niger_ID_6_9_SAR.npy,Niger,01_NF,open,-1,0.0,0.002259,0,0
data/urban_sar_floods_preprocessed/01_NF/SAR/20221013_Niger_ID_7_0_SAR.npy,Niger,01_NF,open,-1,0.0,0.00082,0,0
data/urban_sar_floods_preprocessed/01_NF/SAR/20221013_Niger_ID_7_10_SAR.npy,Niger,01_NF,open,-1,0.0,0.0024,0,0
data/urban_sar_floods_preprocessed/01_NF/SAR/20221013_Niger_ID_7_12_SAR.npy,Niger,01_NF,open,-1,0.0,0.003002,0,0
data/urban_sar_floods_preprocessed/01_NF/SAR/20221013_Niger_ID_7_13_SAR.npy,Niger,01_NF,open,-1,0.0,0.002796,0,0
data/urban_sar_floods_preprocessed/01_NF/SAR/20221013_Niger_ID_7_14_SAR.npy,Niger,01_NF,open,-1,0.0,0.002627,0,0
data/urban_sar_floods_preprocessed/01_NF/SAR/20221013_Niger_ID_7_15_SAR.npy,Niger,01_NF,open,-1,0.0,0.002409,0,0
data/urban_sar_floods_preprocessed/01_NF/SAR/20221013_Niger_ID_7_16_SAR.npy,Niger,01_NF,open,-1,0.0,0.002827,0,0
data/urban_sar_floods_preprocessed/01_NF/SAR/20221013_Niger_ID_7_17_SAR.npy,Niger,01_NF,open,-1,0.0,0.002215,0,0
data/urban_sar_floods_preprocessed/01_NF/SAR/20221013_Niger_ID_7_18_SAR.npy,Niger,01_NF,open,-1,0.0,0.002183,0,0
data/urban_sar_floods_preprocessed/01_NF/SAR/20221013_Niger_ID_7_19_SAR.npy,Niger,01_NF,open,-1,0.0,0.002329,0,0
data/urban_sar_floods_preprocessed/01_NF/SAR/20221013_Niger_ID_7_1_SAR.npy,Niger,01_NF,open,-1,0.0,0.001622,0,0
data/urban_sar_floods_preprocessed/01_NF/SAR/20221013_Niger_ID_7_20_SAR.npy,Niger,01_NF,open,-1,0.0,0.00259,0,0
data/urban_sar_floods_preprocessed/01_NF/SAR/20221013_Niger_ID_7_21_SAR.npy,Niger,01_NF,open,-1,0.0,0.002484,0,0
data/urban_sar_floods_preprocessed/01_NF/SAR/20221013_Niger_ID_7_22_SAR.npy,Niger,01_NF,open,-1,0.0,0.002746,0,0
data/urban_sar_floods_preprocessed/01_NF/SAR/20221013_Niger_ID_7_23_SAR.npy,Niger,01_NF,open,-1,0.0,0.002686,0,0
data/urban_sar_floods_preprocessed/01_NF/SAR/20221013_Niger_ID_7_24_SAR.npy,Niger,01_NF,open,-1,0.0,0.002599,0,0
data/urban_sar_floods_preprocessed/01_NF/SAR/20221013_Niger_ID_7_25_SAR.npy,Niger,01_NF,open,-1,0.0,0.002292,0,0
data/urban_sar_floods_preprocessed/01_NF/SAR/20221013_Niger_ID_7_26_SAR.npy,Niger,01_NF,open,-1,0.0,0.00268,0,0
data/urban_sar_floods_preprocessed/01_NF/SAR/20221013_Niger_ID_7_27_SAR.npy,Niger,01_NF,open,-1,0.0,0.002359,0,0
data/urban_sar_floods_preprocessed/01_NF/SAR/20221013_Niger_ID_7_2_SAR.npy,Niger,01_NF,open,-1,0.0,0.001591,0,0
data/urban_sar_floods_preprocessed/01_NF/SAR/20221013_Niger_ID_7_3_SAR.npy,Niger,01_NF,open,-1,0.0,0.001601,0,0
data/urban_sar_floods_preprocessed/01_NF/SAR/20221013_Niger_ID_7_4_SAR.npy,Niger,01_NF,open,-1,0.0,0.001682,0,0
data/urban_sar_floods_preprocessed/01_NF/SAR/20221013_Niger_ID_7_5_SAR.npy,Niger,01_NF,open,-1,0.0,0.001769,0,0
data/urban_sar_floods_preprocessed/01_NF/SAR/20221013_Niger_ID_7_9_SAR.npy,Niger,01_NF,open,-1,0.0,0.002236,0,0
data/urban_sar_floods_preprocessed/01_NF/SAR/20221013_Niger_ID_8_0_SAR.npy,Niger,01_NF,open,-1,0.0,0.000449,0,0
data/urban_sar_floods_preprocessed/01_NF/SAR/20221013_Niger_ID_8_10_SAR.npy,Niger,01_NF,open,-1,0.0,0.002463,0,0
data/urban_sar_floods_preprocessed/01_NF/SAR/20221013_Niger_ID_8_11_SAR.npy,Niger,01_NF,open,-1,0.0,0.002744,0,0
data/urban_sar_floods_preprocessed/01_NF/SAR/20221013_Niger_ID_8_12_SAR.npy,Niger,01_NF,open,-1,0.0,0.002721,0,0
data/urban_sar_floods_preprocessed/01_NF/SAR/20221013_Niger_ID_8_13_SAR.npy,Niger,01_NF,open,-1,0.0,0.002445,0,0
data/urban_sar_floods_preprocessed/01_NF/SAR/20221013_Niger_ID_8_14_SAR.npy,Niger,01_NF,open,-1,0.0,0.00264,0,0
data/urban_sar_floods_preprocessed/01_NF/SAR/20221013_Niger_ID_8_15_SAR.npy,Niger,01_NF,open,-1,0.0,0.00236,0,0
data/urban_sar_floods_preprocessed/01_NF/SAR/20221013_Niger_ID_8_16_SAR.npy,Niger,01_NF,open,-1,0.0,0.002403,0,0
data/urban_sar_floods_preprocessed/01_NF/SAR/20221013_Niger_ID_8_17_SAR.npy,Niger,01_NF,open,-1,0.0,0.002327,0,0
data/urban_sar_floods_preprocessed/01_NF/SAR/20221013_Niger_ID_8_18_SAR.npy,Niger,01_NF,open,-1,0.0,0.002253,0,0
data/urban_sar_floods_preprocessed/01_NF/SAR/20221013_Niger_ID_8_19_SAR.npy,Niger,01_NF,open,-1,0.0,0.002384,0,0
data/urban_sar_floods_preprocessed/01_NF/SAR/20221013_Niger_ID_8_1_SAR.npy,Niger,01_NF,open,-1,0.0,0.001669,0,0
data/urban_sar_floods_preprocessed/01_NF/SAR/20221013_Niger_ID_8_20_SAR.npy,Niger,01_NF,open,-1,0.0,0.002582,0,0
data/urban_sar_floods_preprocessed/01_NF/SAR/20221013_Niger_ID_8_21_SAR.npy,Niger,01_NF,open,-1,0.0,0.002622,0,0
data/urban_sar_floods_preprocessed/01_NF/SAR/20221013_Niger_ID_8_22_SAR.npy,Niger,01_NF,open,-1,0.0,0.002618,0,0
data/urban_sar_floods_preprocessed/01_NF/SAR/20221013_Niger_ID_8_23_SAR.npy,Niger,01_NF,open,-1,0.0,0.002579,0,0
data/urban_sar_floods_preprocessed/01_NF/SAR/20221013_Niger_ID_8_24_SAR.npy,Niger,01_NF,open,-1,0.0,0.002599,0,0
data/urban_sar_floods_preprocessed/01_NF/SAR/20221013_Niger_ID_8_25_SAR.npy,Niger,01_NF,open,-1,0.0,0.00261,0,0
data/urban_sar_floods_preprocessed/01_NF/SAR/20221013_Niger_ID_8_26_SAR.npy,Niger,01_NF,open,-1,0.0,0.002775,0,0
data/urban_sar_floods_preprocessed/01_NF/SAR/20221013_Niger_ID_8_27_SAR.npy,Niger,01_NF,open,-1,0.0,0.002523,0,0
data/urban_sar_floods_preprocessed/01_NF/SAR/20221013_Niger_ID_8_28_SAR.npy,Niger,01_NF,open,-1,0.0,0.000137,0,0
data/urban_sar_floods_preprocessed/01_NF/SAR/20221013_Niger_ID_8_2_SAR.npy,Niger,01_NF,open,-1,0.0,0.001649,0,0
data/urban_sar_floods_preprocessed/01_NF/SAR/20221013_Niger_ID_8_3_SAR.npy,Niger,01_NF,open,-1,0.0,0.001795,0,0
data/urban_sar_floods_preprocessed/01_NF/SAR/20221013_Niger_ID_8_4_SAR.npy,Niger,01_NF,open,-1,0.0,0.00173,0,0
data/urban_sar_floods_preprocessed/01_NF/SAR/20221013_Niger_ID_8_5_SAR.npy,Niger,01_NF,open,-1,0.0,0.001867,0,0
data/urban_sar_floods_preprocessed/01_NF/SAR/20221013_Niger_ID_8_6_SAR.npy,Niger,01_NF,open,-1,0.0,0.001667,0,0
data/urban_sar_floods_preprocessed/01_NF/SAR/20221013_Niger_ID_9_0_SAR.npy,Niger,01_NF,open,-1,0.0,0.000146,0,0
data/urban_sar_floods_preprocessed/01_NF/SAR/20221013_Niger_ID_9_11_SAR.npy,Niger,01_NF,open,-1,0.0,0.002543,0,0
data/urban_sar_floods_preprocessed/01_NF/SAR/20221013_Niger_ID_9_12_SAR.npy,Niger,01_NF,open,-1,0.0,0.00227,0,0
data/urban_sar_floods_preprocessed/01_NF/SAR/20221013_Niger_ID_9_13_SAR.npy,Niger,01_NF,open,-1,0.0,0.002313,0,0
data/urban_sar_floods_preprocessed/01_NF/SAR/20221013_Niger_ID_9_14_SAR.npy,Niger,01_NF,open,-1,0.0,0.002238,0,0
data/urban_sar_floods_preprocessed/01_NF/SAR/20221013_Niger_ID_9_15_SAR.npy,Niger,01_NF,open,-1,0.0,0.002224,0,0
data/urban_sar_floods_preprocessed/01_NF/SAR/20221013_Niger_ID_9_16_SAR.npy,Niger,01_NF,open,-1,0.0,0.002241,0,0
data/urban_sar_floods_preprocessed/01_NF/SAR/20221013_Niger_ID_9_17_SAR.npy,Niger,01_NF,open,-1,0.0,0.002252,0,0
data/urban_sar_floods_preprocessed/01_NF/SAR/20221013_Niger_ID_9_18_SAR.npy,Niger,01_NF,open,-1,0.0,0.002231,0,0
data/urban_sar_floods_preprocessed/01_NF/SAR/20221013_Niger_ID_9_19_SAR.npy,Niger,01_NF,open,-1,0.0,0.002471,0,0
data/urban_sar_floods_preprocessed/01_NF/SAR/20221013_Niger_ID_9_1_SAR.npy,Niger,01_NF,open,-1,0.0,0.001762,0,0
data/urban_sar_floods_preprocessed/01_NF/SAR/20221013_Niger_ID_9_20_SAR.npy,Niger,01_NF,open,-1,0.0,0.002715,0,0
data/urban_sar_floods_preprocessed/01_NF/SAR/20221013_Niger_ID_9_21_SAR.npy,Niger,01_NF,open,-1,0.0,0.002537,0,0
data/urban_sar_floods_preprocessed/01_NF/SAR/20221013_Niger_ID_9_22_SAR.npy,Niger,01_NF,open,-1,0.0,0.002596,0,0
data/urban_sar_floods_preprocessed/01_NF/SAR/20221013_Niger_ID_9_23_SAR.npy,Niger,01_NF,open,-1,0.0,0.002677,0,0
data/urban_sar_floods_preprocessed/01_NF/SAR/20221013_Niger_ID_9_24_SAR.npy,Niger,01_NF,open,-1,0.0,0.002686,0,0
data/urban_sar_floods_preprocessed/01_NF/SAR/20221013_Niger_ID_9_25_SAR.npy,Niger,01_NF,open,-1,0.0,0.002646,0,0
data/urban_sar_floods_preprocessed/01_NF/SAR/20221013_Niger_ID_9_26_SAR.npy,Niger,01_NF,open,-1,0.0,0.002798,0,0
data/urban_sar_floods_preprocessed/01_NF/SAR/20221013_Niger_ID_9_27_SAR.npy,Niger,01_NF,open,-1,0.0,0.002604,0,0
data/urban_sar_floods_preprocessed/01_NF/SAR/20221013_Niger_ID_9_28_SAR.npy,Niger,01_NF,open,-1,0.0,0.000637,0,0
data/urban_sar_floods_preprocessed/01_NF/SAR/20221013_Niger_ID_9_2_SAR.npy,Niger,01_NF,open,-1,0.0,0.001792,0,0
data/urban_sar_floods_preprocessed/01_NF/SAR/20221013_Niger_ID_9_3_SAR.npy,Niger,01_NF,open,-1,0.0,0.0018,0,0
data/urban_sar_floods_preprocessed/01_NF/SAR/20221013_Niger_ID_9_4_SAR.npy,Niger,01_NF,open,-1,0.0,0.001755,0,0
data/urban_sar_floods_preprocessed/01_NF/SAR/20221013_Niger_ID_9_5_SAR.npy,Niger,01_NF,open,-1,0.0,0.001897,0,0
data/urban_sar_floods_preprocessed/01_NF/SAR/20221013_Niger_ID_9_6_SAR.npy,Niger,01_NF,open,-1,0.0,0.001776,0,0
data/urban_sar_floods_preprocessed/01_NF/SAR/20230805_Hebei_1_ID_10_10_SAR.npy,Hebei,01_NF,open,-1,0.0,0.001272,0,0
data/urban_sar_floods_preprocessed/01_NF/SAR/20230805_Hebei_1_ID_10_11_SAR.npy,Hebei,01_NF,open,-1,0.0,0.001783,0,0
data/urban_sar_floods_preprocessed/01_NF/SAR/20230805_Hebei_1_ID_10_12_SAR.npy,Hebei,01_NF,open,-1,0.0,0.002282,0,0
data/urban_sar_floods_preprocessed/01_NF/SAR/20230805_Hebei_1_ID_10_13_SAR.npy,Hebei,01_NF,open,-1,0.0,0.0023,0,0
data/urban_sar_floods_preprocessed/01_NF/SAR/20230805_Hebei_1_ID_10_14_SAR.npy,Hebei,01_NF,open,-1,0.0,0.002372,0,0
data/urban_sar_floods_preprocessed/01_NF/SAR/20230805_Hebei_1_ID_10_15_SAR.npy,Hebei,01_NF,open,-1,0.0,0.002668,0,0
data/urban_sar_floods_preprocessed/01_NF/SAR/20230805_Hebei_1_ID_10_16_SAR.npy,Hebei,01_NF,open,-1,0.0,0.002474,0,0
data/urban_sar_floods_preprocessed/01_NF/SAR/20230805_Hebei_1_ID_10_17_SAR.npy,Hebei,01_NF,open,-1,0.0,0.002699,0,0
data/urban_sar_floods_preprocessed/01_NF/SAR/20230805_Hebei_1_ID_10_18_SAR.npy,Hebei,01_NF,open,-1,0.0,0.002875,0,0
data/urban_sar_floods_preprocessed/01_NF/SAR/20230805_Hebei_1_ID_10_1_SAR.npy,Hebei,01_NF,open,-1,0.0,0.00016,0,0
data/urban_sar_floods_preprocessed/01_NF/SAR/20230805_Hebei_1_ID_10_21_SAR.npy,Hebei,01_NF,open,-1,0.0,0.002721,0,0
data/urban_sar_floods_preprocessed/01_NF/SAR/20230805_Hebei_1_ID_10_27_SAR.npy,Hebei,01_NF,open,-1,0.0,0.003518,0,0
data/urban_sar_floods_preprocessed/01_NF/SAR/20230805_Hebei_1_ID_10_2_SAR.npy,Hebei,01_NF,open,-1,0.0,0.001841,0,0
data/urban_sar_floods_preprocessed/01_NF/SAR/20230805_Hebei_1_ID_10_31_SAR.npy,Hebei,01_NF,open,-1,0.0,0.003514,0,0
data/urban_sar_floods_preprocessed/01_NF/SAR/20230805_Hebei_1_ID_10_34_SAR.npy,Hebei,01_NF,open,-1,0.0,0.003798,0,0
data/urban_sar_floods_preprocessed/01_NF/SAR/20230805_Hebei_1_ID_10_3_SAR.npy,Hebei,01_NF,open,-1,0.0,0.001572,0,0
data/urban_sar_floods_preprocessed/01_NF/SAR/20230805_Hebei_1_ID_10_4_SAR.npy,Hebei,01_NF,open,-1,0.0,0.001519,0,0
data/urban_sar_floods_preprocessed/01_NF/SAR/20230805_Hebei_1_ID_10_5_SAR.npy,Hebei,01_NF,open,-1,0.0,0.001365,0,0
data/urban_sar_floods_preprocessed/01_NF/SAR/20230805_Hebei_1_ID_10_9_SAR.npy,Hebei,01_NF,open,-1,0.0,0.001311,0,0
data/urban_sar_floods_preprocessed/01_NF/SAR/20230805_Hebei_1_ID_11_14_SAR.npy,Hebei,01_NF,open,-1,0.0,0.003013,0,0
data/urban_sar_floods_preprocessed/01_NF/SAR/20230805_Hebei_1_ID_11_15_SAR.npy,Hebei,01_NF,open,-1,0.0,0.003155,0,0
data/urban_sar_floods_preprocessed/01_NF/SAR/20230805_Hebei_1_ID_11_17_SAR.npy,Hebei,01_NF,open,-1,0.0,0.002804,0,0
data/urban_sar_floods_preprocessed/01_NF/SAR/20230805_Hebei_1_ID_11_18_SAR.npy,Hebei,01_NF,open,-1,0.0,0.002895,0,0
data/urban_sar_floods_preprocessed/01_NF/SAR/20230805_Hebei_1_ID_11_19_SAR.npy,Hebei,01_NF,open,-1,0.0,0.002946,0,0
data/urban_sar_floods_preprocessed/01_NF/SAR/20230805_Hebei_1_ID_11_20_SAR.npy,Hebei,01_NF,open,-1,0.0,0.002986,0,0
data/urban_sar_floods_preprocessed/01_NF/SAR/20230805_Hebei_1_ID_11_21_SAR.npy,Hebei,01_NF,open,-1,0.0,0.003217,0,0
data/urban_sar_floods_preprocessed/01_NF/SAR/20230805_Hebei_1_ID_11_26_SAR.npy,Hebei,01_NF,open,-1,0.0,0.002726,0,0
data/urban_sar_floods_preprocessed/01_NF/SAR/20230805_Hebei_1_ID_11_27_SAR.npy,Hebei,01_NF,open,-1,0.0,0.002572,0,0
data/urban_sar_floods_preprocessed/01_NF/SAR/20230805_Hebei_1_ID_11_28_SAR.npy,Hebei,01_NF,open,-1,0.0,0.003072,0,0
data/urban_sar_floods_preprocessed/01_NF/SAR/20230805_Hebei_1_ID_11_2_SAR.npy,Hebei,01_NF,open,-1,0.0,0.001123,0,0
data/urban_sar_floods_preprocessed/01_NF/SAR/20230805_Hebei_1_ID_11_33_SAR.npy,Hebei,01_NF,open,-1,0.0,0.004037,0,0
data/urban_sar_floods_preprocessed/01_NF/SAR/20230805_Hebei_1_ID_11_34_SAR.npy,Hebei,01_NF,open,-1,0.0,0.003641,0,0
data/urban_sar_floods_preprocessed/01_NF/SAR/20230805_Hebei_1_ID_11_35_SAR.npy,Hebei,01_NF,open,-1,0.0,0.003445,0,0
data/urban_sar_floods_preprocessed/01_NF/SAR/20230805_Hebei_1_ID_11_36_SAR.npy,Hebei,01_NF,open,-1,0.0,0.003134,0,0
data/urban_sar_floods_preprocessed/01_NF/SAR/20230805_Hebei_1_ID_11_37_SAR.npy,Hebei,01_NF,open,-1,0.0,0.000298,0,0
data/urban_sar_floods_preprocessed/01_NF/SAR/20230805_Hebei_1_ID_11_3_SAR.npy,Hebei,01_NF,open,-1,0.0,0.001267,0,0
data/urban_sar_floods_preprocessed/01_NF/SAR/20230805_Hebei_1_ID_11_4_SAR.npy,Hebei,01_NF,open,-1,0.0,0.001317,0,0
data/urban_sar_floods_preprocessed/01_NF/SAR/20230805_Hebei_1_ID_11_5_SAR.npy,Hebei,01_NF,open,-1,0.0,0.001665,0,0
data/urban_sar_floods_preprocessed/01_NF/SAR/20230805_Hebei_1_ID_11_7_SAR.npy,Hebei,01_NF,open,-1,0.0,0.001438,0,0
data/urban_sar_floods_preprocessed/01_NF/SAR/20230805_Hebei_1_ID_11_8_SAR.npy,Hebei,01_NF,open,-1,0.0,0.001363,0,0
data/urban_sar_floods_preprocessed/01_NF/SAR/20230805_Hebei_1_ID_11_9_SAR.npy,Hebei,01_NF,open,-1,0.0,0.001118,0,0
data/urban_sar_floods_preprocessed/01_NF/SAR/20230805_Hebei_1_ID_12_11_SAR.npy,Hebei,01_NF,open,-1,0.0,0.002593,0,0
data/urban_sar_floods_preprocessed/01_NF/SAR/20230805_Hebei_1_ID_12_12_SAR.npy,Hebei,01_NF,open,-1,0.0,0.002145,0,0
data/urban_sar_floods_preprocessed/01_NF/SAR/20230805_Hebei_1_ID_12_16_SAR.npy,Hebei,01_NF,open,-1,0.0,0.002757,0,0
data/urban_sar_floods_preprocessed/01_NF/SAR/20230805_Hebei_1_ID_12_19_SAR.npy,Hebei,01_NF,open,-1,0.0,0.003235,0,0
data/urban_sar_floods_preprocessed/01_NF/SAR/20230805_Hebei_1_ID_12_27_SAR.npy,Hebei,01_NF,open,-1,0.0,0.002863,0,0
data/urban_sar_floods_preprocessed/01_NF/SAR/20230805_Hebei_1_ID_12_29_SAR.npy,Hebei,01_NF,open,-1,0.0,0.003518,0,0
data/urban_sar_floods_preprocessed/01_NF/SAR/20230805_Hebei_1_ID_12_2_SAR.npy,Hebei,01_NF,open,-1,0.0,0.000795,0,0
data/urban_sar_floods_preprocessed/01_NF/SAR/20230805_Hebei_1_ID_12_32_SAR.npy,Hebei,01_NF,open,-1,0.0,0.003709,0,0
data/urban_sar_floods_preprocessed/01_NF/SAR/20230805_Hebei_1_ID_12_34_SAR.npy,Hebei,01_NF,open,-1,0.0,0.004166,0,0
data/urban_sar_floods_preprocessed/01_NF/SAR/20230805_Hebei_1_ID_12_36_SAR.npy,Hebei,01_NF,open,-1,0.0,0.003297,0,0
data/urban_sar_floods_preprocessed/01_NF/SAR/20230805_Hebei_1_ID_12_37_SAR.npy,Hebei,01_NF,open,-1,0.0,0.001038,0,0
data/urban_sar_floods_preprocessed/01_NF/SAR/20230805_Hebei_1_ID_12_3_SAR.npy,Hebei,01_NF,open,-1,0.0,0.001446,0,0
data/urban_sar_floods_preprocessed/01_NF/SAR/20230805_Hebei_1_ID_12_6_SAR.npy,Hebei,01_NF,open,-1,0.0,0.001795,0,0
data/urban_sar_floods_preprocessed/01_NF/SAR/20230805_Hebei_1_ID_13_13_SAR.npy,Hebei,01_NF,open,-1,0.0,0.002779,0,0
data/urban_sar_floods_preprocessed/01_NF/SAR/20230805_Hebei_1_ID_13_17_SAR.npy,Hebei,01_NF,open,-1,0.0,0.003166,0,0
data/urban_sar_floods_preprocessed/01_NF/SAR/20230805_Hebei_1_ID_13_18_SAR.npy,Hebei,01_NF,open,-1,0.0,0.003149,0,0
data/urban_sar_floods_preprocessed/01_NF/SAR/20230805_Hebei_1_ID_13_2_SAR.npy,Hebei,01_NF,open,-1,0.0,0.000793,0,0
data/urban_sar_floods_preprocessed/01_NF/SAR/20230805_Hebei_1_ID_13_32_SAR.npy,Hebei,01_NF,open,-1,0.0,0.003381,0,0
data/urban_sar_floods_preprocessed/01_NF/SAR/20230805_Hebei_1_ID_13_34_SAR.npy,Hebei,01_NF,open,-1,0.0,0.004294,0,0
data/urban_sar_floods_preprocessed/01_NF/SAR/20230805_Hebei_1_ID_13_35_SAR.npy,Hebei,01_NF,open,-1,0.0,0.003842,0,0
data/urban_sar_floods_preprocessed/01_NF/SAR/20230805_Hebei_1_ID_13_37_SAR.npy,Hebei,01_NF,open,-1,0.0,0.002349,0,0
data/urban_sar_floods_preprocessed/01_NF/SAR/20230805_Hebei_1_ID_13_4_SAR.npy,Hebei,01_NF,open,-1,0.0,0.001694,0,0
data/urban_sar_floods_preprocessed/01_NF/SAR/20230805_Hebei_1_ID_13_5_SAR.npy,Hebei,01_NF,open,-1,0.0,0.001773,0,0
data/urban_sar_floods_preprocessed/01_NF/SAR/20230805_Hebei_1_ID_13_8_SAR.npy,Hebei,01_NF,open,-1,0.0,0.002057,0,0
data/urban_sar_floods_preprocessed/01_NF/SAR/20230805_Hebei_1_ID_13_9_SAR.npy,Hebei,01_NF,open,-1,0.0,0.002277,0,0
data/urban_sar_floods_preprocessed/01_NF/SAR/20230805_Hebei_1_ID_14_10_SAR.npy,Hebei,01_NF,open,-1,0.0,0.002502,0,0
data/urban_sar_floods_preprocessed/01_NF/SAR/20230805_Hebei_1_ID_14_11_SAR.npy,Hebei,01_NF,open,-1,0.0,0.00283,0,0
data/urban_sar_floods_preprocessed/01_NF/SAR/20230805_Hebei_1_ID_14_2_SAR.npy,Hebei,01_NF,open,-1,0.0,6.7e-05,0,0
data/urban_sar_floods_preprocessed/01_NF/SAR/20230805_Hebei_1_ID_14_30_SAR.npy,Hebei,01_NF,open,-1,0.0,0.0036,0,0
data/urban_sar_floods_preprocessed/01_NF/SAR/20230805_Hebei_1_ID_14_32_SAR.npy,Hebei,01_NF,open,-1,0.0,0.003386,0,0
data/urban_sar_floods_preprocessed/01_NF/SAR/20230805_Hebei_1_ID_14_34_SAR.npy,Hebei,01_NF,open,-1,0.0,0.003612,0,0
data/urban_sar_floods_preprocessed/01_NF/SAR/20230805_Hebei_1_ID_14_36_SAR.npy,Hebei,01_NF,open,-1,0.0,0.003715,0,0
data/urban_sar_floods_preprocessed/01_NF/SAR/20230805_Hebei_1_ID_14_37_SAR.npy,Hebei,01_NF,open,-1,0.0,0.002644,0,0
data/urban_sar_floods_preprocessed/01_NF/SAR/20230805_Hebei_1_ID_14_3_SAR.npy,Hebei,01_NF,open,-1,0.0,0.001558,0,0
data/urban_sar_floods_preprocessed/01_NF/SAR/20230805_Hebei_1_ID_14_6_SAR.npy,Hebei,01_NF,open,-1,0.0,0.00231,0,0
data/urban_sar_floods_preprocessed/01_NF/SAR/20230805_Hebei_1_ID_14_8_SAR.npy,Hebei,01_NF,open,-1,0.0,0.001986,0,0
data/urban_sar_floods_preprocessed/01_NF/SAR/20230805_Hebei_1_ID_14_9_SAR.npy,Hebei,01_NF,open,-1,0.0,0.001895,0,0
data/urban_sar_floods_preprocessed/01_NF/SAR/20230805_Hebei_1_ID_15_10_SAR.npy,Hebei,01_NF,open,-1,0.0,0.002439,0,0
data/urban_sar_floods_preprocessed/01_NF/SAR/20230805_Hebei_1_ID_15_12_SAR.npy,Hebei,01_NF,open,-1,0.0,0.002622,0,0
data/urban_sar_floods_preprocessed/01_NF/SAR/20230805_Hebei_1_ID_15_15_SAR.npy,Hebei,01_NF,open,-1,0.0,0.003222,0,0
data/urban_sar_floods_preprocessed/01_NF/SAR/20230805_Hebei_1_ID_15_29_SAR.npy,Hebei,01_NF,open,-1,0.0,0.003772,0,0
data/urban_sar_floods_preprocessed/01_NF/SAR/20230805_Hebei_1_ID_15_31_SAR.npy,Hebei,01_NF,open,-1,0.0,0.005015,0,0
data/urban_sar_floods_preprocessed/01_NF/SAR/20230805_Hebei_1_ID_15_32_SAR.npy,Hebei,01_NF,open,-1,0.0,0.003512,0,0
data/urban_sar_floods_preprocessed/01_NF/SAR/20230805_Hebei_1_ID_15_33_SAR.npy,Hebei,01_NF,open,-1,0.0,0.003589,0,0
data/urban_sar_floods_preprocessed/01_NF/SAR/20230805_Hebei_1_ID_15_34_SAR.npy,Hebei,01_NF,open,-1,0.0,0.003461,0,0
data/urban_sar_floods_preprocessed/01_NF/SAR/20230805_Hebei_1_ID_15_35_SAR.npy,Hebei,01_NF,open,-1,0.0,0.003259,0,0
data/urban_sar_floods_preprocessed/01_NF/SAR/20230805_Hebei_1_ID_15_36_SAR.npy,Hebei,01_NF,open,-1,0.0,0.003291,0,0
data/urban_sar_floods_preprocessed/01_NF/SAR/20230805_Hebei_1_ID_15_37_SAR.npy,Hebei,01_NF,open,-1,0.0,0.002995,0,0
data/urban_sar_floods_preprocessed/01_NF/SAR/20230805_Hebei_1_ID_15_3_SAR.npy,Hebei,01_NF,open,-1,0.0,0.00104,0,0
data/urban_sar_floods_preprocessed/01_NF/SAR/20230805_Hebei_1_ID_16_11_SAR.npy,Hebei,01_NF,open,-1,0.0,0.00255,0,0
data/urban_sar_floods_preprocessed/01_NF/SAR/20230805_Hebei_1_ID_16_12_SAR.npy,Hebei,01_NF,open,-1,0.0,0.002667,0,0
data/urban_sar_floods_preprocessed/01_NF/SAR/20230805_Hebei_1_ID_16_14_SAR.npy,Hebei,01_NF,open,-1,0.0,0.002768,0,0
data/urban_sar_floods_preprocessed/01_NF/SAR/20230805_Hebei_1_ID_16_15_SAR.npy,Hebei,01_NF,open,-1,0.0,0.002614,0,0
data/urban_sar_floods_preprocessed/01_NF/SAR/20230805_Hebei_1_ID_16_16_SAR.npy,Hebei,01_NF,open,-1,0.0,0.003004,0,0
data/urban_sar_floods_preprocessed/01_NF/SAR/20230805_Hebei_1_ID_16_31_SAR.npy,Hebei,01_NF,open,-1,0.0,0.004426,0,0
data/urban_sar_floods_preprocessed/01_NF/SAR/20230805_Hebei_1_ID_16_32_SAR.npy,Hebei,01_NF,open,-1,0.0,0.003523,0,0
data/urban_sar_floods_preprocessed/01_NF/SAR/20230805_Hebei_1_ID_16_33_SAR.npy,Hebei,01_NF,open,-1,0.0,0.003563,0,0
data/urban_sar_floods_preprocessed/01_NF/SAR/20230805_Hebei_1_ID_16_34_SAR.npy,Hebei,01_NF,open,-1,0.0,0.003744,0,0
data/urban_sar_floods_preprocessed/01_NF/SAR/20230805_Hebei_1_ID_16_35_SAR.npy,Hebei,01_NF,open,-1,0.0,0.003373,0,0
data/urban_sar_floods_preprocessed/01_NF/SAR/20230805_Hebei_1_ID_16_36_SAR.npy,Hebei,01_NF,open,-1,0.0,0.003547,0,0
data/urban_sar_floods_preprocessed/01_NF/SAR/20230805_Hebei_1_ID_16_37_SAR.npy,Hebei,01_NF,open,-1,0.0,0.003035,0,0
data/urban_sar_floods_preprocessed/01_NF/SAR/20230805_Hebei_1_ID_16_3_SAR.npy,Hebei,01_NF,open,-1,0.0,0.000877,0,0
data/urban_sar_floods_preprocessed/01_NF/SAR/20230805_Hebei_1_ID_16_8_SAR.npy,Hebei,01_NF,open,-1,0.0,0.002218,0,0
data/urban_sar_floods_preprocessed/01_NF/SAR/20230805_Hebei_1_ID_17_25_SAR.npy,Hebei,01_NF,open,-1,0.0,0.003369,0,0
data/urban_sar_floods_preprocessed/01_NF/SAR/20230805_Hebei_1_ID_17_34_SAR.npy,Hebei,01_NF,open,-1,0.0,0.004007,0,0
data/urban_sar_floods_preprocessed/01_NF/SAR/20230805_Hebei_1_ID_17_35_SAR.npy,Hebei,01_NF,open,-1,0.0,0.003523,0,0
data/urban_sar_floods_preprocessed/01_NF/SAR/20230805_Hebei_1_ID_17_3_SAR.npy,Hebei,01_NF,open,-1,0.0,0.000648,0,0
data/urban_sar_floods_preprocessed/01_NF/SAR/20230805_Hebei_1_ID_17_5_SAR.npy,Hebei,01_NF,open,-1,0.0,0.002221,0,0
data/urban_sar_floods_preprocessed/01_NF/SAR/20230805_Hebei_1_ID_18_10_SAR.npy,Hebei,01_NF,open,-1,0.0,0.002865,0,0
data/urban_sar_floods_preprocessed/01_NF/SAR/20230805_Hebei_1_ID_18_11_SAR.npy,Hebei,01_NF,open,-1,0.0,0.003007,0,0
data/urban_sar_floods_preprocessed/01_NF/SAR/20230805_Hebei_1_ID_18_21_SAR.npy,Hebei,01_NF,open,-1,0.0,0.003134,0,0
data/urban_sar_floods_preprocessed/01_NF/SAR/20230805_Hebei_1_ID_18_25_SAR.npy,Hebei,01_NF,open,-1,0.0,0.00306,0,0
data/urban_sar_floods_preprocessed/01_NF/SAR/20230805_Hebei_1_ID_18_26_SAR.npy,Hebei,01_NF,open,-1,0.0,0.003398,0,0
data/urban_sar_floods_preprocessed/01_NF/SAR/20230805_Hebei_1_ID_18_27_SAR.npy,Hebei,01_NF,open,-1,0.0,0.002879,0,0
data/urban_sar_floods_preprocessed/01_NF/SAR/20230805_Hebei_1_ID_18_28_SAR.npy,Hebei,01_NF,open,-1,0.0,0.003638,0,0
data/urban_sar_floods_preprocessed/01_NF/SAR/20230805_Hebei_1_ID_18_29_SAR.npy,Hebei,01_NF,open,-1,0.0,0.003691,0,0
data/urban_sar_floods_preprocessed/01_NF/SAR/20230805_Hebei_1_ID_18_35_SAR.npy,Hebei,01_NF,open,-1,0.0,0.003626,0,0
data/urban_sar_floods_preprocessed/01_NF/SAR/20230805_Hebei_1_ID_18_36_SAR.npy,Hebei,01_NF,open,-1,0.0,0.003718,0,0
data/urban_sar_floods_preprocessed/01_NF/SAR/20230805_Hebei_1_ID_18_3_SAR.npy,Hebei,01_NF,open,-1,0.0,0.000141,0,0
data/urban_sar_floods_preprocessed/01_NF/SAR/20230805_Hebei_1_ID_18_6_SAR.npy,Hebei,01_NF,open,-1,0.0,0.00175,0,0
data/urban_sar_floods_preprocessed/01_NF/SAR/20230805_Hebei_1_ID_19_10_SAR.npy,Hebei,01_NF,open,-1,0.0,0.002639,0,0
data/urban_sar_floods_preprocessed/01_NF/SAR/20230805_Hebei_1_ID_19_11_SAR.npy,Hebei,01_NF,open,-1,0.0,0.002613,0,0
data/urban_sar_floods_preprocessed/01_NF/SAR/20230805_Hebei_1_ID_19_14_SAR.npy,Hebei,01_NF,open,-1,0.0,0.002362,0,0
data/urban_sar_floods_preprocessed/01_NF/SAR/20230805_Hebei_1_ID_19_24_SAR.npy,Hebei,01_NF,open,-1,0.0,0.001907,0,0
data/urban_sar_floods_preprocessed/01_NF/SAR/20230805_Hebei_1_ID_19_25_SAR.npy,Hebei,01_NF,open,-1,0.0,0.001729,0,0
data/urban_sar_floods_preprocessed/01_NF/SAR/20230805_Hebei_1_ID_19_26_SAR.npy,Hebei,01_NF,open,-1,0.0,0.00109,0,0
data/urban_sar_floods_preprocessed/01_NF/SAR/20230805_Hebei_1_ID_19_28_SAR.npy,Hebei,01_NF,open,-1,0.0,0.003301,0,0
data/urban_sar_floods_preprocessed/01_NF/SAR/20230805_Hebei_1_ID_19_30_SAR.npy,Hebei,01_NF,open,-1,0.0,0.003068,0,0
data/urban_sar_floods_preprocessed/01_NF/SAR/20230805_Hebei_1_ID_19_32_SAR.npy,Hebei,01_NF,open,-1,0.0,0.00269,0,0
data/urban_sar_floods_preprocessed/01_NF/SAR/20230805_Hebei_1_ID_19_33_SAR.npy,Hebei,01_NF,open,-1,0.0,0.002418,0,0
data/urban_sar_floods_preprocessed/01_NF/SAR/20230805_Hebei_1_ID_19_34_SAR.npy,Hebei,01_NF,open,-1,0.0,0.002288,0,0
data/urban_sar_floods_preprocessed/01_NF/SAR/20230805_Hebei_1_ID_19_35_SAR.npy,Hebei,01_NF,open,-1,0.0,0.002012,0,0
data/urban_sar_floods_preprocessed/01_NF/SAR/20230805_Hebei_1_ID_19_7_SAR.npy,Hebei,01_NF,open,-1,0.0,0.002709,0,0
data/urban_sar_floods_preprocessed/01_NF/SAR/20230805_Hebei_1_ID_1_20_SAR.npy,Hebei,01_NF,open,-1,0.0,0.000405,0,0
data/urban_sar_floods_preprocessed/01_NF/SAR/20230805_Hebei_1_ID_1_21_SAR.npy,Hebei,01_NF,open,-1,0.0,0.000597,0,0
data/urban_sar_floods_preprocessed/01_NF/SAR/20230805_Hebei_1_ID_1_22_SAR.npy,Hebei,01_NF,open,-1,0.0,0.001006,0,0
data/urban_sar_floods_preprocessed/01_NF/SAR/20230805_Hebei_1_ID_1_23_SAR.npy,Hebei,01_NF,open,-1,0.0,0.001214,0,0
data/urban_sar_floods_preprocessed/01_NF/SAR/20230805_Hebei_1_ID_1_24_SAR.npy,Hebei,01_NF,open,-1,0.0,0.000553,0,0
data/urban_sar_floods_preprocessed/01_NF/SAR/20230805_Hebei_1_ID_1_30_SAR.npy,Hebei,01_NF,open,-1,0.0,0.000155,0,0
data/urban_sar_floods_preprocessed/01_NF/SAR/20230805_Hebei_1_ID_1_31_SAR.npy,Hebei,01_NF,open,-1,0.0,0.000532,0,0
data/urban_sar_floods_preprocessed/01_NF/SAR/20230805_Hebei_1_ID_1_32_SAR.npy,Hebei,01_NF,open,-1,0.0,0.000893,0,0
data/urban_sar_floods_preprocessed/01_NF/SAR/20230805_Hebei_1_ID_1_33_SAR.npy,Hebei,01_NF,open,-1,0.0,0.00125,0,0
data/urban_sar_floods_preprocessed/01_NF/SAR/20230805_Hebei_1_ID_1_34_SAR.npy,Hebei,01_NF,open,-1,0.0,0.00178,0,0
data/urban_sar_floods_preprocessed/01_NF/SAR/20230805_Hebei_1_ID_1_35_SAR.npy,Hebei,01_NF,open,-1,0.0,0.000222,0,0
data/urban_sar_floods_preprocessed/01_NF/SAR/20230805_Hebei_1_ID_20_12_SAR.npy,Hebei,01_NF,open,-1,0.0,0.0028,0,0
data/urban_sar_floods_preprocessed/01_NF/SAR/20230805_Hebei_1_ID_20_17_SAR.npy,Hebei,01_NF,open,-1,0.0,0.001505,0,0
data/urban_sar_floods_preprocessed/01_NF/SAR/20230805_Hebei_1_ID_20_18_SAR.npy,Hebei,01_NF,open,-1,0.0,0.001113,0,0
data/urban_sar_floods_preprocessed/01_NF/SAR/20230805_Hebei_1_ID_20_21_SAR.npy,Hebei,01_NF,open,-1,0.0,2.4e-05,0,0
data/urban_sar_floods_preprocessed/01_NF/SAR/20230805_Hebei_1_ID_20_28_SAR.npy,Hebei,01_NF,open,-1,0.0,0.001497,0,0
data/urban_sar_floods_preprocessed/01_NF/SAR/20230805_Hebei_1_ID_20_29_SAR.npy,Hebei,01_NF,open,-1,0.0,0.000919,0,0
data/urban_sar_floods_preprocessed/01_NF/SAR/20230805_Hebei_1_ID_20_30_SAR.npy,Hebei,01_NF,open,-1,0.0,0.000454,0,0
data/urban_sar_floods_preprocessed/01_NF/SAR/20230805_Hebei_1_ID_20_31_SAR.npy,Hebei,01_NF,open,-1,0.0,5.1e-05,0,0
data/urban_sar_floods_preprocessed/01_NF/SAR/20230805_Hebei_1_ID_20_4_SAR.npy,Hebei,01_NF,open,-1,0.0,0.0014,0,0
data/urban_sar_floods_preprocessed/01_NF/SAR/20230805_Hebei_1_ID_20_9_SAR.npy,Hebei,01_NF,open,-1,0.0,0.002766,0,0
data/urban_sar_floods_preprocessed/01_NF/SAR/20230805_Hebei_1_ID_21_10_SAR.npy,Hebei,01_NF,open,-1,0.0,0.002829,0,0
data/urban_sar_floods_preprocessed/01_NF/SAR/20230805_Hebei_1_ID_21_11_SAR.npy,Hebei,01_NF,open,-1,0.0,0.002762,0,0
data/urban_sar_floods_preprocessed/01_NF/SAR/20230805_Hebei_1_ID_21_16_SAR.npy,Hebei,01_NF,open,-1,0.0,0.000369,0,0
data/urban_sar_floods_preprocessed/01_NF/SAR/20230805_Hebei_1_ID_21_4_SAR.npy,Hebei,01_NF,open,-1,0.0,0.000838,0,0
data/urban_sar_floods_preprocessed/01_NF/SAR/20230805_Hebei_1_ID_22_10_SAR.npy,Hebei,01_NF,open,-1,0.0,0.000917,0,0
data/urban_sar_floods_preprocessed/01_NF/SAR/20230805_Hebei_1_ID_22_11_SAR.npy,Hebei,01_NF,open,-1,0.0,0.000411,0,0
data/urban_sar_floods_preprocessed/01_NF/SAR/20230805_Hebei_1_ID_22_12_SAR.npy,Hebei,01_NF,open,-1,0.0,0.0,0,0
data/urban_sar_floods_preprocessed/01_NF/SAR/20230805_Hebei_1_ID_22_4_SAR.npy,Hebei,01_NF,open,-1,0.0,0.000264,0,0
data/urban_sar_floods_preprocessed/01_NF/SAR/20230805_Hebei_1_ID_22_6_SAR.npy,Hebei,01_NF,open,-1,0.0,0.002147,0,0
data/urban_sar_floods_preprocessed/01_NF/SAR/20230805_Hebei_1_ID_22_8_SAR.npy,Hebei,01_NF,open,-1,0.0,0.001517,0,0
data/urban_sar_floods_preprocessed/01_NF/SAR/20230805_Hebei_1_ID_2_12_SAR.npy,Hebei,01_NF,open,-1,0.0,0.00014,0,0
data/urban_sar_floods_preprocessed/01_NF/SAR/20230805_Hebei_1_ID_2_13_SAR.npy,Hebei,01_NF,open,-1,0.0,0.000533,0,0
data/urban_sar_floods_preprocessed/01_NF/SAR/20230805_Hebei_1_ID_2_14_SAR.npy,Hebei,01_NF,open,-1,0.0,0.000736,0,0
data/urban_sar_floods_preprocessed/01_NF/SAR/20230805_Hebei_1_ID_2_15_SAR.npy,Hebei,01_NF,open,-1,0.0,0.000942,0,0
data/urban_sar_floods_preprocessed/01_NF/SAR/20230805_Hebei_1_ID_2_16_SAR.npy,Hebei,01_NF,open,-1,0.0,0.001366,0,0
data/urban_sar_floods_preprocessed/01_NF/SAR/20230805_Hebei_1_ID_2_17_SAR.npy,Hebei,01_NF,open,-1,0.0,0.00145,0,0
data/urban_sar_floods_preprocessed/01_NF/SAR/20230805_Hebei_1_ID_2_18_SAR.npy,Hebei,01_NF,open,-1,0.0,0.002231,0,0
data/urban_sar_floods_preprocessed/01_NF/SAR/20230805_Hebei_1_ID_2_19_SAR.npy,Hebei,01_NF,open,-1,0.0,0.002125,0,0
data/urban_sar_floods_preprocessed/01_NF/SAR/20230805_Hebei_1_ID_2_20_SAR.npy,Hebei,01_NF,open,-1,0.0,0.002763,0,0
data/urban_sar_floods_preprocessed/01_NF/SAR/20230805_Hebei_1_ID_2_21_SAR.npy,Hebei,01_NF,open,-1,0.0,0.002686,0,0
data/urban_sar_floods_preprocessed/01_NF/SAR/20230805_Hebei_1_ID_2_22_SAR.npy,Hebei,01_NF,open,-1,0.0,0.002719,0,0
data/urban_sar_floods_preprocessed/01_NF/SAR/20230805_Hebei_1_ID_2_23_SAR.npy,Hebei,01_NF,open,-1,0.0,0.00261,0,0
data/urban_sar_floods_preprocessed/01_NF/SAR/20230805_Hebei_1_ID_2_25_SAR.npy,Hebei,01_NF,open,-1,0.0,0.001753,0,0
data/urban_sar_floods_preprocessed/01_NF/SAR/20230805_Hebei_1_ID_2_26_SAR.npy,Hebei,01_NF,open,-1,0.0,0.002157,0,0
data/urban_sar_floods_preprocessed/01_NF/SAR/20230805_Hebei_1_ID_2_27_SAR.npy,Hebei,01_NF,open,-1,0.0,0.003091,0,0
data/urban_sar_floods_preprocessed/01_NF/SAR/20230805_Hebei_1_ID_2_28_SAR.npy,Hebei,01_NF,open,-1,0.0,0.002858,0,0
data/urban_sar_floods_preprocessed/01_NF/SAR/20230805_Hebei_1_ID_2_31_SAR.npy,Hebei,01_NF,open,-1,0.0,0.003524,0,0
data/urban_sar_floods_preprocessed/01_NF/SAR/20230805_Hebei_1_ID_2_32_SAR.npy,Hebei,01_NF,open,-1,0.0,0.003274,0,0
data/urban_sar_floods_preprocessed/01_NF/SAR/20230805_Hebei_1_ID_2_33_SAR.npy,Hebei,01_NF,open,-1,0.0,0.003074,0,0
data/urban_sar_floods_preprocessed/01_NF/SAR/20230805_Hebei_1_ID_2_34_SAR.npy,Hebei,01_NF,open,-1,0.0,0.003031,0,0
data/urban_sar_floods_preprocessed/01_NF/SAR/20230805_Hebei_1_ID_2_35_SAR.npy,Hebei,01_NF,open,-1,0.0,0.000861,0,0
data/urban_sar_floods_preprocessed/01_NF/SAR/20230805_Hebei_1_ID_3_10_SAR.npy,Hebei,01_NF,open,-1,0.0,0.000239,0,0
data/urban_sar_floods_preprocessed/01_NF/SAR/20230805_Hebei_1_ID_3_11_SAR.npy,Hebei,01_NF,open,-1,0.0,0.000678,0,0
data/urban_sar_floods_preprocessed/01_NF/SAR/20230805_Hebei_1_ID_3_13_SAR.npy,Hebei,01_NF,open,-1,0.0,0.001561,0,0
data/urban_sar_floods_preprocessed/01_NF/SAR/20230805_Hebei_1_ID_3_14_SAR.npy,Hebei,01_NF,open,-1,0.0,0.001345,0,0
data/urban_sar_floods_preprocessed/01_NF/SAR/20230805_Hebei_1_ID_3_16_SAR.npy,Hebei,01_NF,open,-1,0.0,0.002397,0,0
data/urban_sar_floods_preprocessed/01_NF/SAR/20230805_Hebei_1_ID_3_17_SAR.npy,Hebei,01_NF,open,-1,0.0,0.002338,0,0
data/urban_sar_floods_preprocessed/01_NF/SAR/20230805_Hebei_1_ID_3_18_SAR.npy,Hebei,01_NF,open,-1,0.0,0.002883,0,0
data/urban_sar_floods_preprocessed/01_NF/SAR/20230805_Hebei_1_ID_3_19_SAR.npy,Hebei,01_NF,open,-1,0.0,0.002908,0,0
data/urban_sar_floods_preprocessed/01_NF/SAR/20230805_Hebei_1_ID_3_20_SAR.npy,Hebei,01_NF,open,-1,0.0,0.002683,0,0
data/urban_sar_floods_preprocessed/01_NF/SAR/20230805_Hebei_1_ID_3_21_SAR.npy,Hebei,01_NF,open,-1,0.0,0.002521,0,0
data/urban_sar_floods_preprocessed/01_NF/SAR/20230805_Hebei_1_ID_3_23_SAR.npy,Hebei,01_NF,open,-1,0.0,0.002559,0,0
data/urban_sar_floods_preprocessed/01_NF/SAR/20230805_Hebei_1_ID_3_25_SAR.npy,Hebei,01_NF,open,-1,0.0,0.003381,0,0
data/urban_sar_floods_preprocessed/01_NF/SAR/20230805_Hebei_1_ID_3_26_SAR.npy,Hebei,01_NF,open,-1,0.0,0.003333,0,0
data/urban_sar_floods_preprocessed/01_NF/SAR/20230805_Hebei_1_ID_3_27_SAR.npy,Hebei,01_NF,open,-1,0.0,0.00379,0,0
data/urban_sar_floods_preprocessed/01_NF/SAR/20230805_Hebei_1_ID_3_28_SAR.npy,Hebei,01_NF,open,-1,0.0,0.003328,0,0
data/urban_sar_floods_preprocessed/01_NF/SAR/20230805_Hebei_1_ID_3_29_SAR.npy,Hebei,01_NF,open,-1,0.0,0.003624,0,0
data/urban_sar_floods_preprocessed/01_NF/SAR/20230805_Hebei_1_ID_3_33_SAR.npy,Hebei,01_NF,open,-1,0.0,0.002904,0,0
data/urban_sar_floods_preprocessed/01_NF/SAR/20230805_Hebei_1_ID_3_34_SAR.npy,Hebei,01_NF,open,-1,0.0,0.002945,0,0
data/urban_sar_floods_preprocessed/01_NF/SAR/20230805_Hebei_1_ID_3_35_SAR.npy,Hebei,01_NF,open,-1,0.0,0.001341,0,0
data/urban_sar_floods_preprocessed/01_NF/SAR/20230805_Hebei_1_ID_4_10_SAR.npy,Hebei,01_NF,open,-1,0.0,0.001307,0,0
data/urban_sar_floods_preprocessed/01_NF/SAR/20230805_Hebei_1_ID_4_11_SAR.npy,Hebei,01_NF,open,-1,0.0,0.001392,0,0
data/urban_sar_floods_preprocessed/01_NF/SAR/20230805_Hebei_1_ID_4_13_SAR.npy,Hebei,01_NF,open,-1,0.0,0.001408,0,0
data/urban_sar_floods_preprocessed/01_NF/SAR/20230805_Hebei_1_ID_4_14_SAR.npy,Hebei,01_NF,open,-1,0.0,0.001262,0,0
data/urban_sar_floods_preprocessed/01_NF/SAR/20230805_Hebei_1_ID_4_15_SAR.npy,Hebei,01_NF,open,-1,0.0,0.001733,0,0
data/urban_sar_floods_preprocessed/01_NF/SAR/20230805_Hebei_1_ID_4_16_SAR.npy,Hebei,01_NF,open,-1,0.0,0.002365,0,0
data/urban_sar_floods_preprocessed/01_NF/SAR/20230805_Hebei_1_ID_4_17_SAR.npy,Hebei,01_NF,open,-1,0.0,0.002198,0,0
data/urban_sar_floods_preprocessed/01_NF/SAR/20230805_Hebei_1_ID_4_18_SAR.npy,Hebei,01_NF,open,-1,0.0,0.00221,0,0
data/urban_sar_floods_preprocessed/01_NF/SAR/20230805_Hebei_1_ID_4_19_SAR.npy,Hebei,01_NF,open,-1,0.0,0.00279,0,0
data/urban_sar_floods_preprocessed/01_NF/SAR/20230805_Hebei_1_ID_4_20_SAR.npy,Hebei,01_NF,open,-1,0.0,0.003164,0,0
data/urban_sar_floods_preprocessed/01_NF/SAR/20230805_Hebei_1_ID_4_23_SAR.npy,Hebei,01_NF,open,-1,0.0,0.002679,0,0
data/urban_sar_floods_preprocessed/01_NF/SAR/20230805_Hebei_1_ID_4_24_SAR.npy,Hebei,01_NF,open,-1,0.0,0.002384,0,0
data/urban_sar_floods_preprocessed/01_NF/SAR/20230805_Hebei_1_ID_4_25_SAR.npy,Hebei,01_NF,open,-1,0.0,0.003083,0,0
data/urban_sar_floods_preprocessed/01_NF/SAR/20230805_Hebei_1_ID_4_26_SAR.npy,Hebei,01_NF,open,-1,0.0,0.002917,0,0
data/urban_sar_floods_preprocessed/01_NF/SAR/20230805_Hebei_1_ID_4_27_SAR.npy,Hebei,01_NF,open,-1,0.0,0.002829,0,0
data/urban_sar_floods_preprocessed/01_NF/SAR/20230805_Hebei_1_ID_4_28_SAR.npy,Hebei,01_NF,open,-1,0.0,0.002928,0,0
data/urban_sar_floods_preprocessed/01_NF/SAR/20230805_Hebei_1_ID_4_29_SAR.npy,Hebei,01_NF,open,-1,0.0,0.003064,0,0
data/urban_sar_floods_preprocessed/01_NF/SAR/20230805_Hebei_1_ID_4_30_SAR.npy,Hebei,01_NF,open,-1,0.0,0.003495,0,0
data/urban_sar_floods_preprocessed/01_NF/SAR/20230805_Hebei_1_ID_4_31_SAR.npy,Hebei,01_NF,open,-1,0.0,0.003375,0,0
data/urban_sar_floods_preprocessed/01_NF/SAR/20230805_Hebei_1_ID_4_32_SAR.npy,Hebei,01_NF,open,-1,0.0,0.00323,0,0
data/urban_sar_floods_preprocessed/01_NF/SAR/20230805_Hebei_1_ID_4_33_SAR.npy,Hebei,01_NF,open,-1,0.0,0.001978,0,0
data/urban_sar_floods_preprocessed/01_NF/SAR/20230805_Hebei_1_ID_4_34_SAR.npy,Hebei,01_NF,open,-1,0.0,0.002188,0,0
data/urban_sar_floods_preprocessed/01_NF/SAR/20230805_Hebei_1_ID_4_3_SAR.npy,Hebei,01_NF,open,-1,0.0,0.000288,0,0
data/urban_sar_floods_preprocessed/01_NF/SAR/20230805_Hebei_1_ID_4_4_SAR.npy,Hebei,01_NF,open,-1,0.0,0.000631,0,0
data/urban_sar_floods_preprocessed/01_NF/SAR/20230805_Hebei_1_ID_4_5_SAR.npy,Hebei,01_NF,open,-1,0.0,0.000667,0,0
data/urban_sar_floods_preprocessed/01_NF/SAR/20230805_Hebei_1_ID_4_6_SAR.npy,Hebei,01_NF,open,-1,0.0,0.000903,0,0
data/urban_sar_floods_preprocessed/01_NF/SAR/20230805_Hebei_1_ID_4_7_SAR.npy,Hebei,01_NF,open,-1,0.0,0.000997,0,0
data/urban_sar_floods_preprocessed/01_NF/SAR/20230805_Hebei_1_ID_4_8_SAR.npy,Hebei,01_NF,open,-1,0.0,0.001252,0,0
data/urban_sar_floods_preprocessed/01_NF/SAR/20230805_Hebei_1_ID_4_9_SAR.npy,Hebei,01_NF,open,-1,0.0,0.001455,0,0
data/urban_sar_floods_preprocessed/01_NF/SAR/20230805_Hebei_1_ID_5_10_SAR.npy,Hebei,01_NF,open,-1,0.0,0.001602,0,0
data/urban_sar_floods_preprocessed/01_NF/SAR/20230805_Hebei_1_ID_5_11_SAR.npy,Hebei,01_NF,open,-1,0.0,0.001504,0,0
data/urban_sar_floods_preprocessed/01_NF/SAR/20230805_Hebei_1_ID_5_13_SAR.npy,Hebei,01_NF,open,-1,0.0,0.001763,0,0
data/urban_sar_floods_preprocessed/01_NF/SAR/20230805_Hebei_1_ID_5_14_SAR.npy,Hebei,01_NF,open,-1,0.0,0.00197,0,0
data/urban_sar_floods_preprocessed/01_NF/SAR/20230805_Hebei_1_ID_5_15_SAR.npy,Hebei,01_NF,open,-1,0.0,0.001865,0,0
data/urban_sar_floods_preprocessed/01_NF/SAR/20230805_Hebei_1_ID_5_16_SAR.npy,Hebei,01_NF,open,-1,0.0,0.001762,0,0
data/urban_sar_floods_preprocessed/01_NF/SAR/20230805_Hebei_1_ID_5_17_SAR.npy,Hebei,01_NF,open,-1,0.0,0.001514,0,0
data/urban_sar_floods_preprocessed/01_NF/SAR/20230805_Hebei_1_ID_5_18_SAR.npy,Hebei,01_NF,open,-1,0.0,0.002393,0,0
data/urban_sar_floods_preprocessed/01_NF/SAR/20230805_Hebei_1_ID_5_23_SAR.npy,Hebei,01_NF,open,-1,0.0,0.002174,0,0
data/urban_sar_floods_preprocessed/01_NF/SAR/20230805_Hebei_1_ID_5_24_SAR.npy,Hebei,01_NF,open,-1,0.0,0.002532,0,0
data/urban_sar_floods_preprocessed/01_NF/SAR/20230805_Hebei_1_ID_5_25_SAR.npy,Hebei,01_NF,open,-1,0.0,0.002984,0,0
data/urban_sar_floods_preprocessed/01_NF/SAR/20230805_Hebei_1_ID_5_28_SAR.npy,Hebei,01_NF,open,-1,0.0,0.003131,0,0
data/urban_sar_floods_preprocessed/01_NF/SAR/20230805_Hebei_1_ID_5_29_SAR.npy,Hebei,01_NF,open,-1,0.0,0.003217,0,0
data/urban_sar_floods_preprocessed/01_NF/SAR/20230805_Hebei_1_ID_5_2_SAR.npy,Hebei,01_NF,open,-1,0.0,0.001614,0,0
data/urban_sar_floods_preprocessed/01_NF/SAR/20230805_Hebei_1_ID_5_30_SAR.npy,Hebei,01_NF,open,-1,0.0,0.004081,0,0
data/urban_sar_floods_preprocessed/01_NF/SAR/20230805_Hebei_1_ID_5_32_SAR.npy,Hebei,01_NF,open,-1,0.0,0.003113,0,0
data/urban_sar_floods_preprocessed/01_NF/SAR/20230805_Hebei_1_ID_5_34_SAR.npy,Hebei,01_NF,open,-1,0.0,0.003211,0,0
data/urban_sar_floods_preprocessed/01_NF/SAR/20230805_Hebei_1_ID_5_35_SAR.npy,Hebei,01_NF,open,-1,0.0,0.002831,0,0
data/urban_sar_floods_preprocessed/01_NF/SAR/20230805_Hebei_1_ID_5_5_SAR.npy,Hebei,01_NF,open,-1,0.0,0.001252,0,0
data/urban_sar_floods_preprocessed/01_NF/SAR/20230805_Hebei_1_ID_5_6_SAR.npy,Hebei,01_NF,open,-1,0.0,0.001145,0,0
data/urban_sar_floods_preprocessed/01_NF/SAR/20230805_Hebei_1_ID_5_7_SAR.npy,Hebei,01_NF,open,-1,0.0,0.001007,0,0
data/urban_sar_floods_preprocessed/01_NF/SAR/20230805_Hebei_1_ID_5_8_SAR.npy,Hebei,01_NF,open,-1,0.0,0.001214,0,0
data/urban_sar_floods_preprocessed/01_NF/SAR/20230805_Hebei_1_ID_5_9_SAR.npy,Hebei,01_NF,open,-1,0.0,0.001351,0,0
data/urban_sar_floods_preprocessed/01_NF/SAR/20230805_Hebei_1_ID_6_0_SAR.npy,Hebei,01_NF,open,-1,0.0,3e-05,0,0
data/urban_sar_floods_preprocessed/01_NF/SAR/20230805_Hebei_1_ID_6_10_SAR.npy,Hebei,01_NF,open,-1,0.0,0.002154,0,0
data/urban_sar_floods_preprocessed/01_NF/SAR/20230805_Hebei_1_ID_6_11_SAR.npy,Hebei,01_NF,open,-1,0.0,0.001425,0,0
data/urban_sar_floods_preprocessed/01_NF/SAR/20230805_Hebei_1_ID_6_14_SAR.npy,Hebei,01_NF,open,-1,0.0,0.001936,0,0
data/urban_sar_floods_preprocessed/01_NF/SAR/20230805_Hebei_1_ID_6_1_SAR.npy,Hebei,01_NF,open,-1,0.0,0.001556,0,0
data/urban_sar_floods_preprocessed/01_NF/SAR/20230805_Hebei_1_ID_6_22_SAR.npy,Hebei,01_NF,open,-1,0.0,0.002781,0,0
data/urban_sar_floods_preprocessed/01_NF/SAR/20230805_Hebei_1_ID_6_23_SAR.npy,Hebei,01_NF,open,-1,0.0,0.00278,0,0
data/urban_sar_floods_preprocessed/01_NF/SAR/20230805_Hebei_1_ID_6_26_SAR.npy,Hebei,01_NF,open,-1,0.0,0.002975,0,0
data/urban_sar_floods_preprocessed/01_NF/SAR/20230805_Hebei_1_ID_6_27_SAR.npy,Hebei,01_NF,open,-1,0.0,0.003123,0,0
data/urban_sar_floods_preprocessed/01_NF/SAR/20230805_Hebei_1_ID_6_28_SAR.npy,Hebei,01_NF,open,-1,0.0,0.003098,0,0
data/urban_sar_floods_preprocessed/01_NF/SAR/20230805_Hebei_1_ID_6_34_SAR.npy,Hebei,01_NF,open,-1,0.0,0.003171,0,0
data/urban_sar_floods_preprocessed/01_NF/SAR/20230805_Hebei_1_ID_6_35_SAR.npy,Hebei,01_NF,open,-1,0.0,0.00329,0,0
data/urban_sar_floods_preprocessed/01_NF/SAR/20230805_Hebei_1_ID_6_3_SAR.npy,Hebei,01_NF,open,-1,0.0,0.00147,0,0
data/urban_sar_floods_preprocessed/01_NF/SAR/20230805_Hebei_1_ID_6_4_SAR.npy,Hebei,01_NF,open,-1,0.0,0.001314,0,0
data/urban_sar_floods_preprocessed/01_NF/SAR/20230805_Hebei_1_ID_6_5_SAR.npy,Hebei,01_NF,open,-1,0.0,0.002064,0,0
data/urban_sar_floods_preprocessed/01_NF/SAR/20230805_Hebei_1_ID_6_6_SAR.npy,Hebei,01_NF,open,-1,0.0,0.00176,0,0
data/urban_sar_floods_preprocessed/01_NF/SAR/20230805_Hebei_1_ID_6_7_SAR.npy,Hebei,01_NF,open,-1,0.0,0.001414,0,0
data/urban_sar_floods_preprocessed/01_NF/SAR/20230805_Hebei_1_ID_6_8_SAR.npy,Hebei,01_NF,open,-1,0.0,0.001349,0,0
data/urban_sar_floods_preprocessed/01_NF/SAR/20230805_Hebei_1_ID_6_9_SAR.npy,Hebei,01_NF,open,-1,0.0,0.001759,0,0
data/urban_sar_floods_preprocessed/01_NF/SAR/20230805_Hebei_1_ID_7_11_SAR.npy,Hebei,01_NF,open,-1,0.0,0.002428,0,0
data/urban_sar_floods_preprocessed/01_NF/SAR/20230805_Hebei_1_ID_7_12_SAR.npy,Hebei,01_NF,open,-1,0.0,0.001927,0,0
data/urban_sar_floods_preprocessed/01_NF/SAR/20230805_Hebei_1_ID_7_13_SAR.npy,Hebei,01_NF,open,-1,0.0,0.002365,0,0
data/urban_sar_floods_preprocessed/01_NF/SAR/20230805_Hebei_1_ID_7_14_SAR.npy,Hebei,01_NF,open,-1,0.0,0.00229,0,0
data/urban_sar_floods_preprocessed/01_NF/SAR/20230805_Hebei_1_ID_7_15_SAR.npy,Hebei,01_NF,open,-1,0.0,0.002096,0,0
data/urban_sar_floods_preprocessed/01_NF/SAR/20230805_Hebei_1_ID_7_19_SAR.npy,Hebei,01_NF,open,-1,0.0,0.002316,0,0
data/urban_sar_floods_preprocessed/01_NF/SAR/20230805_Hebei_1_ID_7_1_SAR.npy,Hebei,01_NF,open,-1,0.0,0.001066,0,0
data/urban_sar_floods_preprocessed/01_NF/SAR/20230805_Hebei_1_ID_7_20_SAR.npy,Hebei,01_NF,open,-1,0.0,0.002457,0,0
data/urban_sar_floods_preprocessed/01_NF/SAR/20230805_Hebei_1_ID_7_22_SAR.npy,Hebei,01_NF,open,-1,0.0,0.003003,0,0
data/urban_sar_floods_preprocessed/01_NF/SAR/20230805_Hebei_1_ID_7_23_SAR.npy,Hebei,01_NF,open,-1,0.0,0.003324,0,0
data/urban_sar_floods_preprocessed/01_NF/SAR/20230805_Hebei_1_ID_7_24_SAR.npy,Hebei,01_NF,open,-1,0.0,0.003264,0,0
data/urban_sar_floods_preprocessed/01_NF/SAR/20230805_Hebei_1_ID_7_26_SAR.npy,Hebei,01_NF,open,-1,0.0,0.003283,0,0
data/urban_sar_floods_preprocessed/01_NF/SAR/20230805_Hebei_1_ID_7_32_SAR.npy,Hebei,01_NF,open,-1,0.0,0.003093,0,0
data/urban_sar_floods_preprocessed/01_NF/SAR/20230805_Hebei_1_ID_7_33_SAR.npy,Hebei,01_NF,open,-1,0.0,0.00293,0,0
data/urban_sar_floods_preprocessed/01_NF/SAR/20230805_Hebei_1_ID_7_34_SAR.npy,Hebei,01_NF,open,-1,0.0,0.003028,0,0
data/urban_sar_floods_preprocessed/01_NF/SAR/20230805_Hebei_1_ID_7_35_SAR.npy,Hebei,01_NF,open,-1,0.0,0.003077,0,0
data/urban_sar_floods_preprocessed/01_NF/SAR/20230805_Hebei_1_ID_7_36_SAR.npy,Hebei,01_NF,open,-1,0.0,0.00094,0,0
data/urban_sar_floods_preprocessed/01_NF/SAR/20230805_Hebei_1_ID_7_7_SAR.npy,Hebei,01_NF,open,-1,0.0,0.00123,0,0
data/urban_sar_floods_preprocessed/01_NF/SAR/20230805_Hebei_1_ID_7_8_SAR.npy,Hebei,01_NF,open,-1,0.0,0.001367,0,0
data/urban_sar_floods_preprocessed/01_NF/SAR/20230805_Hebei_1_ID_7_9_SAR.npy,Hebei,01_NF,open,-1,0.0,0.001684,0,0
data/urban_sar_floods_preprocessed/01_NF/SAR/20230805_Hebei_1_ID_8_11_SAR.npy,Hebei,01_NF,open,-1,0.0,0.002141,0,0
data/urban_sar_floods_preprocessed/01_NF/SAR/20230805_Hebei_1_ID_8_12_SAR.npy,Hebei,01_NF,open,-1,0.0,0.002601,0,0
data/urban_sar_floods_preprocessed/01_NF/SAR/20230805_Hebei_1_ID_8_13_SAR.npy,Hebei,01_NF,open,-1,0.0,0.002598,0,0
data/urban_sar_floods_preprocessed/01_NF/SAR/20230805_Hebei_1_ID_8_15_SAR.npy,Hebei,01_NF,open,-1,0.0,0.002509,0,0
data/urban_sar_floods_preprocessed/01_NF/SAR/20230805_Hebei_1_ID_8_17_SAR.npy,Hebei,01_NF,open,-1,0.0,0.00196,0,0
data/urban_sar_floods_preprocessed/01_NF/SAR/20230805_Hebei_1_ID_8_18_SAR.npy,Hebei,01_NF,open,-1,0.0,0.002317,0,0
data/urban_sar_floods_preprocessed/01_NF/SAR/20230805_Hebei_1_ID_8_19_SAR.npy,Hebei,01_NF,open,-1,0.0,0.002822,0,0
data/urban_sar_floods_preprocessed/01_NF/SAR/20230805_Hebei_1_ID_8_20_SAR.npy,Hebei,01_NF,open,-1,0.0,0.002988,0,0
data/urban_sar_floods_preprocessed/01_NF/SAR/20230805_Hebei_1_ID_8_21_SAR.npy,Hebei,01_NF,open,-1,0.0,0.0032,0,0
data/urban_sar_floods_preprocessed/01_NF/SAR/20230805_Hebei_1_ID_8_25_SAR.npy,Hebei,01_NF,open,-1,0.0,0.003669,0,0
data/urban_sar_floods_preprocessed/01_NF/SAR/20230805_Hebei_1_ID_8_36_SAR.npy,Hebei,01_NF,open,-1,0.0,0.001686,0,0
data/urban_sar_floods_preprocessed/01_NF/SAR/20230805_Hebei_1_ID_8_5_SAR.npy,Hebei,01_NF,open,-1,0.0,0.001251,0,0
data/urban_sar_floods_preprocessed/01_NF/SAR/20230805_Hebei_1_ID_8_6_SAR.npy,Hebei,01_NF,open,-1,0.0,0.001206,0,0
data/urban_sar_floods_preprocessed/01_NF/SAR/20230805_Hebei_1_ID_8_7_SAR.npy,Hebei,01_NF,open,-1,0.0,0.000961,0,0
data/urban_sar_floods_preprocessed/01_NF/SAR/20230805_Hebei_1_ID_8_8_SAR.npy,Hebei,01_NF,open,-1,0.0,0.00178,0,0
data/urban_sar_floods_preprocessed/01_NF/SAR/20230805_Hebei_1_ID_9_10_SAR.npy,Hebei,01_NF,open,-1,0.0,0.001391,0,0
data/urban_sar_floods_preprocessed/01_NF/SAR/20230805_Hebei_1_ID_9_11_SAR.npy,Hebei,01_NF,open,-1,0.0,0.001543,0,0
data/urban_sar_floods_preprocessed/01_NF/SAR/20230805_Hebei_1_ID_9_13_SAR.npy,Hebei,01_NF,open,-1,0.0,0.002252,0,0
data/urban_sar_floods_preprocessed/01_NF/SAR/20230805_Hebei_1_ID_9_14_SAR.npy,Hebei,01_NF,open,-1,0.0,0.002823,0,0
data/urban_sar_floods_preprocessed/01_NF/SAR/20230805_Hebei_1_ID_9_15_SAR.npy,Hebei,01_NF,open,-1,0.0,0.003121,0,0
data/urban_sar_floods_preprocessed/01_NF/SAR/20230805_Hebei_1_ID_9_16_SAR.npy,Hebei,01_NF,open,-1,0.0,0.002853,0,0
data/urban_sar_floods_preprocessed/01_NF/SAR/20230805_Hebei_1_ID_9_17_SAR.npy,Hebei,01_NF,open,-1,0.0,0.00271,0,0
data/urban_sar_floods_preprocessed/01_NF/SAR/20230805_Hebei_1_ID_9_19_SAR.npy,Hebei,01_NF,open,-1,0.0,0.002582,0,0
data/urban_sar_floods_preprocessed/01_NF/SAR/20230805_Hebei_1_ID_9_20_SAR.npy,Hebei,01_NF,open,-1,0.0,0.002886,0,0
data/urban_sar_floods_preprocessed/01_NF/SAR/20230805_Hebei_1_ID_9_21_SAR.npy,Hebei,01_NF,open,-1,0.0,0.00298,0,0
data/urban_sar_floods_preprocessed/01_NF/SAR/20230805_Hebei_1_ID_9_22_SAR.npy,Hebei,01_NF,open,-1,0.0,0.002876,0,0
data/urban_sar_floods_preprocessed/01_NF/SAR/20230805_Hebei_1_ID_9_23_SAR.npy,Hebei,01_NF,open,-1,0.0,0.003017,0,0
data/urban_sar_floods_preprocessed/01_NF/SAR/20230805_Hebei_1_ID_9_24_SAR.npy,Hebei,01_NF,open,-1,0.0,0.003846,0,0
data/urban_sar_floods_preprocessed/01_NF/SAR/20230805_Hebei_1_ID_9_35_SAR.npy,Hebei,01_NF,open,-1,0.0,0.003303,0,0
data/urban_sar_floods_preprocessed/01_NF/SAR/20230805_Hebei_1_ID_9_36_SAR.npy,Hebei,01_NF,open,-1,0.0,0.002237,0,0
data/urban_sar_floods_preprocessed/01_NF/SAR/20230805_Hebei_1_ID_9_3_SAR.npy,Hebei,01_NF,open,-1,0.0,0.001216,0,0
data/urban_sar_floods_preprocessed/01_NF/SAR/20230805_Hebei_1_ID_9_5_SAR.npy,Hebei,01_NF,open,-1,0.0,0.001042,0,0
data/urban_sar_floods_preprocessed/01_NF/SAR/20230805_Hebei_1_ID_9_6_SAR.npy,Hebei,01_NF,open,-1,0.0,0.001226,0,0
data/urban_sar_floods_preprocessed/01_NF/SAR/20230805_Hebei_1_ID_9_7_SAR.npy,Hebei,01_NF,open,-1,0.0,0.001313,0,0
data/urban_sar_floods_preprocessed/01_NF/SAR/20230805_Hebei_1_ID_9_8_SAR.npy,Hebei,01_NF,open,-1,0.0,0.001338,0,0
data/urban_sar_floods_preprocessed/01_NF/SAR/20230805_Hebei_1_ID_9_9_SAR.npy,Hebei,01_NF,open,-1,0.0,0.001373,0,0
data/urban_sar_floods_preprocessed/01_NF/SAR/20230805_Hebei_2_ID_10_11_SAR.npy,Hebei,01_NF,open,-1,0.0,0.002473,0,0
data/urban_sar_floods_preprocessed/01_NF/SAR/20230805_Hebei_2_ID_10_13_SAR.npy,Hebei,01_NF,open,-1,0.0,0.002771,0,0
data/urban_sar_floods_preprocessed/01_NF/SAR/20230805_Hebei_2_ID_10_17_SAR.npy,Hebei,01_NF,open,-1,0.0,0.002408,0,0
data/urban_sar_floods_preprocessed/01_NF/SAR/20230805_Hebei_2_ID_10_18_SAR.npy,Hebei,01_NF,open,-1,0.0,0.002608,0,0
data/urban_sar_floods_preprocessed/01_NF/SAR/20230805_Hebei_2_ID_10_19_SAR.npy,Hebei,01_NF,open,-1,0.0,0.002748,0,0
data/urban_sar_floods_preprocessed/01_NF/SAR/20230805_Hebei_2_ID_10_20_SAR.npy,Hebei,01_NF,open,-1,0.0,0.002437,0,0
data/urban_sar_floods_preprocessed/01_NF/SAR/20230805_Hebei_2_ID_10_21_SAR.npy,Hebei,01_NF,open,-1,0.0,0.00263,0,0
data/urban_sar_floods_preprocessed/01_NF/SAR/20230805_Hebei_2_ID_10_22_SAR.npy,Hebei,01_NF,open,-1,0.0,0.002914,0,0
data/urban_sar_floods_preprocessed/01_NF/SAR/20230805_Hebei_2_ID_10_30_SAR.npy,Hebei,01_NF,open,-1,0.0,0.002268,0,0
data/urban_sar_floods_preprocessed/01_NF/SAR/20230805_Hebei_2_ID_10_34_SAR.npy,Hebei,01_NF,open,-1,0.0,0.002431,0,0
data/urban_sar_floods_preprocessed/01_NF/SAR/20230805_Hebei_2_ID_10_36_SAR.npy,Hebei,01_NF,open,-1,0.0,8.6e-05,0,0
data/urban_sar_floods_preprocessed/01_NF/SAR/20230805_Hebei_2_ID_10_3_SAR.npy,Hebei,01_NF,open,-1,0.0,0.002085,0,0
data/urban_sar_floods_preprocessed/01_NF/SAR/20230805_Hebei_2_ID_10_4_SAR.npy,Hebei,01_NF,open,-1,0.0,0.002558,0,0
data/urban_sar_floods_preprocessed/01_NF/SAR/20230805_Hebei_2_ID_10_5_SAR.npy,Hebei,01_NF,open,-1,0.0,0.002901,0,0
data/urban_sar_floods_preprocessed/01_NF/SAR/20230805_Hebei_2_ID_10_8_SAR.npy,Hebei,01_NF,open,-1,0.0,0.002078,0,0
data/urban_sar_floods_preprocessed/01_NF/SAR/20230805_Hebei_2_ID_10_9_SAR.npy,Hebei,01_NF,open,-1,0.0,0.001987,0,0
data/urban_sar_floods_preprocessed/01_NF/SAR/20230805_Hebei_2_ID_11_10_SAR.npy,Hebei,01_NF,open,-1,0.0,0.002618,0,0
data/urban_sar_floods_preprocessed/01_NF/SAR/20230805_Hebei_2_ID_11_11_SAR.npy,Hebei,01_NF,open,-1,0.0,0.002583,0,0
data/urban_sar_floods_preprocessed/01_NF/SAR/20230805_Hebei_2_ID_11_15_SAR.npy,Hebei,01_NF,open,-1,0.0,0.002725,0,0
data/urban_sar_floods_preprocessed/01_NF/SAR/20230805_Hebei_2_ID_11_17_SAR.npy,Hebei,01_NF,open,-1,0.0,0.002593,0,0
data/urban_sar_floods_preprocessed/01_NF/SAR/20230805_Hebei_2_ID_11_18_SAR.npy,Hebei,01_NF,open,-1,0.0,0.002765,0,0
data/urban_sar_floods_preprocessed/01_NF/SAR/20230805_Hebei_2_ID_11_19_SAR.npy,Hebei,01_NF,open,-1,0.0,0.003085,0,0
data/urban_sar_floods_preprocessed/01_NF/SAR/20230805_Hebei_2_ID_11_1_SAR.npy,Hebei,01_NF,open,-1,0.0,0.000361,0,0
data/urban_sar_floods_preprocessed/01_NF/SAR/20230805_Hebei_2_ID_11_20_SAR.npy,Hebei,01_NF,open,-1,0.0,0.002795,0,0
data/urban_sar_floods_preprocessed/01_NF/SAR/20230805_Hebei_2_ID_11_27_SAR.npy,Hebei,01_NF,open,-1,0.0,0.002938,0,0
data/urban_sar_floods_preprocessed/01_NF/SAR/20230805_Hebei_2_ID_11_28_SAR.npy,Hebei,01_NF,open,-1,0.0,0.002838,0,0
data/urban_sar_floods_preprocessed/01_NF/SAR/20230805_Hebei_2_ID_11_29_SAR.npy,Hebei,01_NF,open,-1,0.0,0.002331,0,0
data/urban_sar_floods_preprocessed/01_NF/SAR/20230805_Hebei_2_ID_11_30_SAR.npy,Hebei,01_NF,open,-1,0.0,0.002334,0,0
data/urban_sar_floods_preprocessed/01_NF/SAR/20230805_Hebei_2_ID_11_31_SAR.npy,Hebei,01_NF,open,-1,0.0,0.002322,0,0
data/urban_sar_floods_preprocessed/01_NF/SAR/20230805_Hebei_2_ID_11_33_SAR.npy,Hebei,01_NF,open,-1,0.0,0.002815,0,0
data/urban_sar_floods_preprocessed/01_NF/SAR/20230805_Hebei_2_ID_11_34_SAR.npy,Hebei,01_NF,open,-1,0.0,0.002532,0,0
data/urban_sar_floods_preprocessed/01_NF/SAR/20230805_Hebei_2_ID_11_36_SAR.npy,Hebei,01_NF,open,-1,0.0,0.000642,0,0
data/urban_sar_floods_preprocessed/01_NF/SAR/20230805_Hebei_2_ID_11_4_SAR.npy,Hebei,01_NF,open,-1,0.0,0.002843,0,0
data/urban_sar_floods_preprocessed/01_NF/SAR/20230805_Hebei_2_ID_11_5_SAR.npy,Hebei,01_NF,open,-1,0.0,0.002697,0,0
data/urban_sar_floods_preprocessed/01_NF/SAR/20230805_Hebei_2_ID_11_6_SAR.npy,Hebei,01_NF,open,-1,0.0,0.002615,0,0
data/urban_sar_floods_preprocessed/01_NF/SAR/20230805_Hebei_2_ID_11_7_SAR.npy,Hebei,01_NF,open,-1,0.0,0.00244,0,0
data/urban_sar_floods_preprocessed/01_NF/SAR/20230805_Hebei_2_ID_11_8_SAR.npy,Hebei,01_NF,open,-1,0.0,0.002101,0,0
data/urban_sar_floods_preprocessed/01_NF/SAR/20230805_Hebei_2_ID_12_13_SAR.npy,Hebei,01_NF,open,-1,0.0,0.002247,0,0
data/urban_sar_floods_preprocessed/01_NF/SAR/20230805_Hebei_2_ID_12_14_SAR.npy,Hebei,01_NF,open,-1,0.0,0.002658,0,0
data/urban_sar_floods_preprocessed/01_NF/SAR/20230805_Hebei_2_ID_12_15_SAR.npy,Hebei,01_NF,open,-1,0.0,0.002418,0,0
data/urban_sar_floods_preprocessed/01_NF/SAR/20230805_Hebei_2_ID_12_16_SAR.npy,Hebei,01_NF,open,-1,0.0,0.002471,0,0
data/urban_sar_floods_preprocessed/01_NF/SAR/20230805_Hebei_2_ID_12_17_SAR.npy,Hebei,01_NF,open,-1,0.0,0.002463,0,0
data/urban_sar_floods_preprocessed/01_NF/SAR/20230805_Hebei_2_ID_12_18_SAR.npy,Hebei,01_NF,open,-1,0.0,0.002339,0,0
data/urban_sar_floods_preprocessed/01_NF/SAR/20230805_Hebei_2_ID_12_19_SAR.npy,Hebei,01_NF,open,-1,0.0,0.002702,0,0
data/urban_sar_floods_preprocessed/01_NF/SAR/20230805_Hebei_2_ID_12_23_SAR.npy,Hebei,01_NF,open,-1,0.0,0.002535,0,0
data/urban_sar_floods_preprocessed/01_NF/SAR/20230805_Hebei_2_ID_12_24_SAR.npy,Hebei,01_NF,open,-1,0.0,0.002863,0,0
data/urban_sar_floods_preprocessed/01_NF/SAR/20230805_Hebei_2_ID_12_25_SAR.npy,Hebei,01_NF,open,-1,0.0,0.002975,0,0
data/urban_sar_floods_preprocessed/01_NF/SAR/20230805_Hebei_2_ID_12_26_SAR.npy,Hebei,01_NF,open,-1,0.0,0.003064,0,0
data/urban_sar_floods_preprocessed/01_NF/SAR/20230805_Hebei_2_ID_12_29_SAR.npy,Hebei,01_NF,open,-1,0.0,0.002883,0,0
data/urban_sar_floods_preprocessed/01_NF/SAR/20230805_Hebei_2_ID_12_32_SAR.npy,Hebei,01_NF,open,-1,0.0,0.002434,0,0
data/urban_sar_floods_preprocessed/01_NF/SAR/20230805_Hebei_2_ID_12_34_SAR.npy,Hebei,01_NF,open,-1,0.0,0.002761,0,0
data/urban_sar_floods_preprocessed/01_NF/SAR/20230805_Hebei_2_ID_13_18_SAR.npy,Hebei,01_NF,open,-1,0.0,0.002407,0,0
data/urban_sar_floods_preprocessed/01_NF/SAR/20230805_Hebei_2_ID_13_22_SAR.npy,Hebei,01_NF,open,-1,0.0,0.002926,0,0
data/urban_sar_floods_preprocessed/01_NF/SAR/20230805_Hebei_2_ID_13_24_SAR.npy,Hebei,01_NF,open,-1,0.0,0.003098,0,0
data/urban_sar_floods_preprocessed/01_NF/SAR/20230805_Hebei_2_ID_13_25_SAR.npy,Hebei,01_NF,open,-1,0.0,0.002956,0,0
data/urban_sar_floods_preprocessed/01_NF/SAR/20230805_Hebei_2_ID_13_29_SAR.npy,Hebei,01_NF,open,-1,0.0,0.003279,0,0
data/urban_sar_floods_preprocessed/01_NF/SAR/20230805_Hebei_2_ID_13_32_SAR.npy,Hebei,01_NF,open,-1,0.0,0.002073,0,0
data/urban_sar_floods_preprocessed/01_NF/SAR/20230805_Hebei_2_ID_13_36_SAR.npy,Hebei,01_NF,open,-1,0.0,0.001569,0,0
data/urban_sar_floods_preprocessed/01_NF/SAR/20230805_Hebei_2_ID_13_5_SAR.npy,Hebei,01_NF,open,-1,0.0,0.002539,0,0
data/urban_sar_floods_preprocessed/01_NF/SAR/20230805_Hebei_2_ID_13_6_SAR.npy,Hebei,01_NF,open,-1,0.0,0.00248,0,0
data/urban_sar_floods_preprocessed/01_NF/SAR/20230805_Hebei_2_ID_13_7_SAR.npy,Hebei,01_NF,open,-1,0.0,0.00224,0,0
data/urban_sar_floods_preprocessed/01_NF/SAR/20230805_Hebei_2_ID_13_8_SAR.npy,Hebei,01_NF,open,-1,0.0,0.002098,0,0
data/urban_sar_floods_preprocessed/01_NF/SAR/20230805_Hebei_2_ID_14_12_SAR.npy,Hebei,01_NF,open,-1,0.0,0.002745,0,0
data/urban_sar_floods_preprocessed/01_NF/SAR/20230805_Hebei_2_ID_14_21_SAR.npy,Hebei,01_NF,open,-1,0.0,0.003297,0,0
data/urban_sar_floods_preprocessed/01_NF/SAR/20230805_Hebei_2_ID_14_22_SAR.npy,Hebei,01_NF,open,-1,0.0,0.002858,0,0
data/urban_sar_floods_preprocessed/01_NF/SAR/20230805_Hebei_2_ID_14_24_SAR.npy,Hebei,01_NF,open,-1,0.0,0.002979,0,0
data/urban_sar_floods_preprocessed/01_NF/SAR/20230805_Hebei_2_ID_14_25_SAR.npy,Hebei,01_NF,open,-1,0.0,0.002841,0,0
data/urban_sar_floods_preprocessed/01_NF/SAR/20230805_Hebei_2_ID_14_29_SAR.npy,Hebei,01_NF,open,-1,0.0,0.003207,0,0
data/urban_sar_floods_preprocessed/01_NF/SAR/20230805_Hebei_2_ID_14_2_SAR.npy,Hebei,01_NF,open,-1,0.0,0.001459,0,0
data/urban_sar_floods_preprocessed/01_NF/SAR/20230805_Hebei_2_ID_14_30_SAR.npy,Hebei,01_NF,open,-1,0.0,0.00277,0,0
data/urban_sar_floods_preprocessed/01_NF/SAR/20230805_Hebei_2_ID_14_31_SAR.npy,Hebei,01_NF,open,-1,0.0,0.002352,0,0
data/urban_sar_floods_preprocessed/01_NF/SAR/20230805_Hebei_2_ID_14_32_SAR.npy,Hebei,01_NF,open,-1,0.0,0.002456,0,0
data/urban_sar_floods_preprocessed/01_NF/SAR/20230805_Hebei_2_ID_14_33_SAR.npy,Hebei,01_NF,open,-1,0.0,0.002248,0,0
data/urban_sar_floods_preprocessed/01_NF/SAR/20230805_Hebei_2_ID_14_36_SAR.npy,Hebei,01_NF,open,-1,0.0,0.002006,0,0
data/urban_sar_floods_preprocessed/01_NF/SAR/20230805_Hebei_2_ID_14_3_SAR.npy,Hebei,01_NF,open,-1,0.0,0.002654,0,0
data/urban_sar_floods_preprocessed/01_NF/SAR/20230805_Hebei_2_ID_15_10_SAR.npy,Hebei,01_NF,open,-1,0.0,0.002154,0,0
data/urban_sar_floods_preprocessed/01_NF/SAR/20230805_Hebei_2_ID_15_11_SAR.npy,Hebei,01_NF,open,-1,0.0,0.002144,0,0
data/urban_sar_floods_preprocessed/01_NF/SAR/20230805_Hebei_2_ID_15_12_SAR.npy,Hebei,01_NF,open,-1,0.0,0.002177,0,0
data/urban_sar_floods_preprocessed/01_NF/SAR/20230805_Hebei_2_ID_15_13_SAR.npy,Hebei,01_NF,open,-1,0.0,0.00215,0,0
data/urban_sar_floods_preprocessed/01_NF/SAR/20230805_Hebei_2_ID_15_14_SAR.npy,Hebei,01_NF,open,-1,0.0,0.002354,0,0
data/urban_sar_floods_preprocessed/01_NF/SAR/20230805_Hebei_2_ID_15_21_SAR.npy,Hebei,01_NF,open,-1,0.0,0.003158,0,0
data/urban_sar_floods_preprocessed/01_NF/SAR/20230805_Hebei_2_ID_15_24_SAR.npy,Hebei,01_NF,open,-1,0.0,0.003391,0,0
data/urban_sar_floods_preprocessed/01_NF/SAR/20230805_Hebei_2_ID_15_25_SAR.npy,Hebei,01_NF,open,-1,0.0,0.003451,0,0
data/urban_sar_floods_preprocessed/01_NF/SAR/20230805_Hebei_2_ID_15_26_SAR.npy,Hebei,01_NF,open,-1,0.0,0.003179,0,0
data/urban_sar_floods_preprocessed/01_NF/SAR/20230805_Hebei_2_ID_15_27_SAR.npy,Hebei,01_NF,open,-1,0.0,0.002986,0,0
data/urban_sar_floods_preprocessed/01_NF/SAR/20230805_Hebei_2_ID_15_28_SAR.npy,Hebei,01_NF,open,-1,0.0,0.002412,0,0
data/urban_sar_floods_preprocessed/01_NF/SAR/20230805_Hebei_2_ID_15_29_SAR.npy,Hebei,01_NF,open,-1,0.0,0.002939,0,0
data/urban_sar_floods_preprocessed/01_NF/SAR/20230805_Hebei_2_ID_15_30_SAR.npy,Hebei,01_NF,open,-1,0.0,0.00313,0,0
data/urban_sar_floods_preprocessed/01_NF/SAR/20230805_Hebei_2_ID_15_31_SAR.npy,Hebei,01_NF,open,-1,0.0,0.003652,0,0
data/urban_sar_floods_preprocessed/01_NF/SAR/20230805_Hebei_2_ID_15_32_SAR.npy,Hebei,01_NF,open,-1,0.0,0.002872,0,0
data/urban_sar_floods_preprocessed/01_NF/SAR/20230805_Hebei_2_ID_15_33_SAR.npy,Hebei,01_NF,open,-1,0.0,0.00242,0,0
data/urban_sar_floods_preprocessed/01_NF/SAR/20230805_Hebei_2_ID_15_35_SAR.npy,Hebei,01_NF,open,-1,0.0,0.002393,0,0
data/urban_sar_floods_preprocessed/01_NF/SAR/20230805_Hebei_2_ID_15_37_SAR.npy,Hebei,01_NF,open,-1,0.0,0.000228,0,0
data/urban_sar_floods_preprocessed/01_NF/SAR/20230805_Hebei_2_ID_15_8_SAR.npy,Hebei,01_NF,open,-1,0.0,0.0025,0,0
data/urban_sar_floods_preprocessed/01_NF/SAR/20230805_Hebei_2_ID_15_9_SAR.npy,Hebei,01_NF,open,-1,0.0,0.002253,0,0
data/urban_sar_floods_preprocessed/01_NF/SAR/20230805_Hebei_2_ID_16_10_SAR.npy,Hebei,01_NF,open,-1,0.0,0.002333,0,0
data/urban_sar_floods_preprocessed/01_NF/SAR/20230805_Hebei_2_ID_16_11_SAR.npy,Hebei,01_NF,open,-1,0.0,0.002432,0,0
data/urban_sar_floods_preprocessed/01_NF/SAR/20230805_Hebei_2_ID_16_12_SAR.npy,Hebei,01_NF,open,-1,0.0,0.002401,0,0
data/urban_sar_floods_preprocessed/01_NF/SAR/20230805_Hebei_2_ID_16_13_SAR.npy,Hebei,01_NF,open,-1,0.0,0.002448,0,0
data/urban_sar_floods_preprocessed/01_NF/SAR/20230805_Hebei_2_ID_16_14_SAR.npy,Hebei,01_NF,open,-1,0.0,0.002537,0,0
data/urban_sar_floods_preprocessed/01_NF/SAR/20230805_Hebei_2_ID_16_23_SAR.npy,Hebei,01_NF,open,-1,0.0,0.003164,0,0
data/urban_sar_floods_preprocessed/01_NF/SAR/20230805_Hebei_2_ID_16_24_SAR.npy,Hebei,01_NF,open,-1,0.0,0.00318,0,0
data/urban_sar_floods_preprocessed/01_NF/SAR/20230805_Hebei_2_ID_16_25_SAR.npy,Hebei,01_NF,open,-1,0.0,0.002982,0,0
data/urban_sar_floods_preprocessed/01_NF/SAR/20230805_Hebei_2_ID_16_26_SAR.npy,Hebei,01_NF,open,-1,0.0,0.003026,0,0
data/urban_sar_floods_preprocessed/01_NF/SAR/20230805_Hebei_2_ID_16_27_SAR.npy,Hebei,01_NF,open,-1,0.0,0.002934,0,0
data/urban_sar_floods_preprocessed/01_NF/SAR/20230805_Hebei_2_ID_16_28_SAR.npy,Hebei,01_NF,open,-1,0.0,0.003068,0,0
data/urban_sar_floods_preprocessed/01_NF/SAR/20230805_Hebei_2_ID_16_29_SAR.npy,Hebei,01_NF,open,-1,0.0,0.002707,0,0
data/urban_sar_floods_preprocessed/01_NF/SAR/20230805_Hebei_2_ID_16_2_SAR.npy,Hebei,01_NF,open,-1,0.0,2.2e-05,0,0
data/urban_sar_floods_preprocessed/01_NF/SAR/20230805_Hebei_2_ID_16_30_SAR.npy,Hebei,01_NF,open,-1,0.0,0.002947,0,0
data/urban_sar_floods_preprocessed/01_NF/SAR/20230805_Hebei_2_ID_16_32_SAR.npy,Hebei,01_NF,open,-1,0.0,0.003254,0,0
data/urban_sar_floods_preprocessed/01_NF/SAR/20230805_Hebei_2_ID_16_33_SAR.npy,Hebei,01_NF,open,-1,0.0,0.002711,0,0
data/urban_sar_floods_preprocessed/01_NF/SAR/20230805_Hebei_2_ID_16_34_SAR.npy,Hebei,01_NF,open,-1,0.0,0.003007,0,0
data/urban_sar_floods_preprocessed/01_NF/SAR/20230805_Hebei_2_ID_16_35_SAR.npy,Hebei,01_NF,open,-1,0.0,0.003199,0,0
data/urban_sar_floods_preprocessed/01_NF/SAR/20230805_Hebei_2_ID_16_36_SAR.npy,Hebei,01_NF,open,-1,0.0,0.003371,0,0
data/urban_sar_floods_preprocessed/01_NF/SAR/20230805_Hebei_2_ID_16_37_SAR.npy,Hebei,01_NF,open,-1,0.0,0.000731,0,0
data/urban_sar_floods_preprocessed/01_NF/SAR/20230805_Hebei_2_ID_16_3_SAR.npy,Hebei,01_NF,open,-1,0.0,0.002643,0,0
data/urban_sar_floods_preprocessed/01_NF/SAR/20230805_Hebei_2_ID_16_5_SAR.npy,Hebei,01_NF,open,-1,0.0,0.002575,0,0
data/urban_sar_floods_preprocessed/01_NF/SAR/20230805_Hebei_2_ID_16_8_SAR.npy,Hebei,01_NF,open,-1,0.0,0.002466,0,0
data/urban_sar_floods_preprocessed/01_NF/SAR/20230805_Hebei_2_ID_16_9_SAR.npy,Hebei,01_NF,open,-1,0.0,0.00245,0,0
data/urban_sar_floods_preprocessed/01_NF/SAR/20230805_Hebei_2_ID_17_10_SAR.npy,Hebei,01_NF,open,-1,0.0,0.002092,0,0
data/urban_sar_floods_preprocessed/01_NF/SAR/20230805_Hebei_2_ID_17_11_SAR.npy,Hebei,01_NF,open,-1,0.0,0.001878,0,0
data/urban_sar_floods_preprocessed/01_NF/SAR/20230805_Hebei_2_ID_17_12_SAR.npy,Hebei,01_NF,open,-1,0.0,0.002134,0,0
data/urban_sar_floods_preprocessed/01_NF/SAR/20230805_Hebei_2_ID_17_14_SAR.npy,Hebei,01_NF,open,-1,0.0,0.002345,0,0
data/urban_sar_floods_preprocessed/01_NF/SAR/20230805_Hebei_2_ID_17_15_SAR.npy,Hebei,01_NF,open,-1,0.0,0.002319,0,0
data/urban_sar_floods_preprocessed/01_NF/SAR/20230805_Hebei_2_ID_17_22_SAR.npy,Hebei,01_NF,open,-1,0.0,0.002967,0,0
data/urban_sar_floods_preprocessed/01_NF/SAR/20230805_Hebei_2_ID_17_23_SAR.npy,Hebei,01_NF,open,-1,0.0,0.002752,0,0
data/urban_sar_floods_preprocessed/01_NF/SAR/20230805_Hebei_2_ID_17_24_SAR.npy,Hebei,01_NF,open,-1,0.0,0.002852,0,0
data/urban_sar_floods_preprocessed/01_NF/SAR/20230805_Hebei_2_ID_17_25_SAR.npy,Hebei,01_NF,open,-1,0.0,0.00299,0,0
data/urban_sar_floods_preprocessed/01_NF/SAR/20230805_Hebei_2_ID_17_26_SAR.npy,Hebei,01_NF,open,-1,0.0,0.002959,0,0
data/urban_sar_floods_preprocessed/01_NF/SAR/20230805_Hebei_2_ID_17_28_SAR.npy,Hebei,01_NF,open,-1,0.0,0.002884,0,0
data/urban_sar_floods_preprocessed/01_NF/SAR/20230805_Hebei_2_ID_17_29_SAR.npy,Hebei,01_NF,open,-1,0.0,0.003144,0,0
data/urban_sar_floods_preprocessed/01_NF/SAR/20230805_Hebei_2_ID_17_30_SAR.npy,Hebei,01_NF,open,-1,0.0,0.002981,0,0
data/urban_sar_floods_preprocessed/01_NF/SAR/20230805_Hebei_2_ID_17_31_SAR.npy,Hebei,01_NF,open,-1,0.0,0.00303,0,0
data/urban_sar_floods_preprocessed/01_NF/SAR/20230805_Hebei_2_ID_17_32_SAR.npy,Hebei,01_NF,open,-1,0.0,0.003134,0,0
data/urban_sar_floods_preprocessed/01_NF/SAR/20230805_Hebei_2_ID_17_33_SAR.npy,Hebei,01_NF,open,-1,0.0,0.003039,0,0
data/urban_sar_floods_preprocessed/01_NF/SAR/20230805_Hebei_2_ID_17_34_SAR.npy,Hebei,01_NF,open,-1,0.0,0.003335,0,0
data/urban_sar_floods_preprocessed/01_NF/SAR/20230805_Hebei_2_ID_17_37_SAR.npy,Hebei,01_NF,open,-1,0.0,0.001615,0,0
data/urban_sar_floods_preprocessed/01_NF/SAR/20230805_Hebei_2_ID_17_3_SAR.npy,Hebei,01_NF,open,-1,0.0,0.001699,0,0
data/urban_sar_floods_preprocessed/01_NF/SAR/20230805_Hebei_2_ID_17_5_SAR.npy,Hebei,01_NF,open,-1,0.0,0.002411,0,0
data/urban_sar_floods_preprocessed/01_NF/SAR/20230805_Hebei_2_ID_17_6_SAR.npy,Hebei,01_NF,open,-1,0.0,0.002108,0,0
data/urban_sar_floods_preprocessed/01_NF/SAR/20230805_Hebei_2_ID_17_7_SAR.npy,Hebei,01_NF,open,-1,0.0,0.002339,0,0
data/urban_sar_floods_preprocessed/01_NF/SAR/20230805_Hebei_2_ID_17_8_SAR.npy,Hebei,01_NF,open,-1,0.0,0.002666,0,0
data/urban_sar_floods_preprocessed/01_NF/SAR/20230805_Hebei_2_ID_18_11_SAR.npy,Hebei,01_NF,open,-1,0.0,0.002059,0,0
data/urban_sar_floods_preprocessed/01_NF/SAR/20230805_Hebei_2_ID_18_14_SAR.npy,Hebei,01_NF,open,-1,0.0,0.002857,0,0
data/urban_sar_floods_preprocessed/01_NF/SAR/20230805_Hebei_2_ID_18_15_SAR.npy,Hebei,01_NF,open,-1,0.0,0.00251,0,0
data/urban_sar_floods_preprocessed/01_NF/SAR/20230805_Hebei_2_ID_18_18_SAR.npy,Hebei,01_NF,open,-1,0.0,0.002693,0,0
data/urban_sar_floods_preprocessed/01_NF/SAR/20230805_Hebei_2_ID_18_19_SAR.npy,Hebei,01_NF,open,-1,0.0,0.002623,0,0
data/urban_sar_floods_preprocessed/01_NF/SAR/20230805_Hebei_2_ID_18_20_SAR.npy,Hebei,01_NF,open,-1,0.0,0.002721,0,0
data/urban_sar_floods_preprocessed/01_NF/SAR/20230805_Hebei_2_ID_18_21_SAR.npy,Hebei,01_NF,open,-1,0.0,0.00266,0,0
data/urban_sar_floods_preprocessed/01_NF/SAR/20230805_Hebei_2_ID_18_23_SAR.npy,Hebei,01_NF,open,-1,0.0,0.002863,0,0
data/urban_sar_floods_preprocessed/01_NF/SAR/20230805_Hebei_2_ID_18_25_SAR.npy,Hebei,01_NF,open,-1,0.0,0.0029,0,0
data/urban_sar_floods_preprocessed/01_NF/SAR/20230805_Hebei_2_ID_18_30_SAR.npy,Hebei,01_NF,open,-1,0.0,0.003259,0,0
data/urban_sar_floods_preprocessed/01_NF/SAR/20230805_Hebei_2_ID_18_31_SAR.npy,Hebei,01_NF,open,-1,0.0,0.003582,0,0
data/urban_sar_floods_preprocessed/01_NF/SAR/20230805_Hebei_2_ID_18_32_SAR.npy,Hebei,01_NF,open,-1,0.0,0.003404,0,0
data/urban_sar_floods_preprocessed/01_NF/SAR/20230805_Hebei_2_ID_18_35_SAR.npy,Hebei,01_NF,open,-1,0.0,0.00333,0,0
data/urban_sar_floods_preprocessed/01_NF/SAR/20230805_Hebei_2_ID_18_37_SAR.npy,Hebei,01_NF,open,-1,0.0,0.002542,0,0
data/urban_sar_floods_preprocessed/01_NF/SAR/20230805_Hebei_2_ID_18_3_SAR.npy,Hebei,01_NF,open,-1,0.0,0.001144,0,0
data/urban_sar_floods_preprocessed/01_NF/SAR/20230805_Hebei_2_ID_18_4_SAR.npy,Hebei,01_NF,open,-1,0.0,0.002392,0,0
data/urban_sar_floods_preprocessed/01_NF/SAR/20230805_Hebei_2_ID_18_5_SAR.npy,Hebei,01_NF,open,-1,0.0,0.002287,0,0
data/urban_sar_floods_preprocessed/01_NF/SAR/20230805_Hebei_2_ID_18_6_SAR.npy,Hebei,01_NF,open,-1,0.0,0.002323,0,0
data/urban_sar_floods_preprocessed/01_NF/SAR/20230805_Hebei_2_ID_18_7_SAR.npy,Hebei,01_NF,open,-1,0.0,0.002379,0,0
data/urban_sar_floods_preprocessed/01_NF/SAR/20230805_Hebei_2_ID_18_8_SAR.npy,Hebei,01_NF,open,-1,0.0,0.002105,0,0
data/urban_sar_floods_preprocessed/01_NF/SAR/20230805_Hebei_2_ID_19_11_SAR.npy,Hebei,01_NF,open,-1,0.0,0.001985,0,0
data/urban_sar_floods_preprocessed/01_NF/SAR/20230805_Hebei_2_ID_19_17_SAR.npy,Hebei,01_NF,open,-1,0.0,0.002522,0,0
data/urban_sar_floods_preprocessed/01_NF/SAR/20230805_Hebei_2_ID_19_18_SAR.npy,Hebei,01_NF,open,-1,0.0,0.002525,0,0
data/urban_sar_floods_preprocessed/01_NF/SAR/20230805_Hebei_2_ID_19_19_SAR.npy,Hebei,01_NF,open,-1,0.0,0.002352,0,0
data/urban_sar_floods_preprocessed/01_NF/SAR/20230805_Hebei_2_ID_19_20_SAR.npy,Hebei,01_NF,open,-1,0.0,0.002881,0,0
data/urban_sar_floods_preprocessed/01_NF/SAR/20230805_Hebei_2_ID_19_21_SAR.npy,Hebei,01_NF,open,-1,0.0,0.002607,0,0
data/urban_sar_floods_preprocessed/01_NF/SAR/20230805_Hebei_2_ID_19_22_SAR.npy,Hebei,01_NF,open,-1,0.0,0.002034,0,0
data/urban_sar_floods_preprocessed/01_NF/SAR/20230805_Hebei_2_ID_19_23_SAR.npy,Hebei,01_NF,open,-1,0.0,0.00163,0,0
data/urban_sar_floods_preprocessed/01_NF/SAR/20230805_Hebei_2_ID_19_24_SAR.npy,Hebei,01_NF,open,-1,0.0,0.001329,0,0
data/urban_sar_floods_preprocessed/01_NF/SAR/20230805_Hebei_2_ID_19_25_SAR.npy,Hebei,01_NF,open,-1,0.0,0.001059,0,0
data/urban_sar_floods_preprocessed/01_NF/SAR/20230805_Hebei_2_ID_19_27_SAR.npy,Hebei,01_NF,open,-1,0.0,0.002972,0,0
data/urban_sar_floods_preprocessed/01_NF/SAR/20230805_Hebei_2_ID_19_28_SAR.npy,Hebei,01_NF,open,-1,0.0,0.0038,0,0
data/urban_sar_floods_preprocessed/01_NF/SAR/20230805_Hebei_2_ID_19_35_SAR.npy,Hebei,01_NF,open,-1,0.0,0.001589,0,0
data/urban_sar_floods_preprocessed/01_NF/SAR/20230805_Hebei_2_ID_19_36_SAR.npy,Hebei,01_NF,open,-1,0.0,0.000977,0,0
data/urban_sar_floods_preprocessed/01_NF/SAR/20230805_Hebei_2_ID_19_37_SAR.npy,Hebei,01_NF,open,-1,0.0,0.000508,0,0
data/urban_sar_floods_preprocessed/01_NF/SAR/20230805_Hebei_2_ID_19_4_SAR.npy,Hebei,01_NF,open,-1,0.0,0.002139,0,0
data/urban_sar_floods_preprocessed/01_NF/SAR/20230805_Hebei_2_ID_19_6_SAR.npy,Hebei,01_NF,open,-1,0.0,0.002324,0,0
data/urban_sar_floods_preprocessed/01_NF/SAR/20230805_Hebei_2_ID_19_7_SAR.npy,Hebei,01_NF,open,-1,0.0,0.00241,0,0
data/urban_sar_floods_preprocessed/01_NF/SAR/20230805_Hebei_2_ID_19_8_SAR.npy,Hebei,01_NF,open,-1,0.0,0.00247,0,0
data/urban_sar_floods_preprocessed/01_NF/SAR/20230805_Hebei_2_ID_1_19_SAR.npy,Hebei,01_NF,open,-1,0.0,4.3e-05,0,0
data/urban_sar_floods_preprocessed/01_NF/SAR/20230805_Hebei_2_ID_1_20_SAR.npy,Hebei,01_NF,open,-1,0.0,0.000433,0,0
data/urban_sar_floods_preprocessed/01_NF/SAR/20230805_Hebei_2_ID_1_21_SAR.npy,Hebei,01_NF,open,-1,0.0,0.001003,0,0
data/urban_sar_floods_preprocessed/01_NF/SAR/20230805_Hebei_2_ID_1_22_SAR.npy,Hebei,01_NF,open,-1,0.0,0.001275,0,0
data/urban_sar_floods_preprocessed/01_NF/SAR/20230805_Hebei_2_ID_1_29_SAR.npy,Hebei,01_NF,open,-1,0.0,0.000198,0,0
data/urban_sar_floods_preprocessed/01_NF/SAR/20230805_Hebei_2_ID_1_30_SAR.npy,Hebei,01_NF,open,-1,0.0,0.000701,0,0
data/urban_sar_floods_preprocessed/01_NF/SAR/20230805_Hebei_2_ID_1_31_SAR.npy,Hebei,01_NF,open,-1,0.0,0.0015,0,0
data/urban_sar_floods_preprocessed/01_NF/SAR/20230805_Hebei_2_ID_1_32_SAR.npy,Hebei,01_NF,open,-1,0.0,0.001584,0,0
data/urban_sar_floods_preprocessed/01_NF/SAR/20230805_Hebei_2_ID_1_34_SAR.npy,Hebei,01_NF,open,-1,0.0,0.000601,0,0
data/urban_sar_floods_preprocessed/01_NF/SAR/20230805_Hebei_2_ID_20_16_SAR.npy,Hebei,01_NF,open,-1,0.0,0.001802,0,0
data/urban_sar_floods_preprocessed/01_NF/SAR/20230805_Hebei_2_ID_20_18_SAR.npy,Hebei,01_NF,open,-1,0.0,0.000952,0,0
data/urban_sar_floods_preprocessed/01_NF/SAR/20230805_Hebei_2_ID_20_19_SAR.npy,Hebei,01_NF,open,-1,0.0,0.000526,0,0
data/urban_sar_floods_preprocessed/01_NF/SAR/20230805_Hebei_2_ID_20_20_SAR.npy,Hebei,01_NF,open,-1,0.0,0.000288,0,0
data/urban_sar_floods_preprocessed/01_NF/SAR/20230805_Hebei_2_ID_20_27_SAR.npy,Hebei,01_NF,open,-1,0.0,0.001092,0,0
data/urban_sar_floods_preprocessed/01_NF/SAR/20230805_Hebei_2_ID_20_28_SAR.npy,Hebei,01_NF,open,-1,0.0,0.000966,0,0
data/urban_sar_floods_preprocessed/01_NF/SAR/20230805_Hebei_2_ID_20_29_SAR.npy,Hebei,01_NF,open,-1,0.0,0.000578,0,0
data/urban_sar_floods_preprocessed/01_NF/SAR/20230805_Hebei_2_ID_20_30_SAR.npy,Hebei,01_NF,open,-1,0.0,0.000143,0,0
data/urban_sar_floods_preprocessed/01_NF/SAR/20230805_Hebei_2_ID_20_6_SAR.npy,Hebei,01_NF,open,-1,0.0,0.002259,0,0
data/urban_sar_floods_preprocessed/01_NF/SAR/20230805_Hebei_2_ID_20_7_SAR.npy,Hebei,01_NF,open,-1,0.0,0.002342,0,0
data/urban_sar_floods_preprocessed/01_NF/SAR/20230805_Hebei_2_ID_20_8_SAR.npy,Hebei,01_NF,open,-1,0.0,0.002046,0,0
data/urban_sar_floods_preprocessed/01_NF/SAR/20230805_Hebei_2_ID_20_9_SAR.npy,Hebei,01_NF,open,-1,0.0,0.001976,0,0
data/urban_sar_floods_preprocessed/01_NF/SAR/20230805_Hebei_2_ID_21_15_SAR.npy,Hebei,01_NF,open,-1,0.0,0.001044,0,0
data/urban_sar_floods_preprocessed/01_NF/SAR/20230805_Hebei_2_ID_21_7_SAR.npy,Hebei,01_NF,open,-1,0.0,0.002272,0,0
data/urban_sar_floods_preprocessed/01_NF/SAR/20230805_Hebei_2_ID_22_10_SAR.npy,Hebei,01_NF,open,-1,0.0,0.000525,0,0
data/urban_sar_floods_preprocessed/01_NF/SAR/20230805_Hebei_2_ID_22_11_SAR.npy,Hebei,01_NF,open,-1,0.0,0.000221,0,0
data/urban_sar_floods_preprocessed/01_NF/SAR/20230805_Hebei_2_ID_22_9_SAR.npy,Hebei,01_NF,open,-1,0.0,0.001479,0,0
data/urban_sar_floods_preprocessed/01_NF/SAR/20230805_Hebei_2_ID_2_12_SAR.npy,Hebei,01_NF,open,-1,0.0,0.000198,0,0
data/urban_sar_floods_preprocessed/01_NF/SAR/20230805_Hebei_2_ID_2_13_SAR.npy,Hebei,01_NF,open,-1,0.0,0.000455,0,0
data/urban_sar_floods_preprocessed/01_NF/SAR/20230805_Hebei_2_ID_2_14_SAR.npy,Hebei,01_NF,open,-1,0.0,0.000837,0,0
data/urban_sar_floods_preprocessed/01_NF/SAR/20230805_Hebei_2_ID_2_20_SAR.npy,Hebei,01_NF,open,-1,0.0,0.003035,0,0
data/urban_sar_floods_preprocessed/01_NF/SAR/20230805_Hebei_2_ID_2_21_SAR.npy,Hebei,01_NF,open,-1,0.0,0.003196,0,0
data/urban_sar_floods_preprocessed/01_NF/SAR/20230805_Hebei_2_ID_2_22_SAR.npy,Hebei,01_NF,open,-1,0.0,0.003315,0,0
data/urban_sar_floods_preprocessed/01_NF/SAR/20230805_Hebei_2_ID_2_23_SAR.npy,Hebei,01_NF,open,-1,0.0,0.002535,0,0
data/urban_sar_floods_preprocessed/01_NF/SAR/20230805_Hebei_2_ID_2_24_SAR.npy,Hebei,01_NF,open,-1,0.0,0.001498,0,0
data/urban_sar_floods_preprocessed/01_NF/SAR/20230805_Hebei_2_ID_2_26_SAR.npy,Hebei,01_NF,open,-1,0.0,0.002414,0,0
data/urban_sar_floods_preprocessed/01_NF/SAR/20230805_Hebei_2_ID_2_29_SAR.npy,Hebei,01_NF,open,-1,0.0,0.003917,0,0
data/urban_sar_floods_preprocessed/01_NF/SAR/20230805_Hebei_2_ID_2_30_SAR.npy,Hebei,01_NF,open,-1,0.0,0.004044,0,0
data/urban_sar_floods_preprocessed/01_NF/SAR/20230805_Hebei_2_ID_2_34_SAR.npy,Hebei,01_NF,open,-1,0.0,0.001659,0,0
data/urban_sar_floods_preprocessed/01_NF/SAR/20230805_Hebei_2_ID_3_10_SAR.npy,Hebei,01_NF,open,-1,0.0,0.000339,0,0
data/urban_sar_floods_preprocessed/01_NF/SAR/20230805_Hebei_2_ID_3_13_SAR.npy,Hebei,01_NF,open,-1,0.0,0.002623,0,0
data/urban_sar_floods_preprocessed/01_NF/SAR/20230805_Hebei_2_ID_3_14_SAR.npy,Hebei,01_NF,open,-1,0.0,0.002826,0,0
data/urban_sar_floods_preprocessed/01_NF/SAR/20230805_Hebei_2_ID_3_20_SAR.npy,Hebei,01_NF,open,-1,0.0,0.00302,0,0
data/urban_sar_floods_preprocessed/01_NF/SAR/20230805_Hebei_2_ID_3_21_SAR.npy,Hebei,01_NF,open,-1,0.0,0.002999,0,0
data/urban_sar_floods_preprocessed/01_NF/SAR/20230805_Hebei_2_ID_3_22_SAR.npy,Hebei,01_NF,open,-1,0.0,0.003329,0,0
data/urban_sar_floods_preprocessed/01_NF/SAR/20230805_Hebei_2_ID_3_23_SAR.npy,Hebei,01_NF,open,-1,0.0,0.00367,0,0
data/urban_sar_floods_preprocessed/01_NF/SAR/20230805_Hebei_2_ID_3_31_SAR.npy,Hebei,01_NF,open,-1,0.0,0.00285,0,0
data/urban_sar_floods_preprocessed/01_NF/SAR/20230805_Hebei_2_ID_3_32_SAR.npy,Hebei,01_NF,open,-1,0.0,0.002834,0,0
data/urban_sar_floods_preprocessed/01_NF/SAR/20230805_Hebei_2_ID_4_3_SAR.npy,Hebei,01_NF,open,-1,0.0,0.000238,0,0
data/urban_sar_floods_preprocessed/01_NF/SAR/20230805_Hebei_2_ID_4_5_SAR.npy,Hebei,01_NF,open,-1,0.0,0.001044,0,0
data/urban_sar_floods_preprocessed/01_NF/SAR/20230805_Hebei_2_ID_4_6_SAR.npy,Hebei,01_NF,open,-1,0.0,0.001495,0,0
data/urban_sar_floods_preprocessed/01_NF/SAR/20230805_Hebei_2_ID_4_7_SAR.npy,Hebei,01_NF,open,-1,0.0,0.001546,0,0
data/urban_sar_floods_preprocessed/01_NF/SAR/20230805_Hebei_2_ID_5_0_SAR.npy,Hebei,01_NF,open,-1,0.0,0.000804,0,0
data/urban_sar_floods_preprocessed/01_NF/SAR/20230805_Hebei_2_ID_5_23_SAR.npy,Hebei,01_NF,open,-1,0.0,0.002673,0,0
data/urban_sar_floods_preprocessed/01_NF/SAR/20230805_Hebei_2_ID_5_25_SAR.npy,Hebei,01_NF,open,-1,0.0,0.002719,0,0
data/urban_sar_floods_preprocessed/01_NF/SAR/20230805_Hebei_2_ID_5_26_SAR.npy,Hebei,01_NF,open,-1,0.0,0.002826,0,0
data/urban_sar_floods_preprocessed/01_NF/SAR/20230805_Hebei_2_ID_5_35_SAR.npy,Hebei,01_NF,open,-1,0.0,0.000239,0,0
data/urban_sar_floods_preprocessed/01_NF/SAR/20230805_Hebei_2_ID_5_6_SAR.npy,Hebei,01_NF,open,-1,0.0,0.002609,0,0
data/urban_sar_floods_preprocessed/01_NF/SAR/20230805_Hebei_2_ID_6_0_SAR.npy,Hebei,01_NF,open,-1,0.0,0.000749,0,0
data/urban_sar_floods_preprocessed/01_NF/SAR/20230805_Hebei_2_ID_6_1_SAR.npy,Hebei,01_NF,open,-1,0.0,0.003062,0,0
data/urban_sar_floods_preprocessed/01_NF/SAR/20230805_Hebei_2_ID_6_25_SAR.npy,Hebei,01_NF,open,-1,0.0,0.002364,0,0
data/urban_sar_floods_preprocessed/01_NF/SAR/20230805_Hebei_2_ID_6_26_SAR.npy,Hebei,01_NF,open,-1,0.0,0.002638,0,0
data/urban_sar_floods_preprocessed/01_NF/SAR/20230805_Hebei_2_ID_6_28_SAR.npy,Hebei,01_NF,open,-1,0.0,0.002371,0,0
data/urban_sar_floods_preprocessed/01_NF/SAR/20230805_Hebei_2_ID_6_35_SAR.npy,Hebei,01_NF,open,-1,0.0,0.001149,0,0
data/urban_sar_floods_preprocessed/01_NF/SAR/20230805_Hebei_2_ID_6_7_SAR.npy,Hebei,01_NF,open,-1,0.0,0.002382,0,0
data/urban_sar_floods_preprocessed/01_NF/SAR/20230805_Hebei_2_ID_7_0_SAR.npy,Hebei,01_NF,open,-1,0.0,0.000156,0,0
data/urban_sar_floods_preprocessed/01_NF/SAR/20230805_Hebei_2_ID_7_10_SAR.npy,Hebei,01_NF,open,-1,0.0,0.002834,0,0
data/urban_sar_floods_preprocessed/01_NF/SAR/20230805_Hebei_2_ID_7_18_SAR.npy,Hebei,01_NF,open,-1,0.0,0.002936,0,0
data/urban_sar_floods_preprocessed/01_NF/SAR/20230805_Hebei_2_ID_7_19_SAR.npy,Hebei,01_NF,open,-1,0.0,0.003292,0,0
data/urban_sar_floods_preprocessed/01_NF/SAR/20230805_Hebei_2_ID_7_21_SAR.npy,Hebei,01_NF,open,-1,0.0,0.0027,0,0
data/urban_sar_floods_preprocessed/01_NF/SAR/20230805_Hebei_2_ID_7_23_SAR.npy,Hebei,01_NF,open,-1,0.0,0.002429,0,0
data/urban_sar_floods_preprocessed/01_NF/SAR/20230805_Hebei_2_ID_7_24_SAR.npy,Hebei,01_NF,open,-1,0.0,0.002647,0,0
data/urban_sar_floods_preprocessed/01_NF/SAR/20230805_Hebei_2_ID_7_25_SAR.npy,Hebei,01_NF,open,-1,0.0,0.002518,0,0
data/urban_sar_floods_preprocessed/01_NF/SAR/20230805_Hebei_2_ID_7_28_SAR.npy,Hebei,01_NF,open,-1,0.0,0.002401,0,0
data/urban_sar_floods_preprocessed/01_NF/SAR/20230805_Hebei_2_ID_7_6_SAR.npy,Hebei,01_NF,open,-1,0.0,0.002999,0,0
data/urban_sar_floods_preprocessed/01_NF/SAR/20230805_Hebei_2_ID_8_14_SAR.npy,Hebei,01_NF,open,-1,0.0,0.002938,0,0
data/urban_sar_floods_preprocessed/01_NF/SAR/20230805_Hebei_2_ID_8_17_SAR.npy,Hebei,01_NF,open,-1,0.0,0.002818,0,0
data/urban_sar_floods_preprocessed/01_NF/SAR/20230805_Hebei_2_ID_8_19_SAR.npy,Hebei,01_NF,open,-1,0.0,0.00287,0,0
data/urban_sar_floods_preprocessed/01_NF/SAR/20230805_Hebei_2_ID_8_20_SAR.npy,Hebei,01_NF,open,-1,0.0,0.002947,0,0
data/urban_sar_floods_preprocessed/01_NF/SAR/20230805_Hebei_2_ID_8_22_SAR.npy,Hebei,01_NF,open,-1,0.0,0.002502,0,0
data/urban_sar_floods_preprocessed/01_NF/SAR/20230805_Hebei_2_ID_8_23_SAR.npy,Hebei,01_NF,open,-1,0.0,0.002692,0,0
data/urban_sar_floods_preprocessed/01_NF/SAR/20230805_Hebei_2_ID_8_24_SAR.npy,Hebei,01_NF,open,-1,0.0,0.003043,0,0
data/urban_sar_floods_preprocessed/01_NF/SAR/20230805_Hebei_2_ID_8_26_SAR.npy,Hebei,01_NF,open,-1,0.0,0.00247,0,0
data/urban_sar_floods_preprocessed/01_NF/SAR/20230805_Hebei_2_ID_8_27_SAR.npy,Hebei,01_NF,open,-1,0.0,0.002576,0,0
data/urban_sar_floods_preprocessed/01_NF/SAR/20230805_Hebei_2_ID_8_28_SAR.npy,Hebei,01_NF,open,-1,0.0,0.002856,0,0
data/urban_sar_floods_preprocessed/01_NF/SAR/20230805_Hebei_2_ID_8_29_SAR.npy,Hebei,01_NF,open,-1,0.0,0.002597,0,0
data/urban_sar_floods_preprocessed/01_NF/SAR/20230805_Hebei_2_ID_8_2_SAR.npy,Hebei,01_NF,open,-1,0.0,0.003685,0,0
data/urban_sar_floods_preprocessed/01_NF/SAR/20230805_Hebei_2_ID_8_30_SAR.npy,Hebei,01_NF,open,-1,0.0,0.002197,0,0
data/urban_sar_floods_preprocessed/01_NF/SAR/20230805_Hebei_2_ID_8_5_SAR.npy,Hebei,01_NF,open,-1,0.0,0.002927,0,0
data/urban_sar_floods_preprocessed/01_NF/SAR/20230805_Hebei_2_ID_8_7_SAR.npy,Hebei,01_NF,open,-1,0.0,0.002585,0,0
data/urban_sar_floods_preprocessed/01_NF/SAR/20230805_Hebei_2_ID_9_13_SAR.npy,Hebei,01_NF,open,-1,0.0,0.002259,0,0
data/urban_sar_floods_preprocessed/01_NF/SAR/20230805_Hebei_2_ID_9_16_SAR.npy,Hebei,01_NF,open,-1,0.0,0.002513,0,0
data/urban_sar_floods_preprocessed/01_NF/SAR/20230805_Hebei_2_ID_9_19_SAR.npy,Hebei,01_NF,open,-1,0.0,0.002884,0,0
data/urban_sar_floods_preprocessed/01_NF/SAR/20230805_Hebei_2_ID_9_20_SAR.npy,Hebei,01_NF,open,-1,0.0,0.002575,0,0
data/urban_sar_floods_preprocessed/01_NF/SAR/20230805_Hebei_2_ID_9_21_SAR.npy,Hebei,01_NF,open,-1,0.0,0.0025,0,0
data/urban_sar_floods_preprocessed/01_NF/SAR/20230805_Hebei_2_ID_9_22_SAR.npy,Hebei,01_NF,open,-1,0.0,0.002568,0,0
data/urban_sar_floods_preprocessed/01_NF/SAR/20230805_Hebei_2_ID_9_26_SAR.npy,Hebei,01_NF,open,-1,0.0,0.002444,0,0
data/urban_sar_floods_preprocessed/01_NF/SAR/20230805_Hebei_2_ID_9_28_SAR.npy,Hebei,01_NF,open,-1,0.0,0.002937,0,0
data/urban_sar_floods_preprocessed/01_NF/SAR/20230805_Hebei_2_ID_9_30_SAR.npy,Hebei,01_NF,open,-1,0.0,0.002479,0,0
data/urban_sar_floods_preprocessed/01_NF/SAR/20231114_Beledweyne_ID_0_3_SAR.npy,Beledweyne,01_NF,open,-1,0.0,9.9e-05,0,0
data/urban_sar_floods_preprocessed/01_NF/SAR/20231114_Beledweyne_ID_0_4_SAR.npy,Beledweyne,01_NF,open,-1,0.0,0.00026,0,0
data/urban_sar_floods_preprocessed/01_NF/SAR/20231114_Beledweyne_ID_10_10_SAR.npy,Beledweyne,01_NF,open,-1,0.0,0.001496,0,0
data/urban_sar_floods_preprocessed/01_NF/SAR/20231114_Beledweyne_ID_10_11_SAR.npy,Beledweyne,01_NF,open,-1,0.0,0.000996,0,0
data/urban_sar_floods_preprocessed/01_NF/SAR/20231114_Beledweyne_ID_10_12_SAR.npy,Beledweyne,01_NF,open,-1,0.0,0.000916,0,0
data/urban_sar_floods_preprocessed/01_NF/SAR/20231114_Beledweyne_ID_10_13_SAR.npy,Beledweyne,01_NF,open,-1,0.0,0.001179,0,0
data/urban_sar_floods_preprocessed/01_NF/SAR/20231114_Beledweyne_ID_10_14_SAR.npy,Beledweyne,01_NF,open,-1,0.0,0.001366,0,0
data/urban_sar_floods_preprocessed/01_NF/SAR/20231114_Beledweyne_ID_10_15_SAR.npy,Beledweyne,01_NF,open,-1,0.0,0.001381,0,0
data/urban_sar_floods_preprocessed/01_NF/SAR/20231114_Beledweyne_ID_10_16_SAR.npy,Beledweyne,01_NF,open,-1,0.0,0.001224,0,0
data/urban_sar_floods_preprocessed/01_NF/SAR/20231114_Beledweyne_ID_10_19_SAR.npy,Beledweyne,01_NF,open,-1,0.0,0.000817,0,0
data/urban_sar_floods_preprocessed/01_NF/SAR/20231114_Beledweyne_ID_10_1_SAR.npy,Beledweyne,01_NF,open,-1,0.0,0.000355,0,0
data/urban_sar_floods_preprocessed/01_NF/SAR/20231114_Beledweyne_ID_10_20_SAR.npy,Beledweyne,01_NF,open,-1,0.0,0.000954,0,0
data/urban_sar_floods_preprocessed/01_NF/SAR/20231114_Beledweyne_ID_10_21_SAR.npy,Beledweyne,01_NF,open,-1,0.0,0.000713,0,0
data/urban_sar_floods_preprocessed/01_NF/SAR/20231114_Beledweyne_ID_10_22_SAR.npy,Beledweyne,01_NF,open,-1,0.0,0.000564,0,0
data/urban_sar_floods_preprocessed/01_NF/SAR/20231114_Beledweyne_ID_10_23_SAR.npy,Beledweyne,01_NF,open,-1,0.0,0.000473,0,0
data/urban_sar_floods_preprocessed/01_NF/SAR/20231114_Beledweyne_ID_10_24_SAR.npy,Beledweyne,01_NF,open,-1,0.0,0.000432,0,0
data/urban_sar_floods_preprocessed/01_NF/SAR/20231114_Beledweyne_ID_10_25_SAR.npy,Beledweyne,01_NF,open,-1,0.0,0.000601,0,0
data/urban_sar_floods_preprocessed/01_NF/SAR/20231114_Beledweyne_ID_10_26_SAR.npy,Beledweyne,01_NF,open,-1,0.0,0.000818,0,0
data/urban_sar_floods_preprocessed/01_NF/SAR/20231114_Beledweyne_ID_10_27_SAR.npy,Beledweyne,01_NF,open,-1,0.0,0.000719,0,0
data/urban_sar_floods_preprocessed/01_NF/SAR/20231114_Beledweyne_ID_10_28_SAR.npy,Beledweyne,01_NF,open,-1,0.0,0.000725,0,0
data/urban_sar_floods_preprocessed/01_NF/SAR/20231114_Beledweyne_ID_10_29_SAR.npy,Beledweyne,01_NF,open,-1,0.0,0.000287,0,0
data/urban_sar_floods_preprocessed/01_NF/SAR/20231114_Beledweyne_ID_10_2_SAR.npy,Beledweyne,01_NF,open,-1,0.0,0.001264,0,0
data/urban_sar_floods_preprocessed/01_NF/SAR/20231114_Beledweyne_ID_10_3_SAR.npy,Beledweyne,01_NF,open,-1,0.0,0.00142,0,0
data/urban_sar_floods_preprocessed/01_NF/SAR/20231114_Beledweyne_ID_10_4_SAR.npy,Beledweyne,01_NF,open,-1,0.0,0.000725,0,0
data/urban_sar_floods_preprocessed/01_NF/SAR/20231114_Beledweyne_ID_10_5_SAR.npy,Beledweyne,01_NF,open,-1,0.0,0.001398,0,0
data/urban_sar_floods_preprocessed/01_NF/SAR/20231114_Beledweyne_ID_10_6_SAR.npy,Beledweyne,01_NF,open,-1,0.0,0.001853,0,0
data/urban_sar_floods_preprocessed/01_NF/SAR/20231114_Beledweyne_ID_10_7_SAR.npy,Beledweyne,01_NF,open,-1,0.0,0.001798,0,0
data/urban_sar_floods_preprocessed/01_NF/SAR/20231114_Beledweyne_ID_10_8_SAR.npy,Beledweyne,01_NF,open,-1,0.0,0.001392,0,0
data/urban_sar_floods_preprocessed/01_NF/SAR/20231114_Beledweyne_ID_11_10_SAR.npy,Beledweyne,01_NF,open,-1,0.0,0.001339,0,0
data/urban_sar_floods_preprocessed/01_NF/SAR/20231114_Beledweyne_ID_11_11_SAR.npy,Beledweyne,01_NF,open,-1,0.0,0.00128,0,0
data/urban_sar_floods_preprocessed/01_NF/SAR/20231114_Beledweyne_ID_11_13_SAR.npy,Beledweyne,01_NF,open,-1,0.0,0.001154,0,0
data/urban_sar_floods_preprocessed/01_NF/SAR/20231114_Beledweyne_ID_11_14_SAR.npy,Beledweyne,01_NF,open,-1,0.0,0.001291,0,0
data/urban_sar_floods_preprocessed/01_NF/SAR/20231114_Beledweyne_ID_11_15_SAR.npy,Beledweyne,01_NF,open,-1,0.0,0.001495,0,0
data/urban_sar_floods_preprocessed/01_NF/SAR/20231114_Beledweyne_ID_11_16_SAR.npy,Beledweyne,01_NF,open,-1,0.0,0.001586,0,0
data/urban_sar_floods_preprocessed/01_NF/SAR/20231114_Beledweyne_ID_11_19_SAR.npy,Beledweyne,01_NF,open,-1,0.0,0.000749,0,0
data/urban_sar_floods_preprocessed/01_NF/SAR/20231114_Beledweyne_ID_11_1_SAR.npy,Beledweyne,01_NF,open,-1,0.0,0.000766,0,0
data/urban_sar_floods_preprocessed/01_NF/SAR/20231114_Beledweyne_ID_11_20_SAR.npy,Beledweyne,01_NF,open,-1,0.0,0.001,0,0
data/urban_sar_floods_preprocessed/01_NF/SAR/20231114_Beledweyne_ID_11_21_SAR.npy,Beledweyne,01_NF,open,-1,0.0,0.001116,0,0
data/urban_sar_floods_preprocessed/01_NF/SAR/20231114_Beledweyne_ID_11_22_SAR.npy,Beledweyne,01_NF,open,-1,0.0,0.000746,0,0
data/urban_sar_floods_preprocessed/01_NF/SAR/20231114_Beledweyne_ID_11_23_SAR.npy,Beledweyne,01_NF,open,-1,0.0,0.000559,0,0
data/urban_sar_floods_preprocessed/01_NF/SAR/20231114_Beledweyne_ID_11_24_SAR.npy,Beledweyne,01_NF,open,-1,0.0,0.000482,0,0
data/urban_sar_floods_preprocessed/01_NF/SAR/20231114_Beledweyne_ID_11_25_SAR.npy,Beledweyne,01_NF,open,-1,0.0,0.000588,0,0
data/urban_sar_floods_preprocessed/01_NF/SAR/20231114_Beledweyne_ID_11_26_SAR.npy,Beledweyne,01_NF,open,-1,0.0,0.000537,0,0
data/urban_sar_floods_preprocessed/01_NF/SAR/20231114_Beledweyne_ID_11_27_SAR.npy,Beledweyne,01_NF,open,-1,0.0,0.000598,0,0
data/urban_sar_floods_preprocessed/01_NF/SAR/20231114_Beledweyne_ID_11_28_SAR.npy,Beledweyne,01_NF,open,-1,0.0,0.000872,0,0
data/urban_sar_floods_preprocessed/01_NF/SAR/20231114_Beledweyne_ID_11_2_SAR.npy,Beledweyne,01_NF,open,-1,0.0,0.001688,0,0
data/urban_sar_floods_preprocessed/01_NF/SAR/20231114_Beledweyne_ID_11_3_SAR.npy,Beledweyne,01_NF,open,-1,0.0,0.001868,0,0
data/urban_sar_floods_preprocessed/01_NF/SAR/20231114_Beledweyne_ID_11_4_SAR.npy,Beledweyne,01_NF,open,-1,0.0,0.001122,0,0
data/urban_sar_floods_preprocessed/01_NF/SAR/20231114_Beledweyne_ID_11_5_SAR.npy,Beledweyne,01_NF,open,-1,0.0,0.001598,0,0
data/urban_sar_floods_preprocessed/01_NF/SAR/20231114_Beledweyne_ID_11_6_SAR.npy,Beledweyne,01_NF,open,-1,0.0,0.001999,0,0
data/urban_sar_floods_preprocessed/01_NF/SAR/20231114_Beledweyne_ID_11_7_SAR.npy,Beledweyne,01_NF,open,-1,0.0,0.002177,0,0
data/urban_sar_floods_preprocessed/01_NF/SAR/20231114_Beledweyne_ID_11_8_SAR.npy,Beledweyne,01_NF,open,-1,0.0,0.001673,0,0
data/urban_sar_floods_preprocessed/01_NF/SAR/20231114_Beledweyne_ID_11_9_SAR.npy,Beledweyne,01_NF,open,-1,0.0,0.001666,0,0
data/urban_sar_floods_preprocessed/01_NF/SAR/20231114_Beledweyne_ID_12_10_SAR.npy,Beledweyne,01_NF,open,-1,0.0,0.001292,0,0
data/urban_sar_floods_preprocessed/01_NF/SAR/20231114_Beledweyne_ID_12_11_SAR.npy,Beledweyne,01_NF,open,-1,0.0,0.001398,0,0
data/urban_sar_floods_preprocessed/01_NF/SAR/20231114_Beledweyne_ID_12_12_SAR.npy,Beledweyne,01_NF,open,-1,0.0,0.001678,0,0
data/urban_sar_floods_preprocessed/01_NF/SAR/20231114_Beledweyne_ID_12_13_SAR.npy,Beledweyne,01_NF,open,-1,0.0,0.001234,0,0
data/urban_sar_floods_preprocessed/01_NF/SAR/20231114_Beledweyne_ID_12_14_SAR.npy,Beledweyne,01_NF,open,-1,0.0,0.001036,0,0
data/urban_sar_floods_preprocessed/01_NF/SAR/20231114_Beledweyne_ID_12_15_SAR.npy,Beledweyne,01_NF,open,-1,0.0,0.001239,0,0
data/urban_sar_floods_preprocessed/01_NF/SAR/20231114_Beledweyne_ID_12_16_SAR.npy,Beledweyne,01_NF,open,-1,0.0,0.001467,0,0
data/urban_sar_floods_preprocessed/01_NF/SAR/20231114_Beledweyne_ID_12_17_SAR.npy,Beledweyne,01_NF,open,-1,0.0,0.001396,0,0
data/urban_sar_floods_preprocessed/01_NF/SAR/20231114_Beledweyne_ID_12_1_SAR.npy,Beledweyne,01_NF,open,-1,0.0,0.001186,0,0
data/urban_sar_floods_preprocessed/01_NF/SAR/20231114_Beledweyne_ID_12_20_SAR.npy,Beledweyne,01_NF,open,-1,0.0,0.000714,0,0
data/urban_sar_floods_preprocessed/01_NF/SAR/20231114_Beledweyne_ID_12_22_SAR.npy,Beledweyne,01_NF,open,-1,0.0,0.000664,0,0
data/urban_sar_floods_preprocessed/01_NF/SAR/20231114_Beledweyne_ID_12_23_SAR.npy,Beledweyne,01_NF,open,-1,0.0,0.000539,0,0
data/urban_sar_floods_preprocessed/01_NF/SAR/20231114_Beledweyne_ID_12_26_SAR.npy,Beledweyne,01_NF,open,-1,0.0,0.000581,0,0
data/urban_sar_floods_preprocessed/01_NF/SAR/20231114_Beledweyne_ID_12_27_SAR.npy,Beledweyne,01_NF,open,-1,0.0,0.000609,0,0
data/urban_sar_floods_preprocessed/01_NF/SAR/20231114_Beledweyne_ID_12_28_SAR.npy,Beledweyne,01_NF,open,-1,0.0,0.000747,0,0
data/urban_sar_floods_preprocessed/01_NF/SAR/20231114_Beledweyne_ID_12_2_SAR.npy,Beledweyne,01_NF,open,-1,0.0,0.002048,0,0
data/urban_sar_floods_preprocessed/01_NF/SAR/20231114_Beledweyne_ID_12_3_SAR.npy,Beledweyne,01_NF,open,-1,0.0,0.002005,0,0
data/urban_sar_floods_preprocessed/01_NF/SAR/20231114_Beledweyne_ID_12_4_SAR.npy,Beledweyne,01_NF,open,-1,0.0,0.001814,0,0
data/urban_sar_floods_preprocessed/01_NF/SAR/20231114_Beledweyne_ID_12_5_SAR.npy,Beledweyne,01_NF,open,-1,0.0,0.001579,0,0
data/urban_sar_floods_preprocessed/01_NF/SAR/20231114_Beledweyne_ID_12_6_SAR.npy,Beledweyne,01_NF,open,-1,0.0,0.001006,0,0
data/urban_sar_floods_preprocessed/01_NF/SAR/20231114_Beledweyne_ID_12_7_SAR.npy,Beledweyne,01_NF,open,-1,0.0,0.001479,0,0
data/urban_sar_floods_preprocessed/01_NF/SAR/20231114_Beledweyne_ID_12_8_SAR.npy,Beledweyne,01_NF,open,-1,0.0,0.001537,0,0
data/urban_sar_floods_preprocessed/01_NF/SAR/20231114_Beledweyne_ID_12_9_SAR.npy,Beledweyne,01_NF,open,-1,0.0,0.001224,0,0
data/urban_sar_floods_preprocessed/01_NF/SAR/20231114_Beledweyne_ID_13_10_SAR.npy,Beledweyne,01_NF,open,-1,0.0,0.001191,0,0
data/urban_sar_floods_preprocessed/01_NF/SAR/20231114_Beledweyne_ID_13_11_SAR.npy,Beledweyne,01_NF,open,-1,0.0,0.001213,0,0
data/urban_sar_floods_preprocessed/01_NF/SAR/20231114_Beledweyne_ID_13_12_SAR.npy,Beledweyne,01_NF,open,-1,0.0,0.001462,0,0
data/urban_sar_floods_preprocessed/01_NF/SAR/20231114_Beledweyne_ID_13_13_SAR.npy,Beledweyne,01_NF,open,-1,0.0,0.001032,0,0
data/urban_sar_floods_preprocessed/01_NF/SAR/20231114_Beledweyne_ID_13_14_SAR.npy,Beledweyne,01_NF,open,-1,0.0,0.001044,0,0
data/urban_sar_floods_preprocessed/01_NF/SAR/20231114_Beledweyne_ID_13_15_SAR.npy,Beledweyne,01_NF,open,-1,0.0,0.001026,0,0
data/urban_sar_floods_preprocessed/01_NF/SAR/20231114_Beledweyne_ID_13_16_SAR.npy,Beledweyne,01_NF,open,-1,0.0,0.001448,0,0
data/urban_sar_floods_preprocessed/01_NF/SAR/20231114_Beledweyne_ID_13_17_SAR.npy,Beledweyne,01_NF,open,-1,0.0,0.001498,0,0
data/urban_sar_floods_preprocessed/01_NF/SAR/20231114_Beledweyne_ID_13_1_SAR.npy,Beledweyne,01_NF,open,-1,0.0,0.00168,0,0
data/urban_sar_floods_preprocessed/01_NF/SAR/20231114_Beledweyne_ID_13_20_SAR.npy,Beledweyne,01_NF,open,-1,0.0,0.000534,0,0
data/urban_sar_floods_preprocessed/01_NF/SAR/20231114_Beledweyne_ID_13_21_SAR.npy,Beledweyne,01_NF,open,-1,0.0,0.000815,0,0
data/urban_sar_floods_preprocessed/01_NF/SAR/20231114_Beledweyne_ID_13_22_SAR.npy,Beledweyne,01_NF,open,-1,0.0,0.000586,0,0
data/urban_sar_floods_preprocessed/01_NF/SAR/20231114_Beledweyne_ID_13_23_SAR.npy,Beledweyne,01_NF,open,-1,0.0,0.000722,0,0
data/urban_sar_floods_preprocessed/01_NF/SAR/20231114_Beledweyne_ID_13_24_SAR.npy,Beledweyne,01_NF,open,-1,0.0,0.000829,0,0
data/urban_sar_floods_preprocessed/01_NF/SAR/20231114_Beledweyne_ID_13_25_SAR.npy,Beledweyne,01_NF,open,-1,0.0,0.000773,0,0
data/urban_sar_floods_preprocessed/01_NF/SAR/20231114_Beledweyne_ID_13_26_SAR.npy,Beledweyne,01_NF,open,-1,0.0,0.000799,0,0
data/urban_sar_floods_preprocessed/01_NF/SAR/20231114_Beledweyne_ID_13_27_SAR.npy,Beledweyne,01_NF,open,-1,0.0,0.00073,0,0
data/urban_sar_floods_preprocessed/01_NF/SAR/20231114_Beledweyne_ID_13_28_SAR.npy,Beledweyne,01_NF,open,-1,0.0,0.000705,0,0
data/urban_sar_floods_preprocessed/01_NF/SAR/20231114_Beledweyne_ID_13_2_SAR.npy,Beledweyne,01_NF,open,-1,0.0,0.002188,0,0
data/urban_sar_floods_preprocessed/01_NF/SAR/20231114_Beledweyne_ID_13_3_SAR.npy,Beledweyne,01_NF,open,-1,0.0,0.001551,0,0
data/urban_sar_floods_preprocessed/01_NF/SAR/20231114_Beledweyne_ID_13_4_SAR.npy,Beledweyne,01_NF,open,-1,0.0,0.001002,0,0
data/urban_sar_floods_preprocessed/01_NF/SAR/20231114_Beledweyne_ID_13_5_SAR.npy,Beledweyne,01_NF,open,-1,0.0,0.001705,0,0
data/urban_sar_floods_preprocessed/01_NF/SAR/20231114_Beledweyne_ID_13_6_SAR.npy,Beledweyne,01_NF,open,-1,0.0,0.00173,0,0
data/urban_sar_floods_preprocessed/01_NF/SAR/20231114_Beledweyne_ID_13_7_SAR.npy,Beledweyne,01_NF,open,-1,0.0,0.00151,0,0
data/urban_sar_floods_preprocessed/01_NF/SAR/20231114_Beledweyne_ID_13_8_SAR.npy,Beledweyne,01_NF,open,-1,0.0,0.001739,0,0
data/urban_sar_floods_preprocessed/01_NF/SAR/20231114_Beledweyne_ID_13_9_SAR.npy,Beledweyne,01_NF,open,-1,0.0,0.001173,0,0
data/urban_sar_floods_preprocessed/01_NF/SAR/20231114_Beledweyne_ID_14_0_SAR.npy,Beledweyne,01_NF,open,-1,0.0,1.7e-05,0,0
data/urban_sar_floods_preprocessed/01_NF/SAR/20231114_Beledweyne_ID_14_10_SAR.npy,Beledweyne,01_NF,open,-1,0.0,0.001409,0,0
data/urban_sar_floods_preprocessed/01_NF/SAR/20231114_Beledweyne_ID_14_11_SAR.npy,Beledweyne,01_NF,open,-1,0.0,0.000649,0,0
data/urban_sar_floods_preprocessed/01_NF/SAR/20231114_Beledweyne_ID_14_12_SAR.npy,Beledweyne,01_NF,open,-1,0.0,0.001042,0,0
data/urban_sar_floods_preprocessed/01_NF/SAR/20231114_Beledweyne_ID_14_13_SAR.npy,Beledweyne,01_NF,open,-1,0.0,0.001057,0,0
data/urban_sar_floods_preprocessed/01_NF/SAR/20231114_Beledweyne_ID_14_14_SAR.npy,Beledweyne,01_NF,open,-1,0.0,0.000988,0,0
data/urban_sar_floods_preprocessed/01_NF/SAR/20231114_Beledweyne_ID_14_15_SAR.npy,Beledweyne,01_NF,open,-1,0.0,0.00108,0,0
data/urban_sar_floods_preprocessed/01_NF/SAR/20231114_Beledweyne_ID_14_16_SAR.npy,Beledweyne,01_NF,open,-1,0.0,0.001391,0,0
data/urban_sar_floods_preprocessed/01_NF/SAR/20231114_Beledweyne_ID_14_17_SAR.npy,Beledweyne,01_NF,open,-1,0.0,0.001322,0,0
data/urban_sar_floods_preprocessed/01_NF/SAR/20231114_Beledweyne_ID_14_18_SAR.npy,Beledweyne,01_NF,open,-1,0.0,0.00117,0,0
data/urban_sar_floods_preprocessed/01_NF/SAR/20231114_Beledweyne_ID_14_1_SAR.npy,Beledweyne,01_NF,open,-1,0.0,0.001924,0,0
data/urban_sar_floods_preprocessed/01_NF/SAR/20231114_Beledweyne_ID_14_20_SAR.npy,Beledweyne,01_NF,open,-1,0.0,0.000854,0,0
data/urban_sar_floods_preprocessed/01_NF/SAR/20231114_Beledweyne_ID_14_21_SAR.npy,Beledweyne,01_NF,open,-1,0.0,0.000597,0,0
data/urban_sar_floods_preprocessed/01_NF/SAR/20231114_Beledweyne_ID_14_22_SAR.npy,Beledweyne,01_NF,open,-1,0.0,0.000826,0,0
data/urban_sar_floods_preprocessed/01_NF/SAR/20231114_Beledweyne_ID_14_23_SAR.npy,Beledweyne,01_NF,open,-1,0.0,0.000987,0,0
data/urban_sar_floods_preprocessed/01_NF/SAR/20231114_Beledweyne_ID_14_24_SAR.npy,Beledweyne,01_NF,open,-1,0.0,0.001016,0,0
data/urban_sar_floods_preprocessed/01_NF/SAR/20231114_Beledweyne_ID_14_25_SAR.npy,Beledweyne,01_NF,open,-1,0.0,0.000934,0,0
data/urban_sar_floods_preprocessed/01_NF/SAR/20231114_Beledweyne_ID_14_26_SAR.npy,Beledweyne,01_NF,open,-1,0.0,0.000885,0,0
data/urban_sar_floods_preprocessed/01_NF/SAR/20231114_Beledweyne_ID_14_27_SAR.npy,Beledweyne,01_NF,open,-1,0.0,0.00077,0,0
data/urban_sar_floods_preprocessed/01_NF/SAR/20231114_Beledweyne_ID_14_28_SAR.npy,Beledweyne,01_NF,open,-1,0.0,0.000493,0,0
data/urban_sar_floods_preprocessed/01_NF/SAR/20231114_Beledweyne_ID_14_2_SAR.npy,Beledweyne,01_NF,open,-1,0.0,0.001981,0,0
data/urban_sar_floods_preprocessed/01_NF/SAR/20231114_Beledweyne_ID_14_3_SAR.npy,Beledweyne,01_NF,open,-1,0.0,0.001909,0,0
data/urban_sar_floods_preprocessed/01_NF/SAR/20231114_Beledweyne_ID_14_4_SAR.npy,Beledweyne,01_NF,open,-1,0.0,0.001519,0,0
data/urban_sar_floods_preprocessed/01_NF/SAR/20231114_Beledweyne_ID_14_5_SAR.npy,Beledweyne,01_NF,open,-1,0.0,0.001476,0,0
data/urban_sar_floods_preprocessed/01_NF/SAR/20231114_Beledweyne_ID_14_6_SAR.npy,Beledweyne,01_NF,open,-1,0.0,0.000773,0,0
data/urban_sar_floods_preprocessed/01_NF/SAR/20231114_Beledweyne_ID_14_7_SAR.npy,Beledweyne,01_NF,open,-1,0.0,0.001437,0,0
data/urban_sar_floods_preprocessed/01_NF/SAR/20231114_Beledweyne_ID_14_8_SAR.npy,Beledweyne,01_NF,open,-1,0.0,0.001462,0,0
data/urban_sar_floods_preprocessed/01_NF/SAR/20231114_Beledweyne_ID_14_9_SAR.npy,Beledweyne,01_NF,open,-1,0.0,0.00099,0,0
data/urban_sar_floods_preprocessed/01_NF/SAR/20231114_Beledweyne_ID_15_0_SAR.npy,Beledweyne,01_NF,open,-1,0.0,0.00043,0,0
data/urban_sar_floods_preprocessed/01_NF/SAR/20231114_Beledweyne_ID_15_10_SAR.npy,Beledweyne,01_NF,open,-1,0.0,0.001632,0,0
data/urban_sar_floods_preprocessed/01_NF/SAR/20231114_Beledweyne_ID_15_11_SAR.npy,Beledweyne,01_NF,open,-1,0.0,0.001674,0,0
data/urban_sar_floods_preprocessed/01_NF/SAR/20231114_Beledweyne_ID_15_12_SAR.npy,Beledweyne,01_NF,open,-1,0.0,0.001537,0,0
data/urban_sar_floods_preprocessed/01_NF/SAR/20231114_Beledweyne_ID_15_13_SAR.npy,Beledweyne,01_NF,open,-1,0.0,0.001187,0,0
data/urban_sar_floods_preprocessed/01_NF/SAR/20231114_Beledweyne_ID_15_14_SAR.npy,Beledweyne,01_NF,open,-1,0.0,0.000874,0,0
data/urban_sar_floods_preprocessed/01_NF/SAR/20231114_Beledweyne_ID_15_15_SAR.npy,Beledweyne,01_NF,open,-1,0.0,0.001343,0,0
data/urban_sar_floods_preprocessed/01_NF/SAR/20231114_Beledweyne_ID_15_16_SAR.npy,Beledweyne,01_NF,open,-1,0.0,0.001617,0,0
data/urban_sar_floods_preprocessed/01_NF/SAR/20231114_Beledweyne_ID_15_17_SAR.npy,Beledweyne,01_NF,open,-1,0.0,0.001518,0,0
data/urban_sar_floods_preprocessed/01_NF/SAR/20231114_Beledweyne_ID_15_18_SAR.npy,Beledweyne,01_NF,open,-1,0.0,0.001234,0,0
data/urban_sar_floods_preprocessed/01_NF/SAR/20231114_Beledweyne_ID_15_1_SAR.npy,Beledweyne,01_NF,open,-1,0.0,0.001942,0,0
data/urban_sar_floods_preprocessed/01_NF/SAR/20231114_Beledweyne_ID_15_21_SAR.npy,Beledweyne,01_NF,open,-1,0.0,0.000639,0,0
data/urban_sar_floods_preprocessed/01_NF/SAR/20231114_Beledweyne_ID_15_22_SAR.npy,Beledweyne,01_NF,open,-1,0.0,0.000796,0,0
data/urban_sar_floods_preprocessed/01_NF/SAR/20231114_Beledweyne_ID_15_23_SAR.npy,Beledweyne,01_NF,open,-1,0.0,0.000856,0,0
data/urban_sar_floods_preprocessed/01_NF/SAR/20231114_Beledweyne_ID_15_24_SAR.npy,Beledweyne,01_NF,open,-1,0.0,0.000754,0,0
data/urban_sar_floods_preprocessed/01_NF/SAR/20231114_Beledweyne_ID_15_25_SAR.npy,Beledweyne,01_NF,open,-1,0.0,0.000762,0,0
data/urban_sar_floods_preprocessed/01_NF/SAR/20231114_Beledweyne_ID_15_26_SAR.npy,Beledweyne,01_NF,open,-1,0.0,0.000715,0,0
data/urban_sar_floods_preprocessed/01_NF/SAR/20231114_Beledweyne_ID_15_27_SAR.npy,Beledweyne,01_NF,open,-1,0.0,0.00093,0,0
data/urban_sar_floods_preprocessed/01_NF/SAR/20231114_Beledweyne_ID_15_28_SAR.npy,Beledweyne,01_NF,open,-1,0.0,0.00013,0,0
data/urban_sar_floods_preprocessed/01_NF/SAR/20231114_Beledweyne_ID_15_2_SAR.npy,Beledweyne,01_NF,open,-1,0.0,0.002226,0,0
data/urban_sar_floods_preprocessed/01_NF/SAR/20231114_Beledweyne_ID_15_3_SAR.npy,Beledweyne,01_NF,open,-1,0.0,0.001889,0,0
data/urban_sar_floods_preprocessed/01_NF/SAR/20231114_Beledweyne_ID_15_4_SAR.npy,Beledweyne,01_NF,open,-1,0.0,0.001882,0,0
data/urban_sar_floods_preprocessed/01_NF/SAR/20231114_Beledweyne_ID_15_5_SAR.npy,Beledweyne,01_NF,open,-1,0.0,0.001893,0,0
data/urban_sar_floods_preprocessed/01_NF/SAR/20231114_Beledweyne_ID_15_6_SAR.npy,Beledweyne,01_NF,open,-1,0.0,0.001184,0,0
data/urban_sar_floods_preprocessed/01_NF/SAR/20231114_Beledweyne_ID_15_7_SAR.npy,Beledweyne,01_NF,open,-1,0.0,0.001398,0,0
data/urban_sar_floods_preprocessed/01_NF/SAR/20231114_Beledweyne_ID_15_8_SAR.npy,Beledweyne,01_NF,open,-1,0.0,0.00125,0,0
data/urban_sar_floods_preprocessed/01_NF/SAR/20231114_Beledweyne_ID_15_9_SAR.npy,Beledweyne,01_NF,open,-1,0.0,0.001747,0,0
data/urban_sar_floods_preprocessed/01_NF/SAR/20231114_Beledweyne_ID_16_0_SAR.npy,Beledweyne,01_NF,open,-1,0.0,0.000959,0,0
data/urban_sar_floods_preprocessed/01_NF/SAR/20231114_Beledweyne_ID_16_10_SAR.npy,Beledweyne,01_NF,open,-1,0.0,0.001294,0,0
data/urban_sar_floods_preprocessed/01_NF/SAR/20231114_Beledweyne_ID_16_11_SAR.npy,Beledweyne,01_NF,open,-1,0.0,0.001587,0,0
data/urban_sar_floods_preprocessed/01_NF/SAR/20231114_Beledweyne_ID_16_12_SAR.npy,Beledweyne,01_NF,open,-1,0.0,0.001525,0,0
data/urban_sar_floods_preprocessed/01_NF/SAR/20231114_Beledweyne_ID_16_13_SAR.npy,Beledweyne,01_NF,open,-1,0.0,0.001064,0,0
data/urban_sar_floods_preprocessed/01_NF/SAR/20231114_Beledweyne_ID_16_14_SAR.npy,Beledweyne,01_NF,open,-1,0.0,0.001087,0,0
data/urban_sar_floods_preprocessed/01_NF/SAR/20231114_Beledweyne_ID_16_15_SAR.npy,Beledweyne,01_NF,open,-1,0.0,0.001016,0,0
data/urban_sar_floods_preprocessed/01_NF/SAR/20231114_Beledweyne_ID_16_16_SAR.npy,Beledweyne,01_NF,open,-1,0.0,0.001434,0,0
data/urban_sar_floods_preprocessed/01_NF/SAR/20231114_Beledweyne_ID_16_17_SAR.npy,Beledweyne,01_NF,open,-1,0.0,0.00188,0,0
data/urban_sar_floods_preprocessed/01_NF/SAR/20231114_Beledweyne_ID_16_18_SAR.npy,Beledweyne,01_NF,open,-1,0.0,0.001603,0,0
data/urban_sar_floods_preprocessed/01_NF/SAR/20231114_Beledweyne_ID_16_1_SAR.npy,Beledweyne,01_NF,open,-1,0.0,0.001858,0,0
data/urban_sar_floods_preprocessed/01_NF/SAR/20231114_Beledweyne_ID_16_21_SAR.npy,Beledweyne,01_NF,open,-1,0.0,0.001095,0,0
data/urban_sar_floods_preprocessed/01_NF/SAR/20231114_Beledweyne_ID_16_23_SAR.npy,Beledweyne,01_NF,open,-1,0.0,0.001187,0,0
data/urban_sar_floods_preprocessed/01_NF/SAR/20231114_Beledweyne_ID_16_24_SAR.npy,Beledweyne,01_NF,open,-1,0.0,0.000782,0,0
data/urban_sar_floods_preprocessed/01_NF/SAR/20231114_Beledweyne_ID_16_25_SAR.npy,Beledweyne,01_NF,open,-1,0.0,0.000502,0,0
data/urban_sar_floods_preprocessed/01_NF/SAR/20231114_Beledweyne_ID_16_26_SAR.npy,Beledweyne,01_NF,open,-1,0.0,0.000567,0,0
data/urban_sar_floods_preprocessed/01_NF/SAR/20231114_Beledweyne_ID_16_27_SAR.npy,Beledweyne,01_NF,open,-1,0.0,0.000839,0,0
data/urban_sar_floods_preprocessed/01_NF/SAR/20231114_Beledweyne_ID_16_2_SAR.npy,Beledweyne,01_NF,open,-1,0.0,0.00204,0,0
data/urban_sar_floods_preprocessed/01_NF/SAR/20231114_Beledweyne_ID_16_3_SAR.npy,Beledweyne,01_NF,open,-1,0.0,0.002006,0,0
data/urban_sar_floods_preprocessed/01_NF/SAR/20231114_Beledweyne_ID_16_4_SAR.npy,Beledweyne,01_NF,open,-1,0.0,0.001849,0,0
data/urban_sar_floods_preprocessed/01_NF/SAR/20231114_Beledweyne_ID_16_5_SAR.npy,Beledweyne,01_NF,open,-1,0.0,0.001635,0,0
data/urban_sar_floods_preprocessed/01_NF/SAR/20231114_Beledweyne_ID_16_6_SAR.npy,Beledweyne,01_NF,open,-1,0.0,0.001189,0,0
data/urban_sar_floods_preprocessed/01_NF/SAR/20231114_Beledweyne_ID_16_7_SAR.npy,Beledweyne,01_NF,open,-1,0.0,0.001279,0,0
data/urban_sar_floods_preprocessed/01_NF/SAR/20231114_Beledweyne_ID_16_8_SAR.npy,Beledweyne,01_NF,open,-1,0.0,0.001564,0,0
data/urban_sar_floods_preprocessed/01_NF/SAR/20231114_Beledweyne_ID_16_9_SAR.npy,Beledweyne,01_NF,open,-1,0.0,0.001219,0,0
data/urban_sar_floods_preprocessed/01_NF/SAR/20231114_Beledweyne_ID_17_0_SAR.npy,Beledweyne,01_NF,open,-1,0.0,0.001287,0,0
data/urban_sar_floods_preprocessed/01_NF/SAR/20231114_Beledweyne_ID_17_10_SAR.npy,Beledweyne,01_NF,open,-1,0.0,0.000865,0,0
data/urban_sar_floods_preprocessed/01_NF/SAR/20231114_Beledweyne_ID_17_11_SAR.npy,Beledweyne,01_NF,open,-1,0.0,0.000879,0,0
data/urban_sar_floods_preprocessed/01_NF/SAR/20231114_Beledweyne_ID_17_13_SAR.npy,Beledweyne,01_NF,open,-1,0.0,0.001036,0,0
data/urban_sar_floods_preprocessed/01_NF/SAR/20231114_Beledweyne_ID_17_14_SAR.npy,Beledweyne,01_NF,open,-1,0.0,0.000952,0,0
data/urban_sar_floods_preprocessed/01_NF/SAR/20231114_Beledweyne_ID_17_16_SAR.npy,Beledweyne,01_NF,open,-1,0.0,0.000903,0,0
data/urban_sar_floods_preprocessed/01_NF/SAR/20231114_Beledweyne_ID_17_17_SAR.npy,Beledweyne,01_NF,open,-1,0.0,0.001709,0,0
data/urban_sar_floods_preprocessed/01_NF/SAR/20231114_Beledweyne_ID_17_18_SAR.npy,Beledweyne,01_NF,open,-1,0.0,0.001641,0,0
data/urban_sar_floods_preprocessed/01_NF/SAR/20231114_Beledweyne_ID_17_1_SAR.npy,Beledweyne,01_NF,open,-1,0.0,0.002179,0,0
data/urban_sar_floods_preprocessed/01_NF/SAR/20231114_Beledweyne_ID_17_20_SAR.npy,Beledweyne,01_NF,open,-1,0.0,0.00142,0,0
data/urban_sar_floods_preprocessed/01_NF/SAR/20231114_Beledweyne_ID_17_23_SAR.npy,Beledweyne,01_NF,open,-1,0.0,0.001421,0,0
data/urban_sar_floods_preprocessed/01_NF/SAR/20231114_Beledweyne_ID_17_24_SAR.npy,Beledweyne,01_NF,open,-1,0.0,0.000959,0,0
data/urban_sar_floods_preprocessed/01_NF/SAR/20231114_Beledweyne_ID_17_25_SAR.npy,Beledweyne,01_NF,open,-1,0.0,0.001105,0,0
data/urban_sar_floods_preprocessed/01_NF/SAR/20231114_Beledweyne_ID_17_26_SAR.npy,Beledweyne,01_NF,open,-1,0.0,0.000785,0,0
data/urban_sar_floods_preprocessed/01_NF/SAR/20231114_Beledweyne_ID_17_27_SAR.npy,Beledweyne,01_NF,open,-1,0.0,0.00072,0,0
data/urban_sar_floods_preprocessed/01_NF/SAR/20231114_Beledweyne_ID_17_2_SAR.npy,Beledweyne,01_NF,open,-1,0.0,0.002614,0,0
data/urban_sar_floods_preprocessed/01_NF/SAR/20231114_Beledweyne_ID_17_3_SAR.npy,Beledweyne,01_NF,open,-1,0.0,0.002922,0,0
data/urban_sar_floods_preprocessed/01_NF/SAR/20231114_Beledweyne_ID_17_4_SAR.npy,Beledweyne,01_NF,open,-1,0.0,0.002702,0,0
data/urban_sar_floods_preprocessed/01_NF/SAR/20231114_Beledweyne_ID_17_5_SAR.npy,Beledweyne,01_NF,open,-1,0.0,0.002422,0,0
data/urban_sar_floods_preprocessed/01_NF/SAR/20231114_Beledweyne_ID_17_6_SAR.npy,Beledweyne,01_NF,open,-1,0.0,0.002185,0,0
data/urban_sar_floods_preprocessed/01_NF/SAR/20231114_Beledweyne_ID_17_8_SAR.npy,Beledweyne,01_NF,open,-1,0.0,0.002307,0,0
data/urban_sar_floods_preprocessed/01_NF/SAR/20231114_Beledweyne_ID_17_9_SAR.npy,Beledweyne,01_NF,open,-1,0.0,0.001243,0,0
data/urban_sar_floods_preprocessed/01_NF/SAR/20231114_Beledweyne_ID_18_0_SAR.npy,Beledweyne,01_NF,open,-1,0.0,0.001165,0,0
data/urban_sar_floods_preprocessed/01_NF/SAR/20231114_Beledweyne_ID_18_10_SAR.npy,Beledweyne,01_NF,open,-1,0.0,0.00137,0,0
data/urban_sar_floods_preprocessed/01_NF/SAR/20231114_Beledweyne_ID_18_11_SAR.npy,Beledweyne,01_NF,open,-1,0.0,0.000666,0,0
data/urban_sar_floods_preprocessed/01_NF/SAR/20231114_Beledweyne_ID_18_12_SAR.npy,Beledweyne,01_NF,open,-1,0.0,0.000592,0,0
data/urban_sar_floods_preprocessed/01_NF/SAR/20231114_Beledweyne_ID_18_13_SAR.npy,Beledweyne,01_NF,open,-1,0.0,0.000855,0,0
data/urban_sar_floods_preprocessed/01_NF/SAR/20231114_Beledweyne_ID_18_14_SAR.npy,Beledweyne,01_NF,open,-1,0.0,0.00101,0,0
data/urban_sar_floods_preprocessed/01_NF/SAR/20231114_Beledweyne_ID_18_15_SAR.npy,Beledweyne,01_NF,open,-1,0.0,0.001152,0,0
data/urban_sar_floods_preprocessed/01_NF/SAR/20231114_Beledweyne_ID_18_16_SAR.npy,Beledweyne,01_NF,open,-1,0.0,0.00078,0,0
data/urban_sar_floods_preprocessed/01_NF/SAR/20231114_Beledweyne_ID_18_17_SAR.npy,Beledweyne,01_NF,open,-1,0.0,0.001554,0,0
data/urban_sar_floods_preprocessed/01_NF/SAR/20231114_Beledweyne_ID_18_19_SAR.npy,Beledweyne,01_NF,open,-1,0.0,0.001406,0,0
data/urban_sar_floods_preprocessed/01_NF/SAR/20231114_Beledweyne_ID_18_20_SAR.npy,Beledweyne,01_NF,open,-1,0.0,0.001029,0,0
data/urban_sar_floods_preprocessed/01_NF/SAR/20231114_Beledweyne_ID_18_21_SAR.npy,Beledweyne,01_NF,open,-1,0.0,0.001669,0,0
data/urban_sar_floods_preprocessed/01_NF/SAR/20231114_Beledweyne_ID_18_22_SAR.npy,Beledweyne,01_NF,open,-1,0.0,0.000742,0,0
data/urban_sar_floods_preprocessed/01_NF/SAR/20231114_Beledweyne_ID_18_23_SAR.npy,Beledweyne,01_NF,open,-1,0.0,0.001431,0,0
data/urban_sar_floods_preprocessed/01_NF/SAR/20231114_Beledweyne_ID_18_24_SAR.npy,Beledweyne,01_NF,open,-1,0.0,0.001233,0,0
data/urban_sar_floods_preprocessed/01_NF/SAR/20231114_Beledweyne_ID_18_25_SAR.npy,Beledweyne,01_NF,open,-1,0.0,0.001101,0,0
data/urban_sar_floods_preprocessed/01_NF/SAR/20231114_Beledweyne_ID_18_26_SAR.npy,Beledweyne,01_NF,open,-1,0.0,0.000708,0,0
data/urban_sar_floods_preprocessed/01_NF/SAR/20231114_Beledweyne_ID_18_27_SAR.npy,Beledweyne,01_NF,open,-1,0.0,0.000563,0,0
data/urban_sar_floods_preprocessed/01_NF/SAR/20231114_Beledweyne_ID_18_5_SAR.npy,Beledweyne,01_NF,open,-1,0.0,0.001984,0,0
data/urban_sar_floods_preprocessed/01_NF/SAR/20231114_Beledweyne_ID_18_6_SAR.npy,Beledweyne,01_NF,open,-1,0.0,0.001565,0,0
data/urban_sar_floods_preprocessed/01_NF/SAR/20231114_Beledweyne_ID_18_8_SAR.npy,Beledweyne,01_NF,open,-1,0.0,0.002286,0,0
data/urban_sar_floods_preprocessed/01_NF/SAR/20231114_Beledweyne_ID_18_9_SAR.npy,Beledweyne,01_NF,open,-1,0.0,0.002146,0,0
data/urban_sar_floods_preprocessed/01_NF/SAR/20231114_Beledweyne_ID_19_12_SAR.npy,Beledweyne,01_NF,open,-1,0.0,0.001331,0,0
data/urban_sar_floods_preprocessed/01_NF/SAR/20231114_Beledweyne_ID_19_13_SAR.npy,Beledweyne,01_NF,open,-1,0.0,0.001131,0,0
data/urban_sar_floods_preprocessed/01_NF/SAR/20231114_Beledweyne_ID_19_14_SAR.npy,Beledweyne,01_NF,open,-1,0.0,0.001218,0,0
data/urban_sar_floods_preprocessed/01_NF/SAR/20231114_Beledweyne_ID_19_15_SAR.npy,Beledweyne,01_NF,open,-1,0.0,0.00108,0,0
data/urban_sar_floods_preprocessed/01_NF/SAR/20231114_Beledweyne_ID_19_16_SAR.npy,Beledweyne,01_NF,open,-1,0.0,0.001053,0,0
data/urban_sar_floods_preprocessed/01_NF/SAR/20231114_Beledweyne_ID_19_17_SAR.npy,Beledweyne,01_NF,open,-1,0.0,0.001242,0,0
data/urban_sar_floods_preprocessed/01_NF/SAR/20231114_Beledweyne_ID_19_19_SAR.npy,Beledweyne,01_NF,open,-1,0.0,0.001404,0,0
data/urban_sar_floods_preprocessed/01_NF/SAR/20231114_Beledweyne_ID_19_20_SAR.npy,Beledweyne,01_NF,open,-1,0.0,0.000793,0,0
data/urban_sar_floods_preprocessed/01_NF/SAR/20231114_Beledweyne_ID_19_21_SAR.npy,Beledweyne,01_NF,open,-1,0.0,0.001549,0,0
data/urban_sar_floods_preprocessed/01_NF/SAR/20231114_Beledweyne_ID_19_22_SAR.npy,Beledweyne,01_NF,open,-1,0.0,0.001004,0,0
data/urban_sar_floods_preprocessed/01_NF/SAR/20231114_Beledweyne_ID_19_23_SAR.npy,Beledweyne,01_NF,open,-1,0.0,0.001582,0,0
data/urban_sar_floods_preprocessed/01_NF/SAR/20231114_Beledweyne_ID_19_24_SAR.npy,Beledweyne,01_NF,open,-1,0.0,0.001299,0,0
data/urban_sar_floods_preprocessed/01_NF/SAR/20231114_Beledweyne_ID_19_25_SAR.npy,Beledweyne,01_NF,open,-1,0.0,0.001227,0,0
data/urban_sar_floods_preprocessed/01_NF/SAR/20231114_Beledweyne_ID_19_26_SAR.npy,Beledweyne,01_NF,open,-1,0.0,0.000963,0,0
data/urban_sar_floods_preprocessed/01_NF/SAR/20231114_Beledweyne_ID_19_27_SAR.npy,Beledweyne,01_NF,open,-1,0.0,0.000365,0,0
data/urban_sar_floods_preprocessed/01_NF/SAR/20231114_Beledweyne_ID_19_2_SAR.npy,Beledweyne,01_NF,open,-1,0.0,9.3e-05,0,0
data/urban_sar_floods_preprocessed/01_NF/SAR/20231114_Beledweyne_ID_19_3_SAR.npy,Beledweyne,01_NF,open,-1,0.0,0.000576,0,0
data/urban_sar_floods_preprocessed/01_NF/SAR/20231114_Beledweyne_ID_19_4_SAR.npy,Beledweyne,01_NF,open,-1,0.0,0.000954,0,0
data/urban_sar_floods_preprocessed/01_NF/SAR/20231114_Beledweyne_ID_19_5_SAR.npy,Beledweyne,01_NF,open,-1,0.0,0.001623,0,0
data/urban_sar_floods_preprocessed/01_NF/SAR/20231114_Beledweyne_ID_19_6_SAR.npy,Beledweyne,01_NF,open,-1,0.0,0.001982,0,0
data/urban_sar_floods_preprocessed/01_NF/SAR/20231114_Beledweyne_ID_19_7_SAR.npy,Beledweyne,01_NF,open,-1,0.0,0.002614,0,0
data/urban_sar_floods_preprocessed/01_NF/SAR/20231114_Beledweyne_ID_19_8_SAR.npy,Beledweyne,01_NF,open,-1,0.0,0.001685,0,0
data/urban_sar_floods_preprocessed/01_NF/SAR/20231114_Beledweyne_ID_19_9_SAR.npy,Beledweyne,01_NF,open,-1,0.0,0.001535,0,0
data/urban_sar_floods_preprocessed/01_NF/SAR/20231114_Beledweyne_ID_1_12_SAR.npy,Beledweyne,01_NF,open,-1,0.0,0.000451,0,0
data/urban_sar_floods_preprocessed/01_NF/SAR/20231114_Beledweyne_ID_1_3_SAR.npy,Beledweyne,01_NF,open,-1,0.0,0.000693,0,0
data/urban_sar_floods_preprocessed/01_NF/SAR/20231114_Beledweyne_ID_1_4_SAR.npy,Beledweyne,01_NF,open,-1,0.0,0.001934,0,0
data/urban_sar_floods_preprocessed/01_NF/SAR/20231114_Beledweyne_ID_1_5_SAR.npy,Beledweyne,01_NF,open,-1,0.0,0.001976,0,0
data/urban_sar_floods_preprocessed/01_NF/SAR/20231114_Beledweyne_ID_1_6_SAR.npy,Beledweyne,01_NF,open,-1,0.0,0.001274,0,0
data/urban_sar_floods_preprocessed/01_NF/SAR/20231114_Beledweyne_ID_1_7_SAR.npy,Beledweyne,01_NF,open,-1,0.0,0.0011,0,0
data/urban_sar_floods_preprocessed/01_NF/SAR/20231114_Beledweyne_ID_1_8_SAR.npy,Beledweyne,01_NF,open,-1,0.0,0.000438,0,0
data/urban_sar_floods_preprocessed/01_NF/SAR/20231114_Beledweyne_ID_1_9_SAR.npy,Beledweyne,01_NF,open,-1,0.0,8.9e-05,0,0
data/urban_sar_floods_preprocessed/01_NF/SAR/20231114_Beledweyne_ID_20_10_SAR.npy,Beledweyne,01_NF,open,-1,0.0,7.4e-05,0,0
data/urban_sar_floods_preprocessed/01_NF/SAR/20231114_Beledweyne_ID_20_13_SAR.npy,Beledweyne,01_NF,open,-1,0.0,0.001067,0,0
data/urban_sar_floods_preprocessed/01_NF/SAR/20231114_Beledweyne_ID_20_14_SAR.npy,Beledweyne,01_NF,open,-1,0.0,0.001636,0,0
data/urban_sar_floods_preprocessed/01_NF/SAR/20231114_Beledweyne_ID_20_15_SAR.npy,Beledweyne,01_NF,open,-1,0.0,0.001837,0,0
data/urban_sar_floods_preprocessed/01_NF/SAR/20231114_Beledweyne_ID_20_16_SAR.npy,Beledweyne,01_NF,open,-1,0.0,0.00171,0,0
data/urban_sar_floods_preprocessed/01_NF/SAR/20231114_Beledweyne_ID_20_17_SAR.npy,Beledweyne,01_NF,open,-1,0.0,0.00117,0,0
data/urban_sar_floods_preprocessed/01_NF/SAR/20231114_Beledweyne_ID_20_18_SAR.npy,Beledweyne,01_NF,open,-1,0.0,0.001179,0,0
data/urban_sar_floods_preprocessed/01_NF/SAR/20231114_Beledweyne_ID_20_19_SAR.npy,Beledweyne,01_NF,open,-1,0.0,0.001106,0,0
data/urban_sar_floods_preprocessed/01_NF/SAR/20231114_Beledweyne_ID_20_20_SAR.npy,Beledweyne,01_NF,open,-1,0.0,0.001053,0,0
data/urban_sar_floods_preprocessed/01_NF/SAR/20231114_Beledweyne_ID_20_21_SAR.npy,Beledweyne,01_NF,open,-1,0.0,0.001353,0,0
data/urban_sar_floods_preprocessed/01_NF/SAR/20231114_Beledweyne_ID_20_22_SAR.npy,Beledweyne,01_NF,open,-1,0.0,0.001207,0,0
data/urban_sar_floods_preprocessed/01_NF/SAR/20231114_Beledweyne_ID_20_23_SAR.npy,Beledweyne,01_NF,open,-1,0.0,0.001388,0,0
data/urban_sar_floods_preprocessed/01_NF/SAR/20231114_Beledweyne_ID_20_24_SAR.npy,Beledweyne,01_NF,open,-1,0.0,0.001164,0,0
data/urban_sar_floods_preprocessed/01_NF/SAR/20231114_Beledweyne_ID_20_25_SAR.npy,Beledweyne,01_NF,open,-1,0.0,0.000724,0,0
data/urban_sar_floods_preprocessed/01_NF/SAR/20231114_Beledweyne_ID_20_26_SAR.npy,Beledweyne,01_NF,open,-1,0.0,0.001124,0,0
data/urban_sar_floods_preprocessed/01_NF/SAR/20231114_Beledweyne_ID_20_27_SAR.npy,Beledweyne,01_NF,open,-1,0.0,5.7e-05,0,0
data/urban_sar_floods_preprocessed/01_NF/SAR/20231114_Beledweyne_ID_20_7_SAR.npy,Beledweyne,01_NF,open,-1,0.0,0.000154,0,0
data/urban_sar_floods_preprocessed/01_NF/SAR/20231114_Beledweyne_ID_20_8_SAR.npy,Beledweyne,01_NF,open,-1,0.0,0.000242,0,0
data/urban_sar_floods_preprocessed/01_NF/SAR/20231114_Beledweyne_ID_21_15_SAR.npy,Beledweyne,01_NF,open,-1,0.0,0.000117,0,0
data/urban_sar_floods_preprocessed/01_NF/SAR/20231114_Beledweyne_ID_21_16_SAR.npy,Beledweyne,01_NF,open,-1,0.0,0.000495,0,0
data/urban_sar_floods_preprocessed/01_NF/SAR/20231114_Beledweyne_ID_21_17_SAR.npy,Beledweyne,01_NF,open,-1,0.0,0.001181,0,0
data/urban_sar_floods_preprocessed/01_NF/SAR/20231114_Beledweyne_ID_21_18_SAR.npy,Beledweyne,01_NF,open,-1,0.0,0.000988,0,0
data/urban_sar_floods_preprocessed/01_NF/SAR/20231114_Beledweyne_ID_21_19_SAR.npy,Beledweyne,01_NF,open,-1,0.0,0.001288,0,0
data/urban_sar_floods_preprocessed/01_NF/SAR/20231114_Beledweyne_ID_21_20_SAR.npy,Beledweyne,01_NF,open,-1,0.0,0.001543,0,0
data/urban_sar_floods_preprocessed/01_NF/SAR/20231114_Beledweyne_ID_21_21_SAR.npy,Beledweyne,01_NF,open,-1,0.0,0.00124,0,0
data/urban_sar_floods_preprocessed/01_NF/SAR/20231114_Beledweyne_ID_21_23_SAR.npy,Beledweyne,01_NF,open,-1,0.0,0.001555,0,0
data/urban_sar_floods_preprocessed/01_NF/SAR/20231114_Beledweyne_ID_21_24_SAR.npy,Beledweyne,01_NF,open,-1,0.0,0.001349,0,0
data/urban_sar_floods_preprocessed/01_NF/SAR/20231114_Beledweyne_ID_21_25_SAR.npy,Beledweyne,01_NF,open,-1,0.0,0.001171,0,0
data/urban_sar_floods_preprocessed/01_NF/SAR/20231114_Beledweyne_ID_21_26_SAR.npy,Beledweyne,01_NF,open,-1,0.0,0.001076,0,0
data/urban_sar_floods_preprocessed/01_NF/SAR/20231114_Beledweyne_ID_22_17_SAR.npy,Beledweyne,01_NF,open,-1,0.0,0.000987,0,0
data/urban_sar_floods_preprocessed/01_NF/SAR/20231114_Beledweyne_ID_22_18_SAR.npy,Beledweyne,01_NF,open,-1,0.0,0.001437,0,0
data/urban_sar_floods_preprocessed/01_NF/SAR/20231114_Beledweyne_ID_22_19_SAR.npy,Beledweyne,01_NF,open,-1,0.0,0.001617,0,0
data/urban_sar_floods_preprocessed/01_NF/SAR/20231114_Beledweyne_ID_22_20_SAR.npy,Beledweyne,01_NF,open,-1,0.0,0.001561,0,0
data/urban_sar_floods_preprocessed/01_NF/SAR/20231114_Beledweyne_ID_22_21_SAR.npy,Beledweyne,01_NF,open,-1,0.0,0.001119,0,0
data/urban_sar_floods_preprocessed/01_NF/SAR/20231114_Beledweyne_ID_22_22_SAR.npy,Beledweyne,01_NF,open,-1,0.0,0.001908,0,0
data/urban_sar_floods_preprocessed/01_NF/SAR/20231114_Beledweyne_ID_22_24_SAR.npy,Beledweyne,01_NF,open,-1,0.0,0.001537,0,0
data/urban_sar_floods_preprocessed/01_NF/SAR/20231114_Beledweyne_ID_22_25_SAR.npy,Beledweyne,01_NF,open,-1,0.0,0.001074,0,0
data/urban_sar_floods_preprocessed/01_NF/SAR/20231114_Beledweyne_ID_22_26_SAR.npy,Beledweyne,01_NF,open,-1,0.0,0.000812,0,0
data/urban_sar_floods_preprocessed/01_NF/SAR/20231114_Beledweyne_ID_23_18_SAR.npy,Beledweyne,01_NF,open,-1,0.0,2.6e-05,0,0
data/urban_sar_floods_preprocessed/01_NF/SAR/20231114_Beledweyne_ID_23_19_SAR.npy,Beledweyne,01_NF,open,-1,0.0,0.000398,0,0
data/urban_sar_floods_preprocessed/01_NF/SAR/20231114_Beledweyne_ID_23_20_SAR.npy,Beledweyne,01_NF,open,-1,0.0,0.000598,0,0
data/urban_sar_floods_preprocessed/01_NF/SAR/20231114_Beledweyne_ID_23_21_SAR.npy,Beledweyne,01_NF,open,-1,0.0,0.000907,0,0
data/urban_sar_floods_preprocessed/01_NF/SAR/20231114_Beledweyne_ID_23_22_SAR.npy,Beledweyne,01_NF,open,-1,0.0,0.001614,0,0
data/urban_sar_floods_preprocessed/01_NF/SAR/20231114_Beledweyne_ID_23_24_SAR.npy,Beledweyne,01_NF,open,-1,0.0,0.001573,0,0
data/urban_sar_floods_preprocessed/01_NF/SAR/20231114_Beledweyne_ID_23_25_SAR.npy,Beledweyne,01_NF,open,-1,0.0,0.001172,0,0
data/urban_sar_floods_preprocessed/01_NF/SAR/20231114_Beledweyne_ID_23_26_SAR.npy,Beledweyne,01_NF,open,-1,0.0,0.000581,0,0
data/urban_sar_floods_preprocessed/01_NF/SAR/20231114_Beledweyne_ID_2_10_SAR.npy,Beledweyne,01_NF,open,-1,0.0,0.001968,0,0
data/urban_sar_floods_preprocessed/01_NF/SAR/20231114_Beledweyne_ID_2_11_SAR.npy,Beledweyne,01_NF,open,-1,0.0,0.00128,0,0
data/urban_sar_floods_preprocessed/01_NF/SAR/20231114_Beledweyne_ID_2_12_SAR.npy,Beledweyne,01_NF,open,-1,0.0,0.001234,0,0
data/urban_sar_floods_preprocessed/01_NF/SAR/20231114_Beledweyne_ID_2_13_SAR.npy,Beledweyne,01_NF,open,-1,0.0,0.00146,0,0
data/urban_sar_floods_preprocessed/01_NF/SAR/20231114_Beledweyne_ID_2_14_SAR.npy,Beledweyne,01_NF,open,-1,0.0,0.001675,0,0
data/urban_sar_floods_preprocessed/01_NF/SAR/20231114_Beledweyne_ID_2_15_SAR.npy,Beledweyne,01_NF,open,-1,0.0,0.001192,0,0
data/urban_sar_floods_preprocessed/01_NF/SAR/20231114_Beledweyne_ID_2_16_SAR.npy,Beledweyne,01_NF,open,-1,0.0,0.000725,0,0
data/urban_sar_floods_preprocessed/01_NF/SAR/20231114_Beledweyne_ID_2_17_SAR.npy,Beledweyne,01_NF,open,-1,0.0,0.00029,0,0
data/urban_sar_floods_preprocessed/01_NF/SAR/20231114_Beledweyne_ID_2_3_SAR.npy,Beledweyne,01_NF,open,-1,0.0,0.001124,0,0
data/urban_sar_floods_preprocessed/01_NF/SAR/20231114_Beledweyne_ID_2_5_SAR.npy,Beledweyne,01_NF,open,-1,0.0,0.002147,0,0
data/urban_sar_floods_preprocessed/01_NF/SAR/20231114_Beledweyne_ID_2_6_SAR.npy,Beledweyne,01_NF,open,-1,0.0,0.001943,0,0
data/urban_sar_floods_preprocessed/01_NF/SAR/20231114_Beledweyne_ID_2_8_SAR.npy,Beledweyne,01_NF,open,-1,0.0,0.002132,0,0
data/urban_sar_floods_preprocessed/01_NF/SAR/20231114_Beledweyne_ID_2_9_SAR.npy,Beledweyne,01_NF,open,-1,0.0,0.002147,0,0
data/urban_sar_floods_preprocessed/01_NF/SAR/20231114_Beledweyne_ID_3_11_SAR.npy,Beledweyne,01_NF,open,-1,0.0,0.001631,0,0
data/urban_sar_floods_preprocessed/01_NF/SAR/20231114_Beledweyne_ID_3_12_SAR.npy,Beledweyne,01_NF,open,-1,0.0,0.001206,0,0
data/urban_sar_floods_preprocessed/01_NF/SAR/20231114_Beledweyne_ID_3_13_SAR.npy,Beledweyne,01_NF,open,-1,0.0,0.001186,0,0
data/urban_sar_floods_preprocessed/01_NF/SAR/20231114_Beledweyne_ID_3_14_SAR.npy,Beledweyne,01_NF,open,-1,0.0,0.001464,0,0
data/urban_sar_floods_preprocessed/01_NF/SAR/20231114_Beledweyne_ID_3_15_SAR.npy,Beledweyne,01_NF,open,-1,0.0,0.001527,0,0
data/urban_sar_floods_preprocessed/01_NF/SAR/20231114_Beledweyne_ID_3_16_SAR.npy,Beledweyne,01_NF,open,-1,0.0,0.001304,0,0
data/urban_sar_floods_preprocessed/01_NF/SAR/20231114_Beledweyne_ID_3_17_SAR.npy,Beledweyne,01_NF,open,-1,0.0,0.001434,0,0
data/urban_sar_floods_preprocessed/01_NF/SAR/20231114_Beledweyne_ID_3_18_SAR.npy,Beledweyne,01_NF,open,-1,0.0,0.001432,0,0
data/urban_sar_floods_preprocessed/01_NF/SAR/20231114_Beledweyne_ID_3_19_SAR.npy,Beledweyne,01_NF,open,-1,0.0,0.000973,0,0
data/urban_sar_floods_preprocessed/01_NF/SAR/20231114_Beledweyne_ID_3_20_SAR.npy,Beledweyne,01_NF,open,-1,0.0,0.000883,0,0
data/urban_sar_floods_preprocessed/01_NF/SAR/20231114_Beledweyne_ID_3_21_SAR.npy,Beledweyne,01_NF,open,-1,0.0,0.000235,0,0
data/urban_sar_floods_preprocessed/01_NF/SAR/20231114_Beledweyne_ID_3_3_SAR.npy,Beledweyne,01_NF,open,-1,0.0,0.001411,0,0
data/urban_sar_floods_preprocessed/01_NF/SAR/20231114_Beledweyne_ID_3_4_SAR.npy,Beledweyne,01_NF,open,-1,0.0,0.002081,0,0
data/urban_sar_floods_preprocessed/01_NF/SAR/20231114_Beledweyne_ID_3_5_SAR.npy,Beledweyne,01_NF,open,-1,0.0,0.002183,0,0
data/urban_sar_floods_preprocessed/01_NF/SAR/20231114_Beledweyne_ID_4_13_SAR.npy,Beledweyne,01_NF,open,-1,0.0,0.001439,0,0
data/urban_sar_floods_preprocessed/01_NF/SAR/20231114_Beledweyne_ID_4_14_SAR.npy,Beledweyne,01_NF,open,-1,0.0,0.001275,0,0
data/urban_sar_floods_preprocessed/01_NF/SAR/20231114_Beledweyne_ID_4_15_SAR.npy,Beledweyne,01_NF,open,-1,0.0,0.001569,0,0
data/urban_sar_floods_preprocessed/01_NF/SAR/20231114_Beledweyne_ID_4_16_SAR.npy,Beledweyne,01_NF,open,-1,0.0,0.001566,0,0
data/urban_sar_floods_preprocessed/01_NF/SAR/20231114_Beledweyne_ID_4_17_SAR.npy,Beledweyne,01_NF,open,-1,0.0,0.001053,0,0
data/urban_sar_floods_preprocessed/01_NF/SAR/20231114_Beledweyne_ID_4_18_SAR.npy,Beledweyne,01_NF,open,-1,0.0,0.001403,0,0
data/urban_sar_floods_preprocessed/01_NF/SAR/20231114_Beledweyne_ID_4_19_SAR.npy,Beledweyne,01_NF,open,-1,0.0,0.001045,0,0
data/urban_sar_floods_preprocessed/01_NF/SAR/20231114_Beledweyne_ID_4_20_SAR.npy,Beledweyne,01_NF,open,-1,0.0,0.001089,0,0
data/urban_sar_floods_preprocessed/01_NF/SAR/20231114_Beledweyne_ID_4_21_SAR.npy,Beledweyne,01_NF,open,-1,0.0,0.000396,0,0
data/urban_sar_floods_preprocessed/01_NF/SAR/20231114_Beledweyne_ID_4_3_SAR.npy,Beledweyne,01_NF,open,-1,0.0,0.001739,0,0
data/urban_sar_floods_preprocessed/01_NF/SAR/20231114_Beledweyne_ID_4_4_SAR.npy,Beledweyne,01_NF,open,-1,0.0,0.002006,0,0
data/urban_sar_floods_preprocessed/01_NF/SAR/20231114_Beledweyne_ID_4_6_SAR.npy,Beledweyne,01_NF,open,-1,0.0,0.002155,0,0
data/urban_sar_floods_preprocessed/01_NF/SAR/20231114_Beledweyne_ID_4_7_SAR.npy,Beledweyne,01_NF,open,-1,0.0,0.001327,0,0
data/urban_sar_floods_preprocessed/01_NF/SAR/20231114_Beledweyne_ID_4_8_SAR.npy,Beledweyne,01_NF,open,-1,0.0,0.001512,0,0
data/urban_sar_floods_preprocessed/01_NF/SAR/20231114_Beledweyne_ID_5_14_SAR.npy,Beledweyne,01_NF,open,-1,0.0,0.000992,0,0
data/urban_sar_floods_preprocessed/01_NF/SAR/20231114_Beledweyne_ID_5_15_SAR.npy,Beledweyne,01_NF,open,-1,0.0,0.001301,0,0
data/urban_sar_floods_preprocessed/01_NF/SAR/20231114_Beledweyne_ID_5_16_SAR.npy,Beledweyne,01_NF,open,-1,0.0,0.001781,0,0
data/urban_sar_floods_preprocessed/01_NF/SAR/20231114_Beledweyne_ID_5_17_SAR.npy,Beledweyne,01_NF,open,-1,0.0,0.000994,0,0
data/urban_sar_floods_preprocessed/01_NF/SAR/20231114_Beledweyne_ID_5_18_SAR.npy,Beledweyne,01_NF,open,-1,0.0,0.001238,0,0
data/urban_sar_floods_preprocessed/01_NF/SAR/20231114_Beledweyne_ID_5_19_SAR.npy,Beledweyne,01_NF,open,-1,0.0,0.001503,0,0
data/urban_sar_floods_preprocessed/01_NF/SAR/20231114_Beledweyne_ID_5_20_SAR.npy,Beledweyne,01_NF,open,-1,0.0,0.001075,0,0
data/urban_sar_floods_preprocessed/01_NF/SAR/20231114_Beledweyne_ID_5_21_SAR.npy,Beledweyne,01_NF,open,-1,0.0,0.00122,0,0
data/urban_sar_floods_preprocessed/01_NF/SAR/20231114_Beledweyne_ID_5_23_SAR.npy,Beledweyne,01_NF,open,-1,0.0,0.000676,0,0
data/urban_sar_floods_preprocessed/01_NF/SAR/20231114_Beledweyne_ID_5_24_SAR.npy,Beledweyne,01_NF,open,-1,0.0,0.000525,0,0
data/urban_sar_floods_preprocessed/01_NF/SAR/20231114_Beledweyne_ID_5_25_SAR.npy,Beledweyne,01_NF,open,-1,0.0,0.000329,0,0
data/urban_sar_floods_preprocessed/01_NF/SAR/20231114_Beledweyne_ID_5_2_SAR.npy,Beledweyne,01_NF,open,-1,0.0,0.000277,0,0
data/urban_sar_floods_preprocessed/01_NF/SAR/20231114_Beledweyne_ID_5_3_SAR.npy,Beledweyne,01_NF,open,-1,0.0,0.001779,0,0
data/urban_sar_floods_preprocessed/01_NF/SAR/20231114_Beledweyne_ID_5_4_SAR.npy,Beledweyne,01_NF,open,-1,0.0,0.001692,0,0
data/urban_sar_floods_preprocessed/01_NF/SAR/20231114_Beledweyne_ID_5_5_SAR.npy,Beledweyne,01_NF,open,-1,0.0,0.002128,0,0
data/urban_sar_floods_preprocessed/01_NF/SAR/20231114_Beledweyne_ID_5_7_SAR.npy,Beledweyne,01_NF,open,-1,0.0,0.001953,0,0
data/urban_sar_floods_preprocessed/01_NF/SAR/20231114_Beledweyne_ID_5_8_SAR.npy,Beledweyne,01_NF,open,-1,0.0,0.001534,0,0
data/urban_sar_floods_preprocessed/01_NF/SAR/20231114_Beledweyne_ID_5_9_SAR.npy,Beledweyne,01_NF,open,-1,0.0,0.00179,0,0
data/urban_sar_floods_preprocessed/01_NF/SAR/20231114_Beledweyne_ID_6_10_SAR.npy,Beledweyne,01_NF,open,-1,0.0,0.001848,0,0
data/urban_sar_floods_preprocessed/01_NF/SAR/20231114_Beledweyne_ID_6_11_SAR.npy,Beledweyne,01_NF,open,-1,0.0,0.001423,0,0
data/urban_sar_floods_preprocessed/01_NF/SAR/20231114_Beledweyne_ID_6_12_SAR.npy,Beledweyne,01_NF,open,-1,0.0,0.001793,0,0
data/urban_sar_floods_preprocessed/01_NF/SAR/20231114_Beledweyne_ID_6_15_SAR.npy,Beledweyne,01_NF,open,-1,0.0,0.001441,0,0
data/urban_sar_floods_preprocessed/01_NF/SAR/20231114_Beledweyne_ID_6_16_SAR.npy,Beledweyne,01_NF,open,-1,0.0,0.001398,0,0
data/urban_sar_floods_preprocessed/01_NF/SAR/20231114_Beledweyne_ID_6_18_SAR.npy,Beledweyne,01_NF,open,-1,0.0,0.000936,0,0
data/urban_sar_floods_preprocessed/01_NF/SAR/20231114_Beledweyne_ID_6_19_SAR.npy,Beledweyne,01_NF,open,-1,0.0,0.001437,0,0
data/urban_sar_floods_preprocessed/01_NF/SAR/20231114_Beledweyne_ID_6_20_SAR.npy,Beledweyne,01_NF,open,-1,0.0,0.000974,0,0
data/urban_sar_floods_preprocessed/01_NF/SAR/20231114_Beledweyne_ID_6_21_SAR.npy,Beledweyne,01_NF,open,-1,0.0,0.000954,0,0
data/urban_sar_floods_preprocessed/01_NF/SAR/20231114_Beledweyne_ID_6_22_SAR.npy,Beledweyne,01_NF,open,-1,0.0,0.000668,0,0
data/urban_sar_floods_preprocessed/01_NF/SAR/20231114_Beledweyne_ID_6_23_SAR.npy,Beledweyne,01_NF,open,-1,0.0,0.000425,0,0
data/urban_sar_floods_preprocessed/01_NF/SAR/20231114_Beledweyne_ID_6_24_SAR.npy,Beledweyne,01_NF,open,-1,0.0,0.000406,0,0
data/urban_sar_floods_preprocessed/01_NF/SAR/20231114_Beledweyne_ID_6_25_SAR.npy,Beledweyne,01_NF,open,-1,0.0,0.000685,0,0
data/urban_sar_floods_preprocessed/01_NF/SAR/20231114_Beledweyne_ID_6_26_SAR.npy,Beledweyne,01_NF,open,-1,0.0,0.000877,0,0
data/urban_sar_floods_preprocessed/01_NF/SAR/20231114_Beledweyne_ID_6_27_SAR.npy,Beledweyne,01_NF,open,-1,0.0,0.000759,0,0
data/urban_sar_floods_preprocessed/01_NF/SAR/20231114_Beledweyne_ID_6_28_SAR.npy,Beledweyne,01_NF,open,-1,0.0,0.000783,0,0
data/urban_sar_floods_preprocessed/01_NF/SAR/20231114_Beledweyne_ID_6_29_SAR.npy,Beledweyne,01_NF,open,-1,0.0,0.000594,0,0
data/urban_sar_floods_preprocessed/01_NF/SAR/20231114_Beledweyne_ID_6_2_SAR.npy,Beledweyne,01_NF,open,-1,0.0,0.000676,0,0
data/urban_sar_floods_preprocessed/01_NF/SAR/20231114_Beledweyne_ID_6_3_SAR.npy,Beledweyne,01_NF,open,-1,0.0,0.001481,0,0
data/urban_sar_floods_preprocessed/01_NF/SAR/20231114_Beledweyne_ID_6_4_SAR.npy,Beledweyne,01_NF,open,-1,0.0,0.001747,0,0
data/urban_sar_floods_preprocessed/01_NF/SAR/20231114_Beledweyne_ID_6_6_SAR.npy,Beledweyne,01_NF,open,-1,0.0,0.001484,0,0
data/urban_sar_floods_preprocessed/01_NF/SAR/20231114_Beledweyne_ID_6_7_SAR.npy,Beledweyne,01_NF,open,-1,0.0,0.001513,0,0
data/urban_sar_floods_preprocessed/01_NF/SAR/20231114_Beledweyne_ID_6_8_SAR.npy,Beledweyne,01_NF,open,-1,0.0,0.001605,0,0
data/urban_sar_floods_preprocessed/01_NF/SAR/20231114_Beledweyne_ID_6_9_SAR.npy,Beledweyne,01_NF,open,-1,0.0,0.001585,0,0
data/urban_sar_floods_preprocessed/01_NF/SAR/20231114_Beledweyne_ID_7_10_SAR.npy,Beledweyne,01_NF,open,-1,0.0,0.00167,0,0
data/urban_sar_floods_preprocessed/01_NF/SAR/20231114_Beledweyne_ID_7_11_SAR.npy,Beledweyne,01_NF,open,-1,0.0,0.001477,0,0
data/urban_sar_floods_preprocessed/01_NF/SAR/20231114_Beledweyne_ID_7_12_SAR.npy,Beledweyne,01_NF,open,-1,0.0,0.001536,0,0
data/urban_sar_floods_preprocessed/01_NF/SAR/20231114_Beledweyne_ID_7_18_SAR.npy,Beledweyne,01_NF,open,-1,0.0,0.000556,0,0
data/urban_sar_floods_preprocessed/01_NF/SAR/20231114_Beledweyne_ID_7_19_SAR.npy,Beledweyne,01_NF,open,-1,0.0,0.00113,0,0
data/urban_sar_floods_preprocessed/01_NF/SAR/20231114_Beledweyne_ID_7_20_SAR.npy,Beledweyne,01_NF,open,-1,0.0,0.000834,0,0
data/urban_sar_floods_preprocessed/01_NF/SAR/20231114_Beledweyne_ID_7_21_SAR.npy,Beledweyne,01_NF,open,-1,0.0,0.00065,0,0
data/urban_sar_floods_preprocessed/01_NF/SAR/20231114_Beledweyne_ID_7_22_SAR.npy,Beledweyne,01_NF,open,-1,0.0,0.000516,0,0
data/urban_sar_floods_preprocessed/01_NF/SAR/20231114_Beledweyne_ID_7_23_SAR.npy,Beledweyne,01_NF,open,-1,0.0,0.000509,0,0
data/urban_sar_floods_preprocessed/01_NF/SAR/20231114_Beledweyne_ID_7_24_SAR.npy,Beledweyne,01_NF,open,-1,0.0,0.000383,0,0
data/urban_sar_floods_preprocessed/01_NF/SAR/20231114_Beledweyne_ID_7_25_SAR.npy,Beledweyne,01_NF,open,-1,0.0,0.000424,0,0
data/urban_sar_floods_preprocessed/01_NF/SAR/20231114_Beledweyne_ID_7_26_SAR.npy,Beledweyne,01_NF,open,-1,0.0,0.000558,0,0
data/urban_sar_floods_preprocessed/01_NF/SAR/20231114_Beledweyne_ID_7_27_SAR.npy,Beledweyne,01_NF,open,-1,0.0,0.000501,0,0
data/urban_sar_floods_preprocessed/01_NF/SAR/20231114_Beledweyne_ID_7_28_SAR.npy,Beledweyne,01_NF,open,-1,0.0,0.000467,0,0
data/urban_sar_floods_preprocessed/01_NF/SAR/20231114_Beledweyne_ID_7_29_SAR.npy,Beledweyne,01_NF,open,-1,0.0,0.000743,0,0
data/urban_sar_floods_preprocessed/01_NF/SAR/20231114_Beledweyne_ID_7_2_SAR.npy,Beledweyne,01_NF,open,-1,0.0,0.001035,0,0
data/urban_sar_floods_preprocessed/01_NF/SAR/20231114_Beledweyne_ID_7_3_SAR.npy,Beledweyne,01_NF,open,-1,0.0,0.001525,0,0
data/urban_sar_floods_preprocessed/01_NF/SAR/20231114_Beledweyne_ID_7_4_SAR.npy,Beledweyne,01_NF,open,-1,0.0,0.001693,0,0
data/urban_sar_floods_preprocessed/01_NF/SAR/20231114_Beledweyne_ID_7_5_SAR.npy,Beledweyne,01_NF,open,-1,0.0,0.001728,0,0
data/urban_sar_floods_preprocessed/01_NF/SAR/20231114_Beledweyne_ID_7_6_SAR.npy,Beledweyne,01_NF,open,-1,0.0,0.001546,0,0
data/urban_sar_floods_preprocessed/01_NF/SAR/20231114_Beledweyne_ID_7_7_SAR.npy,Beledweyne,01_NF,open,-1,0.0,0.001187,0,0
data/urban_sar_floods_preprocessed/01_NF/SAR/20231114_Beledweyne_ID_7_8_SAR.npy,Beledweyne,01_NF,open,-1,0.0,0.00183,0,0
data/urban_sar_floods_preprocessed/01_NF/SAR/20231114_Beledweyne_ID_7_9_SAR.npy,Beledweyne,01_NF,open,-1,0.0,0.001779,0,0
data/urban_sar_floods_preprocessed/01_NF/SAR/20231114_Beledweyne_ID_8_10_SAR.npy,Beledweyne,01_NF,open,-1,0.0,0.00161,0,0
data/urban_sar_floods_preprocessed/01_NF/SAR/20231114_Beledweyne_ID_8_11_SAR.npy,Beledweyne,01_NF,open,-1,0.0,0.00153,0,0
data/urban_sar_floods_preprocessed/01_NF/SAR/20231114_Beledweyne_ID_8_12_SAR.npy,Beledweyne,01_NF,open,-1,0.0,0.001593,0,0
data/urban_sar_floods_preprocessed/01_NF/SAR/20231114_Beledweyne_ID_8_13_SAR.npy,Beledweyne,01_NF,open,-1,0.0,0.001488,0,0
data/urban_sar_floods_preprocessed/01_NF/SAR/20231114_Beledweyne_ID_8_19_SAR.npy,Beledweyne,01_NF,open,-1,0.0,0.000662,0,0
data/urban_sar_floods_preprocessed/01_NF/SAR/20231114_Beledweyne_ID_8_20_SAR.npy,Beledweyne,01_NF,open,-1,0.0,0.000908,0,0
data/urban_sar_floods_preprocessed/01_NF/SAR/20231114_Beledweyne_ID_8_21_SAR.npy,Beledweyne,01_NF,open,-1,0.0,0.000607,0,0
data/urban_sar_floods_preprocessed/01_NF/SAR/20231114_Beledweyne_ID_8_22_SAR.npy,Beledweyne,01_NF,open,-1,0.0,0.000564,0,0
data/urban_sar_floods_preprocessed/01_NF/SAR/20231114_Beledweyne_ID_8_23_SAR.npy,Beledweyne,01_NF,open,-1,0.0,0.000857,0,0
data/urban_sar_floods_preprocessed/01_NF/SAR/20231114_Beledweyne_ID_8_24_SAR.npy,Beledweyne,01_NF,open,-1,0.0,0.000601,0,0
data/urban_sar_floods_preprocessed/01_NF/SAR/20231114_Beledweyne_ID_8_25_SAR.npy,Beledweyne,01_NF,open,-1,0.0,0.000724,0,0
data/urban_sar_floods_preprocessed/01_NF/SAR/20231114_Beledweyne_ID_8_26_SAR.npy,Beledweyne,01_NF,open,-1,0.0,0.000682,0,0
data/urban_sar_floods_preprocessed/01_NF/SAR/20231114_Beledweyne_ID_8_27_SAR.npy,Beledweyne,01_NF,open,-1,0.0,0.000604,0,0
data/urban_sar_floods_preprocessed/01_NF/SAR/20231114_Beledweyne_ID_8_28_SAR.npy,Beledweyne,01_NF,open,-1,0.0,0.000478,0,0
data/urban_sar_floods_preprocessed/01_NF/SAR/20231114_Beledweyne_ID_8_2_SAR.npy,Beledweyne,01_NF,open,-1,0.0,0.001759,0,0
data/urban_sar_floods_preprocessed/01_NF/SAR/20231114_Beledweyne_ID_8_3_SAR.npy,Beledweyne,01_NF,open,-1,0.0,0.002043,0,0
data/urban_sar_floods_preprocessed/01_NF/SAR/20231114_Beledweyne_ID_8_4_SAR.npy,Beledweyne,01_NF,open,-1,0.0,0.001808,0,0
data/urban_sar_floods_preprocessed/01_NF/SAR/20231114_Beledweyne_ID_8_5_SAR.npy,Beledweyne,01_NF,open,-1,0.0,0.001854,0,0
data/urban_sar_floods_preprocessed/01_NF/SAR/20231114_Beledweyne_ID_8_6_SAR.npy,Beledweyne,01_NF,open,-1,0.0,0.001887,0,0
data/urban_sar_floods_preprocessed/01_NF/SAR/20231114_Beledweyne_ID_8_7_SAR.npy,Beledweyne,01_NF,open,-1,0.0,0.00176,0,0
data/urban_sar_floods_preprocessed/01_NF/SAR/20231114_Beledweyne_ID_8_8_SAR.npy,Beledweyne,01_NF,open,-1,0.0,0.001833,0,0
data/urban_sar_floods_preprocessed/01_NF/SAR/20231114_Beledweyne_ID_8_9_SAR.npy,Beledweyne,01_NF,open,-1,0.0,0.001641,0,0
data/urban_sar_floods_preprocessed/01_NF/SAR/20231114_Beledweyne_ID_9_11_SAR.npy,Beledweyne,01_NF,open,-1,0.0,0.001487,0,0
data/urban_sar_floods_preprocessed/01_NF/SAR/20231114_Beledweyne_ID_9_12_SAR.npy,Beledweyne,01_NF,open,-1,0.0,0.001506,0,0
data/urban_sar_floods_preprocessed/01_NF/SAR/20231114_Beledweyne_ID_9_13_SAR.npy,Beledweyne,01_NF,open,-1,0.0,0.001381,0,0
data/urban_sar_floods_preprocessed/01_NF/SAR/20231114_Beledweyne_ID_9_14_SAR.npy,Beledweyne,01_NF,open,-1,0.0,0.001524,0,0
data/urban_sar_floods_preprocessed/01_NF/SAR/20231114_Beledweyne_ID_9_15_SAR.npy,Beledweyne,01_NF,open,-1,0.0,0.001533,0,0
data/urban_sar_floods_preprocessed/01_NF/SAR/20231114_Beledweyne_ID_9_19_SAR.npy,Beledweyne,01_NF,open,-1,0.0,0.000711,0,0
data/urban_sar_floods_preprocessed/01_NF/SAR/20231114_Beledweyne_ID_9_20_SAR.npy,Beledweyne,01_NF,open,-1,0.0,0.001047,0,0
data/urban_sar_floods_preprocessed/01_NF/SAR/20231114_Beledweyne_ID_9_21_SAR.npy,Beledweyne,01_NF,open,-1,0.0,0.000652,0,0
data/urban_sar_floods_preprocessed/01_NF/SAR/20231114_Beledweyne_ID_9_22_SAR.npy,Beledweyne,01_NF,open,-1,0.0,0.000443,0,0
data/urban_sar_floods_preprocessed/01_NF/SAR/20231114_Beledweyne_ID_9_23_SAR.npy,Beledweyne,01_NF,open,-1,0.0,0.000672,0,0
data/urban_sar_floods_preprocessed/01_NF/SAR/20231114_Beledweyne_ID_9_24_SAR.npy,Beledweyne,01_NF,open,-1,0.0,0.000655,0,0
data/urban_sar_floods_preprocessed/01_NF/SAR/20231114_Beledweyne_ID_9_25_SAR.npy,Beledweyne,01_NF,open,-1,0.0,0.000819,0,0
data/urban_sar_floods_preprocessed/01_NF/SAR/20231114_Beledweyne_ID_9_26_SAR.npy,Beledweyne,01_NF,open,-1,0.0,0.000595,0,0
data/urban_sar_floods_preprocessed/01_NF/SAR/20231114_Beledweyne_ID_9_27_SAR.npy,Beledweyne,01_NF,open,-1,0.0,0.000808,0,0
data/urban_sar_floods_preprocessed/01_NF/SAR/20231114_Beledweyne_ID_9_28_SAR.npy,Beledweyne,01_NF,open,-1,0.0,0.000537,0,0
data/urban_sar_floods_preprocessed/01_NF/SAR/20231114_Beledweyne_ID_9_29_SAR.npy,Beledweyne,01_NF,open,-1,0.0,0.000585,0,0
data/urban_sar_floods_preprocessed/01_NF/SAR/20231114_Beledweyne_ID_9_2_SAR.npy,Beledweyne,01_NF,open,-1,0.0,0.001826,0,0
data/urban_sar_floods_preprocessed/01_NF/SAR/20231114_Beledweyne_ID_9_3_SAR.npy,Beledweyne,01_NF,open,-1,0.0,0.001075,0,0
data/urban_sar_floods_preprocessed/01_NF/SAR/20231114_Beledweyne_ID_9_4_SAR.npy,Beledweyne,01_NF,open,-1,0.0,0.001392,0,0
data/urban_sar_floods_preprocessed/01_NF/SAR/20231114_Beledweyne_ID_9_5_SAR.npy,Beledweyne,01_NF,open,-1,0.0,0.001897,0,0
data/urban_sar_floods_preprocessed/01_NF/SAR/20231114_Beledweyne_ID_9_6_SAR.npy,Beledweyne,01_NF,open,-1,0.0,0.002045,0,0
data/urban_sar_floods_preprocessed/01_NF/SAR/20231114_Beledweyne_ID_9_7_SAR.npy,Beledweyne,01_NF,open,-1,0.0,0.00227,0,0
data/urban_sar_floods_preprocessed/01_NF/SAR/20231114_Beledweyne_ID_9_8_SAR.npy,Beledweyne,01_NF,open,-1,0.0,0.001355,0,0
data/urban_sar_floods_preprocessed/01_NF/SAR/20231114_Beledweyne_ID_9_9_SAR.npy,Beledweyne,01_NF,open,-1,0.0,0.001599,0,0
data/urban_sar_floods_preprocessed/02_FO/SAR/20210319_PortMacquarie_ID_10_13_SAR.npy,PortMacquarie,02_FO,open,0.3038,1.0,0.00227,0,46947
data/urban_sar_floods_preprocessed/02_FO/SAR/20210319_PortMacquarie_ID_11_11_SAR.npy,PortMacquarie,02_FO,open,0.0222,1.0,0.002032,0,2939
data/urban_sar_floods_preprocessed/02_FO/SAR/20210319_PortMacquarie_ID_14_13_SAR.npy,PortMacquarie,02_FO,open,0.1148,1.0,0.001574,0,15967
data/urban_sar_floods_preprocessed/02_FO/SAR/20210319_PortMacquarie_ID_15_10_SAR.npy,PortMacquarie,02_FO,open,0.1283,1.0,0.002224,0,17975
data/urban_sar_floods_preprocessed/02_FO/SAR/20210319_PortMacquarie_ID_15_11_SAR.npy,PortMacquarie,02_FO,open,0.6187,1.0,0.002215,0,117423
data/urban_sar_floods_preprocessed/02_FO/SAR/20210319_PortMacquarie_ID_15_5_SAR.npy,PortMacquarie,02_FO,open,0.0311,1.0,0.002001,0,4139
data/urban_sar_floods_preprocessed/02_FO/SAR/20210319_PortMacquarie_ID_15_7_SAR.npy,PortMacquarie,02_FO,open,0.0309,1.0,0.002136,0,4117
data/urban_sar_floods_preprocessed/02_FO/SAR/20210319_PortMacquarie_ID_15_9_SAR.npy,PortMacquarie,02_FO,open,0.0927,1.0,0.0023,0,12734
data/urban_sar_floods_preprocessed/02_FO/SAR/20210319_PortMacquarie_ID_16_10_SAR.npy,PortMacquarie,02_FO,open,0.3197,1.0,0.003136,0,49870
data/urban_sar_floods_preprocessed/02_FO/SAR/20210319_PortMacquarie_ID_16_4_SAR.npy,PortMacquarie,02_FO,open,0.0229,1.0,0.002061,0,3037
data/urban_sar_floods_preprocessed/02_FO/SAR/20210319_PortMacquarie_ID_16_5_SAR.npy,PortMacquarie,02_FO,open,0.0255,1.0,0.002111,0,3390
data/urban_sar_floods_preprocessed/02_FO/SAR/20210319_PortMacquarie_ID_16_6_SAR.npy,PortMacquarie,02_FO,open,0.0685,1.0,0.002073,0,9302
data/urban_sar_floods_preprocessed/02_FO/SAR/20210319_PortMacquarie_ID_16_7_SAR.npy,PortMacquarie,02_FO,open,0.1019,1.0,0.002257,0,14070
data/urban_sar_floods_preprocessed/02_FO/SAR/20210319_PortMacquarie_ID_16_8_SAR.npy,PortMacquarie,02_FO,open,0.1471,1.0,0.002354,0,20807
data/urban_sar_floods_preprocessed/02_FO/SAR/20210319_PortMacquarie_ID_16_9_SAR.npy,PortMacquarie,02_FO,open,0.189,1.0,0.003146,0,27360
data/urban_sar_floods_preprocessed/02_FO/SAR/20210319_PortMacquarie_ID_17_3_SAR.npy,PortMacquarie,02_FO,open,0.085,1.0,0.002455,0,11633
data/urban_sar_floods_preprocessed/02_FO/SAR/20210319_PortMacquarie_ID_18_3_SAR.npy,PortMacquarie,02_FO,open,0.0474,1.0,0.00226,0,6368
data/urban_sar_floods_preprocessed/02_FO/SAR/20210319_PortMacquarie_ID_18_4_SAR.npy,PortMacquarie,02_FO,open,0.0851,1.0,0.002306,0,11644
data/urban_sar_floods_preprocessed/02_FO/SAR/20210319_PortMacquarie_ID_18_8_SAR.npy,PortMacquarie,02_FO,open,0.0291,1.0,0.002231,0,3875
data/urban_sar_floods_preprocessed/02_FO/SAR/20210319_PortMacquarie_ID_2_15_SAR.npy,PortMacquarie,02_FO,open,0.0299,1.0,0.000321,0,3974
data/urban_sar_floods_preprocessed/02_FO/SAR/20210319_PortMacquarie_ID_4_11_SAR.npy,PortMacquarie,02_FO,open,0.0289,1.0,0.002277,0,3839
data/urban_sar_floods_preprocessed/02_FO/SAR/20210319_PortMacquarie_ID_4_15_SAR.npy,PortMacquarie,02_FO,open,0.0876,1.0,0.002031,0,12002
data/urban_sar_floods_preprocessed/02_FO/SAR/20210319_PortMacquarie_ID_5_12_SAR.npy,PortMacquarie,02_FO,open,0.0419,1.0,0.002198,0,5608
data/urban_sar_floods_preprocessed/02_FO/SAR/20210319_PortMacquarie_ID_5_14_SAR.npy,PortMacquarie,02_FO,open,0.3115,1.0,0.002108,0,48352
data/urban_sar_floods_preprocessed/02_FO/SAR/20210319_PortMacquarie_ID_5_16_SAR.npy,PortMacquarie,02_FO,open,0.3691,1.0,0.001805,0,59334
data/urban_sar_floods_preprocessed/02_FO/SAR/20210319_PortMacquarie_ID_6_12_SAR.npy,PortMacquarie,02_FO,open,0.0386,1.0,0.002123,0,5162
data/urban_sar_floods_preprocessed/02_FO/SAR/20210319_PortMacquarie_ID_6_13_SAR.npy,PortMacquarie,02_FO,open,0.1139,1.0,0.002813,0,15835
data/urban_sar_floods_preprocessed/02_FO/SAR/20210319_PortMacquarie_ID_6_14_SAR.npy,PortMacquarie,02_FO,open,0.4223,1.0,0.003179,0,70176
data/urban_sar_floods_preprocessed/02_FO/SAR/20210319_PortMacquarie_ID_6_15_SAR.npy,PortMacquarie,02_FO,open,0.6051,1.0,0.002066,0,113712
data/urban_sar_floods_preprocessed/02_FO/SAR/20210319_PortMacquarie_ID_6_16_SAR.npy,PortMacquarie,02_FO,open,0.1974,1.0,0.001627,0,28714
data/urban_sar_floods_preprocessed/02_FO/SAR/20210319_PortMacquarie_ID_7_15_SAR.npy,PortMacquarie,02_FO,open,0.23,1.0,0.001954,0,34061
data/urban_sar_floods_preprocessed/02_FO/SAR/20210319_PortMacquarie_ID_7_16_SAR.npy,PortMacquarie,02_FO,open,0.0384,1.0,0.000358,0,5125
data/urban_sar_floods_preprocessed/02_FO/SAR/20210319_PortMacquarie_ID_8_14_SAR.npy,PortMacquarie,02_FO,open,0.1103,1.0,0.002012,0,15308
data/urban_sar_floods_preprocessed/02_FO/SAR/20210319_PortMacquarie_ID_8_15_SAR.npy,PortMacquarie,02_FO,open,0.1163,1.0,0.001504,0,16192
data/urban_sar_floods_preprocessed/02_FO/SAR/20210319_PortMacquarie_ID_9_13_SAR.npy,PortMacquarie,02_FO,open,0.0409,1.0,0.002176,0,5466
data/urban_sar_floods_preprocessed/02_FO/SAR/20210319_PortMacquarie_ID_9_14_SAR.npy,PortMacquarie,02_FO,open,0.5224,1.0,0.002147,0,92692
data/urban_sar_floods_preprocessed/02_FO/SAR/20210319_PortMacquarie_ID_9_15_SAR.npy,PortMacquarie,02_FO,open,0.0616,1.0,0.001633,0,8333
data/urban_sar_floods_preprocessed/02_FO/SAR/20210324_Sydney_ID_10_24_SAR.npy,Sydney,02_FO,open,0.0332,1.0,0.001975,0,4421
data/urban_sar_floods_preprocessed/02_FO/SAR/20210324_Sydney_ID_10_26_SAR.npy,Sydney,02_FO,open,0.0567,1.0,0.002202,0,7650
data/urban_sar_floods_preprocessed/02_FO/SAR/20210324_Sydney_ID_10_27_SAR.npy,Sydney,02_FO,open,0.0671,1.0,0.002057,0,9098
data/urban_sar_floods_preprocessed/02_FO/SAR/20210324_Sydney_ID_10_28_SAR.npy,Sydney,02_FO,open,0.0233,1.0,0.001957,0,3090
data/urban_sar_floods_preprocessed/02_FO/SAR/20210324_Sydney_ID_10_29_SAR.npy,Sydney,02_FO,open,0.1711,1.0,0.002414,0,24522
data/urban_sar_floods_preprocessed/02_FO/SAR/20210324_Sydney_ID_10_30_SAR.npy,Sydney,02_FO,open,0.0792,1.0,0.002219,0,10802
data/urban_sar_floods_preprocessed/02_FO/SAR/20210324_Sydney_ID_10_31_SAR.npy,Sydney,02_FO,open,0.1397,1.0,0.00197,0,19688
data/urban_sar_floods_preprocessed/02_FO/SAR/20210324_Sydney_ID_11_28_SAR.npy,Sydney,02_FO,open,0.2018,1.0,0.002929,0,29419
data/urban_sar_floods_preprocessed/02_FO/SAR/20210324_Sydney_ID_11_29_SAR.npy,Sydney,02_FO,open,0.1401,1.0,0.002886,0,19744
data/urban_sar_floods_preprocessed/02_FO/SAR/20210324_Sydney_ID_11_30_SAR.npy,Sydney,02_FO,open,0.3456,1.0,0.002606,0,54769
data/urban_sar_floods_preprocessed/02_FO/SAR/20210324_Sydney_ID_11_31_SAR.npy,Sydney,02_FO,open,0.0608,1.0,0.001922,0,8226
data/urban_sar_floods_preprocessed/02_FO/SAR/20210324_Sydney_ID_12_28_SAR.npy,Sydney,02_FO,open,0.1059,1.0,0.002399,0,14652
data/urban_sar_floods_preprocessed/02_FO/SAR/20210324_Sydney_ID_12_29_SAR.npy,Sydney,02_FO,open,0.0817,1.0,0.002405,0,11162
data/urban_sar_floods_preprocessed/02_FO/SAR/20210324_Sydney_ID_12_30_SAR.npy,Sydney,02_FO,open,0.1324,1.0,0.00254,0,18578
data/urban_sar_floods_preprocessed/02_FO/SAR/20210324_Sydney_ID_12_31_SAR.npy,Sydney,02_FO,open,0.0238,1.0,0.002058,0,3163
data/urban_sar_floods_preprocessed/02_FO/SAR/20210324_Sydney_ID_12_32_SAR.npy,Sydney,02_FO,open,0.0397,1.0,0.001974,0,5307
data/urban_sar_floods_preprocessed/02_FO/SAR/20210324_Sydney_ID_18_21_SAR.npy,Sydney,02_FO,open,0.0442,1.0,0.001948,0,5923
data/urban_sar_floods_preprocessed/02_FO/SAR/20210324_Sydney_ID_18_22_SAR.npy,Sydney,02_FO,open,0.0331,1.0,0.001627,0,4418
data/urban_sar_floods_preprocessed/02_FO/SAR/20210324_Sydney_ID_20_20_SAR.npy,Sydney,02_FO,open,0.0934,1.0,0.002884,0,12840
data/urban_sar_floods_preprocessed/02_FO/SAR/20210324_Sydney_ID_20_21_SAR.npy,Sydney,02_FO,open,0.0829,1.0,0.002322,0,11332
data/urban_sar_floods_preprocessed/02_FO/SAR/20210324_Sydney_ID_21_19_SAR.npy,Sydney,02_FO,open,0.3634,1.0,0.003071,0,58199
data/urban_sar_floods_preprocessed/02_FO/SAR/20210324_Sydney_ID_21_21_SAR.npy,Sydney,02_FO,open,0.0452,1.0,0.002407,0,6064
data/urban_sar_floods_preprocessed/02_FO/SAR/20210324_Sydney_ID_22_18_SAR.npy,Sydney,02_FO,open,0.026,1.0,0.002862,0,3450
data/urban_sar_floods_preprocessed/02_FO/SAR/20210324_Sydney_ID_8_36_SAR.npy,Sydney,02_FO,open,0.0749,1.0,0.001263,0,10204
data/urban_sar_floods_preprocessed/02_FO/SAR/20210324_Sydney_ID_9_23_SAR.npy,Sydney,02_FO,open,0.0291,1.0,0.002326,0,3867
data/urban_sar_floods_preprocessed/02_FO/SAR/20210324_Sydney_ID_9_24_SAR.npy,Sydney,02_FO,open,0.0313,1.0,0.002676,0,4165
data/urban_sar_floods_preprocessed/02_FO/SAR/20210324_Sydney_ID_9_25_SAR.npy,Sydney,02_FO,open,0.036,1.0,0.002075,0,4809
data/urban_sar_floods_preprocessed/02_FO/SAR/20220302_Coraki_Australia_ID_10_11_SAR.npy,Coraki,02_FO,open,0.0288,1.0,0.000752,0,3831
data/urban_sar_floods_preprocessed/02_FO/SAR/20220302_Coraki_Australia_ID_14_10_SAR.npy,Coraki,02_FO,open,0.0401,1.0,0.00304,0,5359
data/urban_sar_floods_preprocessed/02_FO/SAR/20220302_Coraki_Australia_ID_14_11_SAR.npy,Coraki,02_FO,open,0.0224,1.0,0.002801,0,2965
data/urban_sar_floods_preprocessed/02_FO/SAR/20220302_Coraki_Australia_ID_14_8_SAR.npy,Coraki,02_FO,open,0.0397,1.0,0.003319,0,5303
data/urban_sar_floods_preprocessed/02_FO/SAR/20220302_Coraki_Australia_ID_15_11_SAR.npy,Coraki,02_FO,open,0.0534,1.0,0.002576,0,7188
data/urban_sar_floods_preprocessed/02_FO/SAR/20220302_Coraki_Australia_ID_15_6_SAR.npy,Coraki,02_FO,open,0.0497,1.0,0.002658,0,6676
data/urban_sar_floods_preprocessed/02_FO/SAR/20220302_Coraki_Australia_ID_15_7_SAR.npy,Coraki,02_FO,open,0.1904,1.0,0.002608,0,27588
data/urban_sar_floods_preprocessed/02_FO/SAR/20220302_Coraki_Australia_ID_15_8_SAR.npy,Coraki,02_FO,open,0.3703,1.0,0.002834,0,59558
data/urban_sar_floods_preprocessed/02_FO/SAR/20220302_Coraki_Australia_ID_15_9_SAR.npy,Coraki,02_FO,open,0.1796,1.0,0.002759,0,25864
data/urban_sar_floods_preprocessed/02_FO/SAR/20220302_Coraki_Australia_ID_16_6_SAR.npy,Coraki,02_FO,open,0.0993,1.0,0.002207,0,13696
data/urban_sar_floods_preprocessed/02_FO/SAR/20220302_Coraki_Australia_ID_16_7_SAR.npy,Coraki,02_FO,open,0.5787,1.0,0.002646,0,106738
data/urban_sar_floods_preprocessed/02_FO/SAR/20220302_Coraki_Australia_ID_17_6_SAR.npy,Coraki,02_FO,open,0.0571,1.0,0.001912,0,7699
data/urban_sar_floods_preprocessed/02_FO/SAR/20220302_Coraki_Australia_ID_17_7_SAR.npy,Coraki,02_FO,open,0.5718,1.0,0.002335,0,104956
data/urban_sar_floods_preprocessed/02_FO/SAR/20220302_Coraki_Australia_ID_18_8_SAR.npy,Coraki,02_FO,open,0.2606,1.0,0.002237,0,39268
data/urban_sar_floods_preprocessed/02_FO/SAR/20220302_Coraki_Australia_ID_18_9_SAR.npy,Coraki,02_FO,open,0.0545,1.0,0.002401,0,7341
data/urban_sar_floods_preprocessed/02_FO/SAR/20220302_Coraki_Australia_ID_19_8_SAR.npy,Coraki,02_FO,open,0.0694,1.0,0.001955,0,9424
data/urban_sar_floods_preprocessed/02_FO/SAR/20220302_Coraki_Australia_ID_8_11_SAR.npy,Coraki,02_FO,open,0.0269,1.0,0.002516,0,3574
data/urban_sar_floods_preprocessed/02_FO/SAR/20220302_Coraki_Australia_ID_8_9_SAR.npy,Coraki,02_FO,open,0.0635,1.0,0.00313,0,8601
data/urban_sar_floods_preprocessed/02_FO/SAR/20220302_Coraki_Australia_ID_9_10_SAR.npy,Coraki,02_FO,open,0.0279,1.0,0.002653,0,3703
data/urban_sar_floods_preprocessed/02_FO/SAR/20220705_Sydney_ID_10_22_SAR.npy,Sydney,02_FO,open,0.1429,1.0,0.00131,0,20173
data/urban_sar_floods_preprocessed/02_FO/SAR/20220705_Sydney_ID_10_23_SAR.npy,Sydney,02_FO,open,0.0216,1.0,0.001889,0,2856
data/urban_sar_floods_preprocessed/02_FO/SAR/20220705_Sydney_ID_10_24_SAR.npy,Sydney,02_FO,open,0.0283,1.0,0.000959,0,3767
data/urban_sar_floods_preprocessed/02_FO/SAR/20220705_Sydney_ID_10_26_SAR.npy,Sydney,02_FO,open,0.1168,1.0,0.001272,0,16256
data/urban_sar_floods_preprocessed/02_FO/SAR/20220705_Sydney_ID_10_27_SAR.npy,Sydney,02_FO,open,0.0996,1.0,0.00095,0,13746
data/urban_sar_floods_preprocessed/02_FO/SAR/20220705_Sydney_ID_10_28_SAR.npy,Sydney,02_FO,open,0.0442,1.0,0.001067,0,5921
data/urban_sar_floods_preprocessed/02_FO/SAR/20220705_Sydney_ID_10_29_SAR.npy,Sydney,02_FO,open,0.1981,1.0,0.001365,0,28826
data/urban_sar_floods_preprocessed/02_FO/SAR/20220705_Sydney_ID_10_30_SAR.npy,Sydney,02_FO,open,0.0919,1.0,0.001592,0,12629
data/urban_sar_floods_preprocessed/02_FO/SAR/20220705_Sydney_ID_10_31_SAR.npy,Sydney,02_FO,open,0.13,1.0,0.001662,0,18226
data/urban_sar_floods_preprocessed/02_FO/SAR/20220705_Sydney_ID_11_22_SAR.npy,Sydney,02_FO,open,0.0498,1.0,0.001405,0,6690
data/urban_sar_floods_preprocessed/02_FO/SAR/20220705_Sydney_ID_11_26_SAR.npy,Sydney,02_FO,open,0.0295,1.0,0.001156,0,3922
data/urban_sar_floods_preprocessed/02_FO/SAR/20220705_Sydney_ID_11_28_SAR.npy,Sydney,02_FO,open,0.3577,1.0,0.001691,0,57103
data/urban_sar_floods_preprocessed/02_FO/SAR/20220705_Sydney_ID_11_29_SAR.npy,Sydney,02_FO,open,0.2466,1.0,0.001805,0,36871
data/urban_sar_floods_preprocessed/02_FO/SAR/20220705_Sydney_ID_11_30_SAR.npy,Sydney,02_FO,open,0.411,1.0,0.001206,0,67801
data/urban_sar_floods_preprocessed/02_FO/SAR/20220705_Sydney_ID_11_31_SAR.npy,Sydney,02_FO,open,0.0639,1.0,0.001709,0,8648
data/urban_sar_floods_preprocessed/02_FO/SAR/20220705_Sydney_ID_12_23_SAR.npy,Sydney,02_FO,open,0.048,1.0,0.00183,0,6453
data/urban_sar_floods_preprocessed/02_FO/SAR/20220705_Sydney_ID_12_29_SAR.npy,Sydney,02_FO,open,0.1039,1.0,0.002025,0,14365
data/urban_sar_floods_preprocessed/02_FO/SAR/20220705_Sydney_ID_12_30_SAR.npy,Sydney,02_FO,open,0.2908,1.0,0.001931,0,44603
data/urban_sar_floods_preprocessed/02_FO/SAR/20220705_Sydney_ID_12_32_SAR.npy,Sydney,02_FO,open,0.09,1.0,0.002144,0,12356
data/urban_sar_floods_preprocessed/02_FO/SAR/20220705_Sydney_ID_13_23_SAR.npy,Sydney,02_FO,open,0.0388,1.0,0.002066,0,5191
data/urban_sar_floods_preprocessed/02_FO/SAR/20220705_Sydney_ID_13_24_SAR.npy,Sydney,02_FO,open,0.0268,1.0,0.002098,0,3565
data/urban_sar_floods_preprocessed/02_FO/SAR/20220705_Sydney_ID_13_25_SAR.npy,Sydney,02_FO,open,0.0668,1.0,0.001293,0,9064
data/urban_sar_floods_preprocessed/02_FO/SAR/20220705_Sydney_ID_14_23_SAR.npy,Sydney,02_FO,open,0.0547,1.0,0.002162,0,7366
data/urban_sar_floods_preprocessed/02_FO/SAR/20220705_Sydney_ID_14_24_SAR.npy,Sydney,02_FO,open,0.0209,1.0,0.002109,0,2775
data/urban_sar_floods_preprocessed/02_FO/SAR/20220705_Sydney_ID_17_21_SAR.npy,Sydney,02_FO,open,0.0449,1.0,0.001992,0,6018
data/urban_sar_floods_preprocessed/02_FO/SAR/20220705_Sydney_ID_17_25_SAR.npy,Sydney,02_FO,open,0.0217,1.0,0.001831,0,2874
data/urban_sar_floods_preprocessed/02_FO/SAR/20220705_Sydney_ID_17_26_SAR.npy,Sydney,02_FO,open,0.0907,1.0,0.001969,0,12456
data/urban_sar_floods_preprocessed/02_FO/SAR/20220705_Sydney_ID_18_21_SAR.npy,Sydney,02_FO,open,0.0719,1.0,0.001819,0,9772
data/urban_sar_floods_preprocessed/02_FO/SAR/20220705_Sydney_ID_18_22_SAR.npy,Sydney,02_FO,open,0.0577,1.0,0.001682,0,7791
data/urban_sar_floods_preprocessed/02_FO/SAR/20220705_Sydney_ID_19_19_SAR.npy,Sydney,02_FO,open,0.0385,1.0,0.00157,0,5149
data/urban_sar_floods_preprocessed/02_FO/SAR/20220705_Sydney_ID_19_20_SAR.npy,Sydney,02_FO,open,0.0309,1.0,0.001624,0,4116
data/urban_sar_floods_preprocessed/02_FO/SAR/20220705_Sydney_ID_19_24_SAR.npy,Sydney,02_FO,open,0.0212,1.0,0.001662,0,2810
data/urban_sar_floods_preprocessed/02_FO/SAR/20220705_Sydney_ID_20_20_SAR.npy,Sydney,02_FO,open,0.1096,1.0,0.001976,0,15203
data/urban_sar_floods_preprocessed/02_FO/SAR/20220705_Sydney_ID_20_23_SAR.npy,Sydney,02_FO,open,0.0317,1.0,0.00171,0,4227
data/urban_sar_floods_preprocessed/02_FO/SAR/20220705_Sydney_ID_21_18_SAR.npy,Sydney,02_FO,open,0.0393,1.0,0.001964,0,5251
data/urban_sar_floods_preprocessed/02_FO/SAR/20220705_Sydney_ID_21_19_SAR.npy,Sydney,02_FO,open,0.3972,1.0,0.001494,0,64965
data/urban_sar_floods_preprocessed/02_FO/SAR/20220705_Sydney_ID_21_21_SAR.npy,Sydney,02_FO,open,0.0634,1.0,0.001783,0,8582
data/urban_sar_floods_preprocessed/02_FO/SAR/20220705_Sydney_ID_22_18_SAR.npy,Sydney,02_FO,open,0.0277,1.0,0.001697,0,3686
data/urban_sar_floods_preprocessed/02_FO/SAR/20220705_Sydney_ID_6_25_SAR.npy,Sydney,02_FO,open,0.0296,1.0,0.001691,0,3939
data/urban_sar_floods_preprocessed/02_FO/SAR/20220705_Sydney_ID_7_22_SAR.npy,Sydney,02_FO,open,0.0289,1.0,0.001499,0,3837
data/urban_sar_floods_preprocessed/02_FO/SAR/20220705_Sydney_ID_8_18_SAR.npy,Sydney,02_FO,open,0.0245,1.0,0.001131,0,3248
data/urban_sar_floods_preprocessed/02_FO/SAR/20220705_Sydney_ID_8_19_SAR.npy,Sydney,02_FO,open,0.0202,1.0,0.001462,0,2673
data/urban_sar_floods_preprocessed/02_FO/SAR/20220705_Sydney_ID_9_22_SAR.npy,Sydney,02_FO,open,0.0362,1.0,0.001616,0,4833
data/urban_sar_floods_preprocessed/02_FO/SAR/20220705_Sydney_ID_9_23_SAR.npy,Sydney,02_FO,open,0.0504,1.0,0.00116,0,6781
data/urban_sar_floods_preprocessed/02_FO/SAR/20220705_Sydney_ID_9_24_SAR.npy,Sydney,02_FO,open,0.0712,1.0,0.001431,0,9674
data/urban_sar_floods_preprocessed/02_FO/SAR/20220705_Sydney_ID_9_25_SAR.npy,Sydney,02_FO,open,0.0661,1.0,0.000992,0,8959
data/urban_sar_floods_preprocessed/02_FO/SAR/20220705_Sydney_ID_9_26_SAR.npy,Sydney,02_FO,open,0.0241,1.0,0.001345,0,3194
data/urban_sar_floods_preprocessed/02_FO/SAR/20221013_Niger_ID_10_10_SAR.npy,Niger,02_FO,open,0.3318,1.0,0.002225,0,52131
data/urban_sar_floods_preprocessed/02_FO/SAR/20221013_Niger_ID_10_9_SAR.npy,Niger,02_FO,open,0.0955,1.0,0.001927,0,13152
data/urban_sar_floods_preprocessed/02_FO/SAR/20221013_Niger_ID_11_10_SAR.npy,Niger,02_FO,open,0.2035,1.0,0.001816,0,29699
data/urban_sar_floods_preprocessed/02_FO/SAR/20221013_Niger_ID_11_11_SAR.npy,Niger,02_FO,open,0.0282,1.0,0.002544,0,3749
data/urban_sar_floods_preprocessed/02_FO/SAR/20221013_Niger_ID_11_16_SAR.npy,Niger,02_FO,open,0.0359,1.0,0.002172,0,4797
data/urban_sar_floods_preprocessed/02_FO/SAR/20221013_Niger_ID_11_17_SAR.npy,Niger,02_FO,open,0.0833,1.0,0.00203,0,11388
data/urban_sar_floods_preprocessed/02_FO/SAR/20221013_Niger_ID_11_18_SAR.npy,Niger,02_FO,open,0.1482,1.0,0.002052,0,20979
data/urban_sar_floods_preprocessed/02_FO/SAR/20221013_Niger_ID_11_19_SAR.npy,Niger,02_FO,open,0.3415,1.0,0.002065,0,53987
data/urban_sar_floods_preprocessed/02_FO/SAR/20221013_Niger_ID_11_21_SAR.npy,Niger,02_FO,open,0.1372,1.0,0.002395,0,19311
data/urban_sar_floods_preprocessed/02_FO/SAR/20221013_Niger_ID_12_10_SAR.npy,Niger,02_FO,open,0.038,1.0,0.002028,0,5076
data/urban_sar_floods_preprocessed/02_FO/SAR/20221013_Niger_ID_12_11_SAR.npy,Niger,02_FO,open,0.1606,1.0,0.002039,0,22888
data/urban_sar_floods_preprocessed/02_FO/SAR/20221013_Niger_ID_12_15_SAR.npy,Niger,02_FO,open,0.0298,1.0,0.002093,0,3965
data/urban_sar_floods_preprocessed/02_FO/SAR/20221013_Niger_ID_12_16_SAR.npy,Niger,02_FO,open,0.3584,1.0,0.001809,0,57232
data/urban_sar_floods_preprocessed/02_FO/SAR/20221013_Niger_ID_12_17_SAR.npy,Niger,02_FO,open,0.2401,1.0,0.002176,0,35766
data/urban_sar_floods_preprocessed/02_FO/SAR/20221013_Niger_ID_12_18_SAR.npy,Niger,02_FO,open,0.0738,1.0,0.001999,0,10044
data/urban_sar_floods_preprocessed/02_FO/SAR/20221013_Niger_ID_12_19_SAR.npy,Niger,02_FO,open,0.0598,1.0,0.00204,0,8082
data/urban_sar_floods_preprocessed/02_FO/SAR/20221013_Niger_ID_12_20_SAR.npy,Niger,02_FO,open,0.1114,1.0,0.002469,0,15469
data/urban_sar_floods_preprocessed/02_FO/SAR/20221013_Niger_ID_12_21_SAR.npy,Niger,02_FO,open,0.1338,1.0,0.002331,0,18795
data/urban_sar_floods_preprocessed/02_FO/SAR/20221013_Niger_ID_12_22_SAR.npy,Niger,02_FO,open,0.0963,1.0,0.002379,0,13266
data/urban_sar_floods_preprocessed/02_FO/SAR/20221013_Niger_ID_12_23_SAR.npy,Niger,02_FO,open,0.0223,1.0,0.003043,0,2961
data/urban_sar_floods_preprocessed/02_FO/SAR/20221013_Niger_ID_12_24_SAR.npy,Niger,02_FO,open,0.0222,1.0,0.002737,0,2940
data/urban_sar_floods_preprocessed/02_FO/SAR/20221013_Niger_ID_13_10_SAR.npy,Niger,02_FO,open,0.1176,1.0,0.001928,0,16382
data/urban_sar_floods_preprocessed/02_FO/SAR/20221013_Niger_ID_13_11_SAR.npy,Niger,02_FO,open,0.0833,1.0,0.00192,0,11396
data/urban_sar_floods_preprocessed/02_FO/SAR/20221013_Niger_ID_13_12_SAR.npy,Niger,02_FO,open,0.064,1.0,0.001915,0,8667
data/urban_sar_floods_preprocessed/02_FO/SAR/20221013_Niger_ID_13_13_SAR.npy,Niger,02_FO,open,0.0689,1.0,0.001825,0,9347
data/urban_sar_floods_preprocessed/02_FO/SAR/20221013_Niger_ID_13_14_SAR.npy,Niger,02_FO,open,0.1592,1.0,0.001729,0,22667
data/urban_sar_floods_preprocessed/02_FO/SAR/20221013_Niger_ID_13_15_SAR.npy,Niger,02_FO,open,0.2696,1.0,0.001966,0,40842
data/urban_sar_floods_preprocessed/02_FO/SAR/20221013_Niger_ID_13_16_SAR.npy,Niger,02_FO,open,0.1054,1.0,0.002305,0,14583
data/urban_sar_floods_preprocessed/02_FO/SAR/20221013_Niger_ID_13_23_SAR.npy,Niger,02_FO,open,0.0809,1.0,0.002783,0,11050
data/urban_sar_floods_preprocessed/02_FO/SAR/20221013_Niger_ID_13_24_SAR.npy,Niger,02_FO,open,0.2868,1.0,0.002347,0,43876
data/urban_sar_floods_preprocessed/02_FO/SAR/20221013_Niger_ID_13_25_SAR.npy,Niger,02_FO,open,0.1607,1.0,0.002389,0,22900
data/urban_sar_floods_preprocessed/02_FO/SAR/20221013_Niger_ID_13_26_SAR.npy,Niger,02_FO,open,0.0217,1.0,0.00286,0,2881
data/urban_sar_floods_preprocessed/02_FO/SAR/20221013_Niger_ID_13_28_SAR.npy,Niger,02_FO,open,0.1205,1.0,0.002501,0,16800
data/urban_sar_floods_preprocessed/02_FO/SAR/20221013_Niger_ID_13_29_SAR.npy,Niger,02_FO,open,0.0289,1.0,0.000118,0,3844
data/urban_sar_floods_preprocessed/02_FO/SAR/20221013_Niger_ID_14_10_SAR.npy,Niger,02_FO,open,0.0509,1.0,0.002897,0,6839
data/urban_sar_floods_preprocessed/02_FO/SAR/20221013_Niger_ID_14_11_SAR.npy,Niger,02_FO,open,0.1418,1.0,0.001821,0,20005
data/urban_sar_floods_preprocessed/02_FO/SAR/20221013_Niger_ID_14_12_SAR.npy,Niger,02_FO,open,0.2499,1.0,0.001813,0,37424
data/urban_sar_floods_preprocessed/02_FO/SAR/20221013_Niger_ID_14_13_SAR.npy,Niger,02_FO,open,0.2614,1.0,0.001837,0,39418
data/urban_sar_floods_preprocessed/02_FO/SAR/20221013_Niger_ID_14_24_SAR.npy,Niger,02_FO,open,0.1554,1.0,0.002928,0,22092
data/urban_sar_floods_preprocessed/02_FO/SAR/20221013_Niger_ID_14_25_SAR.npy,Niger,02_FO,open,0.2336,1.0,0.002519,0,34674
data/urban_sar_floods_preprocessed/02_FO/SAR/20221013_Niger_ID_14_28_SAR.npy,Niger,02_FO,open,0.2527,1.0,0.002367,0,37914
data/urban_sar_floods_preprocessed/02_FO/SAR/20221013_Niger_ID_14_29_SAR.npy,Niger,02_FO,open,0.1034,1.0,0.000429,0,14285
data/urban_sar_floods_preprocessed/02_FO/SAR/20221013_Niger_ID_15_10_SAR.npy,Niger,02_FO,open,0.0324,1.0,0.002933,0,4320
data/urban_sar_floods_preprocessed/02_FO/SAR/20221013_Niger_ID_15_11_SAR.npy,Niger,02_FO,open,0.0433,1.0,0.001918,0,5800
data/urban_sar_floods_preprocessed/02_FO/SAR/20221013_Niger_ID_15_12_SAR.npy,Niger,02_FO,open,0.1031,1.0,0.002193,0,14255
data/urban_sar_floods_preprocessed/02_FO/SAR/20221013_Niger_ID_15_29_SAR.npy,Niger,02_FO,open,0.046,1.0,0.000867,0,6167
data/urban_sar_floods_preprocessed/02_FO/SAR/20221013_Niger_ID_16_10_SAR.npy,Niger,02_FO,open,0.0633,1.0,0.002575,0,8573
data/urban_sar_floods_preprocessed/02_FO/SAR/20221013_Niger_ID_17_10_SAR.npy,Niger,02_FO,open,0.1083,1.0,0.001996,0,15012
data/urban_sar_floods_preprocessed/02_FO/SAR/20221013_Niger_ID_17_9_SAR.npy,Niger,02_FO,open,0.0776,1.0,0.002132,0,10585
data/urban_sar_floods_preprocessed/02_FO/SAR/20221013_Niger_ID_18_10_SAR.npy,Niger,02_FO,open,0.0221,1.0,0.00194,0,2924
data/urban_sar_floods_preprocessed/02_FO/SAR/20221013_Niger_ID_18_9_SAR.npy,Niger,02_FO,open,0.0452,1.0,0.002516,0,6065
data/urban_sar_floods_preprocessed/02_FO/SAR/20221013_Niger_ID_19_10_SAR.npy,Niger,02_FO,open,0.0533,1.0,0.002161,0,7184
data/urban_sar_floods_preprocessed/02_FO/SAR/20221013_Niger_ID_19_9_SAR.npy,Niger,02_FO,open,0.0245,1.0,0.002036,0,3254
data/urban_sar_floods_preprocessed/02_FO/SAR/20221013_Niger_ID_20_10_SAR.npy,Niger,02_FO,open,0.0707,1.0,0.00192,0,9602
data/urban_sar_floods_preprocessed/02_FO/SAR/20221013_Niger_ID_20_9_SAR.npy,Niger,02_FO,open,0.0656,1.0,0.001859,0,8896
data/urban_sar_floods_preprocessed/02_FO/SAR/20221013_Niger_ID_21_10_SAR.npy,Niger,02_FO,open,0.0812,1.0,0.001319,0,11097
data/urban_sar_floods_preprocessed/02_FO/SAR/20221013_Niger_ID_21_9_SAR.npy,Niger,02_FO,open,0.0263,1.0,0.001511,0,3488
data/urban_sar_floods_preprocessed/02_FO/SAR/20221013_Niger_ID_4_4_SAR.npy,Niger,02_FO,open,0.0589,1.0,0.000835,0,7959
data/urban_sar_floods_preprocessed/02_FO/SAR/20221013_Niger_ID_4_5_SAR.npy,Niger,02_FO,open,0.3075,1.0,0.001244,0,47625
data/urban_sar_floods_preprocessed/02_FO/SAR/20221013_Niger_ID_5_11_SAR.npy,Niger,02_FO,open,0.0638,1.0,0.002777,0,8635
data/urban_sar_floods_preprocessed/02_FO/SAR/20221013_Niger_ID_5_5_SAR.npy,Niger,02_FO,open,0.0966,1.0,0.001961,0,13304
data/urban_sar_floods_preprocessed/02_FO/SAR/20221013_Niger_ID_5_6_SAR.npy,Niger,02_FO,open,0.0388,1.0,0.00197,0,5180
data/urban_sar_floods_preprocessed/02_FO/SAR/20221013_Niger_ID_6_6_SAR.npy,Niger,02_FO,open,0.0424,1.0,0.001752,0,5684
data/urban_sar_floods_preprocessed/02_FO/SAR/20221013_Niger_ID_6_7_SAR.npy,Niger,02_FO,open,0.1225,1.0,0.001939,0,17106
data/urban_sar_floods_preprocessed/02_FO/SAR/20221013_Niger_ID_7_6_SAR.npy,Niger,02_FO,open,0.075,1.0,0.001919,0,10212
data/urban_sar_floods_preprocessed/02_FO/SAR/20221013_Niger_ID_7_7_SAR.npy,Niger,02_FO,open,0.119,1.0,0.001912,0,16578
data/urban_sar_floods_preprocessed/02_FO/SAR/20221013_Niger_ID_7_8_SAR.npy,Niger,02_FO,open,0.0924,1.0,0.002228,0,12704
data/urban_sar_floods_preprocessed/02_FO/SAR/20221013_Niger_ID_8_7_SAR.npy,Niger,02_FO,open,0.0675,1.0,0.001756,0,9161
data/urban_sar_floods_preprocessed/02_FO/SAR/20221013_Niger_ID_8_8_SAR.npy,Niger,02_FO,open,0.2383,1.0,0.002009,0,35453
data/urban_sar_floods_preprocessed/02_FO/SAR/20221013_Niger_ID_8_9_SAR.npy,Niger,02_FO,open,0.1498,1.0,0.002339,0,21217
data/urban_sar_floods_preprocessed/02_FO/SAR/20221013_Niger_ID_9_10_SAR.npy,Niger,02_FO,open,0.0282,1.0,0.002537,0,3747
data/urban_sar_floods_preprocessed/02_FO/SAR/20221013_Niger_ID_9_8_SAR.npy,Niger,02_FO,open,0.0799,1.0,0.001702,0,10909
data/urban_sar_floods_preprocessed/02_FO/SAR/20221013_Niger_ID_9_9_SAR.npy,Niger,02_FO,open,0.1629,1.0,0.001981,0,23246
data/urban_sar_floods_preprocessed/02_FO/SAR/20230805_Hebei_1_ID_14_21_SAR.npy,Hebei,02_FO,open,0.0232,1.0,0.003244,0,3081
data/urban_sar_floods_preprocessed/02_FO/SAR/20230805_Hebei_1_ID_15_25_SAR.npy,Hebei,02_FO,open,0.0237,1.0,0.002921,0,3146
data/urban_sar_floods_preprocessed/02_FO/SAR/20230805_Hebei_1_ID_17_31_SAR.npy,Hebei,02_FO,open,0.0313,1.0,0.003576,0,4171
data/urban_sar_floods_preprocessed/02_FO/SAR/20230805_Hebei_1_ID_19_17_SAR.npy,Hebei,02_FO,open,0.0273,1.0,0.002573,0,3628
data/urban_sar_floods_preprocessed/02_FO/SAR/20230805_Hebei_1_ID_19_18_SAR.npy,Hebei,02_FO,open,0.0239,1.0,0.002571,0,3177
data/urban_sar_floods_preprocessed/02_FO/SAR/20230805_Hebei_1_ID_20_13_SAR.npy,Hebei,02_FO,open,0.0265,1.0,0.002584,0,3518
data/urban_sar_floods_preprocessed/02_FO/SAR/20230805_Hebei_1_ID_20_14_SAR.npy,Hebei,02_FO,open,0.0221,1.0,0.002237,0,2925
data/urban_sar_floods_preprocessed/02_FO/SAR/20230805_Hebei_1_ID_20_16_SAR.npy,Hebei,02_FO,open,0.0606,1.0,0.001852,0,8195
data/urban_sar_floods_preprocessed/02_FO/SAR/20230805_Hebei_1_ID_5_20_SAR.npy,Hebei,02_FO,open,0.04,1.0,0.002153,0,5346
data/urban_sar_floods_preprocessed/02_FO/SAR/20230805_Hebei_1_ID_6_18_SAR.npy,Hebei,02_FO,open,0.1438,1.0,0.001994,0,20305
data/urban_sar_floods_preprocessed/02_FO/SAR/20230805_Hebei_1_ID_7_17_SAR.npy,Hebei,02_FO,open,0.0834,1.0,0.001849,0,11414
data/urban_sar_floods_preprocessed/02_FO/SAR/20230805_Hebei_2_ID_11_12_SAR.npy,Hebei,02_FO,open,0.0415,1.0,0.002431,0,5556
data/urban_sar_floods_preprocessed/02_FO/SAR/20230805_Hebei_2_ID_11_13_SAR.npy,Hebei,02_FO,open,0.0558,1.0,0.002679,0,7528
data/urban_sar_floods_preprocessed/02_FO/SAR/20230805_Hebei_2_ID_11_22_SAR.npy,Hebei,02_FO,open,0.0236,1.0,0.002574,0,3133
data/urban_sar_floods_preprocessed/02_FO/SAR/20230805_Hebei_2_ID_11_23_SAR.npy,Hebei,02_FO,open,0.0243,1.0,0.002507,0,3224
data/urban_sar_floods_preprocessed/02_FO/SAR/20230805_Hebei_2_ID_11_3_SAR.npy,Hebei,02_FO,open,0.0254,1.0,0.002349,0,3367
data/urban_sar_floods_preprocessed/02_FO/SAR/20230805_Hebei_2_ID_12_10_SAR.npy,Hebei,02_FO,open,0.0567,1.0,0.002418,0,7648
data/urban_sar_floods_preprocessed/02_FO/SAR/20230805_Hebei_2_ID_12_11_SAR.npy,Hebei,02_FO,open,0.0883,1.0,0.002132,0,12104
data/urban_sar_floods_preprocessed/02_FO/SAR/20230805_Hebei_2_ID_12_12_SAR.npy,Hebei,02_FO,open,0.1086,1.0,0.002274,0,15052
data/urban_sar_floods_preprocessed/02_FO/SAR/20230805_Hebei_2_ID_12_4_SAR.npy,Hebei,02_FO,open,0.0249,1.0,0.002201,0,3299
data/urban_sar_floods_preprocessed/02_FO/SAR/20230805_Hebei_2_ID_12_5_SAR.npy,Hebei,02_FO,open,0.0202,1.0,0.002592,0,2671
data/urban_sar_floods_preprocessed/02_FO/SAR/20230805_Hebei_2_ID_12_6_SAR.npy,Hebei,02_FO,open,0.0673,1.0,0.002455,0,9122
data/urban_sar_floods_preprocessed/02_FO/SAR/20230805_Hebei_2_ID_12_7_SAR.npy,Hebei,02_FO,open,0.0387,1.0,0.002403,0,5167
data/urban_sar_floods_preprocessed/02_FO/SAR/20230805_Hebei_2_ID_12_8_SAR.npy,Hebei,02_FO,open,0.0437,1.0,0.00221,0,5854
data/urban_sar_floods_preprocessed/02_FO/SAR/20230805_Hebei_2_ID_12_9_SAR.npy,Hebei,02_FO,open,0.0517,1.0,0.002071,0,6962
data/urban_sar_floods_preprocessed/02_FO/SAR/20230805_Hebei_2_ID_13_10_SAR.npy,Hebei,02_FO,open,0.0681,1.0,0.002009,0,9236
data/urban_sar_floods_preprocessed/02_FO/SAR/20230805_Hebei_2_ID_13_11_SAR.npy,Hebei,02_FO,open,0.0644,1.0,0.002185,0,8719
data/urban_sar_floods_preprocessed/02_FO/SAR/20230805_Hebei_2_ID_13_12_SAR.npy,Hebei,02_FO,open,0.0497,1.0,0.002687,0,6677
data/urban_sar_floods_preprocessed/02_FO/SAR/20230805_Hebei_2_ID_13_13_SAR.npy,Hebei,02_FO,open,0.0436,1.0,0.002578,0,5844
data/urban_sar_floods_preprocessed/02_FO/SAR/20230805_Hebei_2_ID_13_20_SAR.npy,Hebei,02_FO,open,0.025,1.0,0.002354,0,3318
data/urban_sar_floods_preprocessed/02_FO/SAR/20230805_Hebei_2_ID_14_6_SAR.npy,Hebei,02_FO,open,0.0483,1.0,0.002363,0,6482
data/urban_sar_floods_preprocessed/02_FO/SAR/20230805_Hebei_2_ID_14_7_SAR.npy,Hebei,02_FO,open,0.1016,1.0,0.002328,0,14030
data/urban_sar_floods_preprocessed/02_FO/SAR/20230805_Hebei_2_ID_14_8_SAR.npy,Hebei,02_FO,open,0.0586,1.0,0.00284,0,7915
data/urban_sar_floods_preprocessed/02_FO/SAR/20230805_Hebei_2_ID_14_9_SAR.npy,Hebei,02_FO,open,0.0791,1.0,0.002271,0,10794
data/urban_sar_floods_preprocessed/02_FO/SAR/20230805_Hebei_2_ID_15_4_SAR.npy,Hebei,02_FO,open,0.0224,1.0,0.002111,0,2965
data/urban_sar_floods_preprocessed/02_FO/SAR/20230805_Hebei_2_ID_15_5_SAR.npy,Hebei,02_FO,open,0.0605,1.0,0.002282,0,8179
data/urban_sar_floods_preprocessed/02_FO/SAR/20230805_Hebei_2_ID_15_6_SAR.npy,Hebei,02_FO,open,0.1067,1.0,0.002286,0,14772
data/urban_sar_floods_preprocessed/02_FO/SAR/20230805_Hebei_2_ID_18_27_SAR.npy,Hebei,02_FO,open,0.0209,1.0,0.003603,0,2769
data/urban_sar_floods_preprocessed/02_FO/SAR/20230805_Hebei_2_ID_20_12_SAR.npy,Hebei,02_FO,open,0.0209,1.0,0.00192,0,2771
data/urban_sar_floods_preprocessed/02_FO/SAR/20230805_Hebei_2_ID_20_13_SAR.npy,Hebei,02_FO,open,0.2459,1.0,0.00221,0,36743
data/urban_sar_floods_preprocessed/02_FO/SAR/20230805_Hebei_2_ID_22_4_SAR.npy,Hebei,02_FO,open,0.1395,1.0,0.000829,0,19661
data/urban_sar_floods_preprocessed/02_FO/SAR/20230805_Hebei_2_ID_22_6_SAR.npy,Hebei,02_FO,open,0.1752,1.0,0.002028,0,25174
data/urban_sar_floods_preprocessed/02_FO/SAR/20230805_Hebei_2_ID_22_7_SAR.npy,Hebei,02_FO,open,0.0717,1.0,0.001458,0,9754
data/urban_sar_floods_preprocessed/02_FO/SAR/20230805_Hebei_2_ID_3_11_SAR.npy,Hebei,02_FO,open,0.0558,1.0,0.001479,0,7526
data/urban_sar_floods_preprocessed/02_FO/SAR/20230805_Hebei_2_ID_3_12_SAR.npy,Hebei,02_FO,open,0.0238,1.0,0.00283,0,3151
data/urban_sar_floods_preprocessed/02_FO/SAR/20230805_Hebei_2_ID_4_27_SAR.npy,Hebei,02_FO,open,0.1224,1.0,0.002738,0,17094
data/urban_sar_floods_preprocessed/02_FO/SAR/20230805_Hebei_2_ID_4_28_SAR.npy,Hebei,02_FO,open,0.0598,1.0,0.002768,0,8074
data/urban_sar_floods_preprocessed/02_FO/SAR/20230805_Hebei_2_ID_5_14_SAR.npy,Hebei,02_FO,open,0.0296,1.0,0.002884,0,3934
data/urban_sar_floods_preprocessed/02_FO/SAR/20230805_Hebei_2_ID_5_15_SAR.npy,Hebei,02_FO,open,0.0435,1.0,0.002815,0,5832
data/urban_sar_floods_preprocessed/02_FO/SAR/20230805_Hebei_2_ID_5_16_SAR.npy,Hebei,02_FO,open,0.167,1.0,0.002399,0,23890
data/urban_sar_floods_preprocessed/02_FO/SAR/20230805_Hebei_2_ID_5_20_SAR.npy,Hebei,02_FO,open,0.0611,1.0,0.002585,0,8264
data/urban_sar_floods_preprocessed/02_FO/SAR/20230805_Hebei_2_ID_5_21_SAR.npy,Hebei,02_FO,open,0.1413,1.0,0.003036,0,19936
data/urban_sar_floods_preprocessed/02_FO/SAR/20230805_Hebei_2_ID_6_15_SAR.npy,Hebei,02_FO,open,0.0759,1.0,0.002523,0,10339
data/urban_sar_floods_preprocessed/02_FO/SAR/20230805_Hebei_2_ID_6_4_SAR.npy,Hebei,02_FO,open,0.0638,1.0,0.003093,0,8636
data/urban_sar_floods_preprocessed/02_FO/SAR/20230805_Hebei_2_ID_7_13_SAR.npy,Hebei,02_FO,open,0.056,1.0,0.002584,0,7553
data/urban_sar_floods_preprocessed/02_FO/SAR/20230805_Hebei_2_ID_7_14_SAR.npy,Hebei,02_FO,open,0.0895,1.0,0.002363,0,12286
data/urban_sar_floods_preprocessed/02_FO/SAR/20230805_Hebei_2_ID_7_15_SAR.npy,Hebei,02_FO,open,0.1109,1.0,0.002286,0,15384
data/urban_sar_floods_preprocessed/02_FO/SAR/20230805_Hebei_2_ID_7_16_SAR.npy,Hebei,02_FO,open,0.0818,1.0,0.002307,0,11181
data/urban_sar_floods_preprocessed/02_FO/SAR/20230805_Hebei_2_ID_7_2_SAR.npy,Hebei,02_FO,open,0.0323,1.0,0.00264,0,4299
data/urban_sar_floods_preprocessed/02_FO/SAR/20230805_Hebei_2_ID_7_3_SAR.npy,Hebei,02_FO,open,0.165,1.0,0.002476,0,23565
data/urban_sar_floods_preprocessed/02_FO/SAR/20230805_Hebei_2_ID_7_4_SAR.npy,Hebei,02_FO,open,0.0925,1.0,0.002998,0,12717
data/urban_sar_floods_preprocessed/02_FO/SAR/20230805_Hebei_2_ID_8_12_SAR.npy,Hebei,02_FO,open,0.0721,1.0,0.002673,0,9800
data/urban_sar_floods_preprocessed/02_FO/SAR/20230805_Hebei_2_ID_8_3_SAR.npy,Hebei,02_FO,open,0.0274,1.0,0.003294,0,3640
data/urban_sar_floods_preprocessed/02_FO/SAR/20230805_Hebei_2_ID_9_10_SAR.npy,Hebei,02_FO,open,0.0269,1.0,0.002026,0,3571
data/urban_sar_floods_preprocessed/02_FO/SAR/20230805_Hebei_2_ID_9_5_SAR.npy,Hebei,02_FO,open,0.0349,1.0,0.002963,0,4653
data/urban_sar_floods_preprocessed/02_FO/SAR/20230805_Hebei_2_ID_9_6_SAR.npy,Hebei,02_FO,open,0.0323,1.0,0.003111,0,4297
data/urban_sar_floods_preprocessed/02_FO/SAR/20230805_Hebei_2_ID_9_8_SAR.npy,Hebei,02_FO,open,0.0259,1.0,0.002057,0,3439
data/urban_sar_floods_preprocessed/02_FO/SAR/20230805_Hebei_2_ID_9_9_SAR.npy,Hebei,02_FO,open,0.0412,1.0,0.001966,0,5513
data/urban_sar_floods_preprocessed/02_FO/SAR/20231114_Beledweyne_ID_10_17_SAR.npy,Beledweyne,02_FO,open,0.0423,1.0,0.001255,0,5669
data/urban_sar_floods_preprocessed/02_FO/SAR/20231114_Beledweyne_ID_11_17_SAR.npy,Beledweyne,02_FO,open,0.0607,1.0,0.001752,0,8211
data/urban_sar_floods_preprocessed/02_FO/SAR/20231114_Beledweyne_ID_12_18_SAR.npy,Beledweyne,02_FO,open,0.1763,1.0,0.001556,0,25338
data/urban_sar_floods_preprocessed/02_FO/SAR/20231114_Beledweyne_ID_14_19_SAR.npy,Beledweyne,02_FO,open,0.0199,1.0,0.001739,0,2636
data/urban_sar_floods_preprocessed/02_FO/SAR/20231114_Beledweyne_ID_15_19_SAR.npy,Beledweyne,02_FO,open,0.0211,1.0,0.001236,0,2793
data/urban_sar_floods_preprocessed/02_FO/SAR/20231114_Beledweyne_ID_4_10_SAR.npy,Beledweyne,02_FO,open,0.0342,1.0,0.001932,0,4558
data/urban_sar_floods_preprocessed/02_FO/SAR/20231114_Beledweyne_ID_4_12_SAR.npy,Beledweyne,02_FO,open,0.0217,1.0,0.001658,0,2871
data/urban_sar_floods_preprocessed/02_FO/SAR/20231114_Beledweyne_ID_5_11_SAR.npy,Beledweyne,02_FO,open,0.023,1.0,0.001603,0,3051
data/urban_sar_floods_preprocessed/02_FO/SAR/20231114_Beledweyne_ID_5_13_SAR.npy,Beledweyne,02_FO,open,0.0405,1.0,0.001679,0,5417
data/urban_sar_floods_preprocessed/02_FO/SAR/20231114_Beledweyne_ID_6_13_SAR.npy,Beledweyne,02_FO,open,0.1484,1.0,0.001892,0,21016
data/urban_sar_floods_preprocessed/02_FO/SAR/20231114_Beledweyne_ID_7_15_SAR.npy,Beledweyne,02_FO,open,0.3232,1.0,0.001938,0,50526
data/urban_sar_floods_preprocessed/02_FO/SAR/20231114_Beledweyne_ID_7_16_SAR.npy,Beledweyne,02_FO,open,0.1382,1.0,0.00132,0,19461
data/urban_sar_floods_preprocessed/02_FO/SAR/20231114_Beledweyne_ID_8_15_SAR.npy,Beledweyne,02_FO,open,0.0331,1.0,0.001617,0,4416
data/urban_sar_floods_preprocessed/02_FO/SAR/20231114_Beledweyne_ID_8_16_SAR.npy,Beledweyne,02_FO,open,0.4358,1.0,0.001651,0,73027
data/urban_sar_floods_preprocessed/02_FO/SAR/20231114_Beledweyne_ID_8_17_SAR.npy,Beledweyne,02_FO,open,0.2189,1.0,0.001124,0,32211
data/urban_sar_floods_preprocessed/02_FO/SAR/20231114_Beledweyne_ID_9_16_SAR.npy,Beledweyne,02_FO,open,0.1004,1.0,0.001603,0,13851
data/urban_sar_floods_preprocessed/02_FO/SAR/20231114_Beledweyne_ID_9_17_SAR.npy,Beledweyne,02_FO,open,0.4585,1.0,0.001209,0,77973
data/urban_sar_floods_preprocessed/03_FU/SAR/20210319_PortMacquarie_ID_10_12_SAR.npy,PortMacquarie,03_FU,open,0.0486,1.0,0.002274,65,6468
data/urban_sar_floods_preprocessed/03_FU/SAR/20210319_PortMacquarie_ID_10_14_SAR.npy,PortMacquarie,03_FU,open,0.2706,1.0,0.002682,1117,39907
data/urban_sar_floods_preprocessed/03_FU/SAR/20210319_PortMacquarie_ID_10_15_SAR.npy,PortMacquarie,03_FU,open,0.0268,1.0,0.001201,350,3205
data/urban_sar_floods_preprocessed/03_FU/SAR/20210319_PortMacquarie_ID_11_12_SAR.npy,PortMacquarie,03_FU,open,0.0758,1.0,0.002155,342,9989
data/urban_sar_floods_preprocessed/03_FU/SAR/20210319_PortMacquarie_ID_11_13_SAR.npy,PortMacquarie,03_FU,open,0.1535,1.0,0.002487,1819,19968
data/urban_sar_floods_preprocessed/03_FU/SAR/20210319_PortMacquarie_ID_11_14_SAR.npy,PortMacquarie,03_FU,open,0.0727,1.0,0.002341,497,9387
data/urban_sar_floods_preprocessed/03_FU/SAR/20210319_PortMacquarie_ID_11_15_SAR.npy,PortMacquarie,03_FU,open,0.0133,1.0,0.001081,645,1111
data/urban_sar_floods_preprocessed/03_FU/SAR/20210319_PortMacquarie_ID_12_14_SAR.npy,PortMacquarie,03_FU,open,0.0128,1.0,0.001555,171,1523
data/urban_sar_floods_preprocessed/03_FU/SAR/20210319_PortMacquarie_ID_13_12_SAR.npy,PortMacquarie,03_FU,open,0.0613,1.0,0.00199,96,8191
data/urban_sar_floods_preprocessed/03_FU/SAR/20210319_PortMacquarie_ID_13_13_SAR.npy,PortMacquarie,03_FU,open,0.0692,1.0,0.002412,382,9014
data/urban_sar_floods_preprocessed/03_FU/SAR/20210319_PortMacquarie_ID_13_14_SAR.npy,PortMacquarie,03_FU,urban,0.0085,1.0,0.000516,1068,52
data/urban_sar_floods_preprocessed/03_FU/SAR/20210319_PortMacquarie_ID_14_10_SAR.npy,PortMacquarie,03_FU,open,0.0683,1.0,0.002175,99,9169
data/urban_sar_floods_preprocessed/03_FU/SAR/20210319_PortMacquarie_ID_14_12_SAR.npy,PortMacquarie,03_FU,open,0.1631,1.0,0.002403,63,23215
data/urban_sar_floods_preprocessed/03_FU/SAR/20210319_PortMacquarie_ID_15_12_SAR.npy,PortMacquarie,03_FU,open,0.19,1.0,0.002201,54,27461
data/urban_sar_floods_preprocessed/03_FU/SAR/20210319_PortMacquarie_ID_15_8_SAR.npy,PortMacquarie,03_FU,open,0.0832,1.0,0.002484,60,11324
data/urban_sar_floods_preprocessed/03_FU/SAR/20210319_PortMacquarie_ID_16_11_SAR.npy,PortMacquarie,03_FU,open,0.2817,1.0,0.002356,315,42654
data/urban_sar_floods_preprocessed/03_FU/SAR/20210319_PortMacquarie_ID_17_11_SAR.npy,PortMacquarie,03_FU,urban,0.0057,1.0,0.000773,755,0
data/urban_sar_floods_preprocessed/03_FU/SAR/20210319_PortMacquarie_ID_17_4_SAR.npy,PortMacquarie,03_FU,open,0.1051,1.0,0.002372,210,14332
data/urban_sar_floods_preprocessed/03_FU/SAR/20210319_PortMacquarie_ID_18_10_SAR.npy,PortMacquarie,03_FU,open,0.0349,1.0,0.002237,54,4595
data/urban_sar_floods_preprocessed/03_FU/SAR/20210319_PortMacquarie_ID_18_9_SAR.npy,PortMacquarie,03_FU,open,0.0659,1.0,0.002371,52,8877
data/urban_sar_floods_preprocessed/03_FU/SAR/20210319_PortMacquarie_ID_19_10_SAR.npy,PortMacquarie,03_FU,open,0.0113,1.0,0.002418,548,947
data/urban_sar_floods_preprocessed/03_FU/SAR/20210319_PortMacquarie_ID_20_10_SAR.npy,PortMacquarie,03_FU,urban,0.0018,1.0,0.00034,233,0
data/urban_sar_floods_preprocessed/03_FU/SAR/20210319_PortMacquarie_ID_2_16_SAR.npy,PortMacquarie,03_FU,open,0.0029,1.0,0.000313,77,298
data/urban_sar_floods_preprocessed/03_FU/SAR/20210319_PortMacquarie_ID_3_16_SAR.npy,PortMacquarie,03_FU,urban,0.0016,1.0,0.000776,213,0
data/urban_sar_floods_preprocessed/03_FU/SAR/20210319_PortMacquarie_ID_4_16_SAR.npy,PortMacquarie,03_FU,open,0.0527,1.0,0.001965,115,6984
data/urban_sar_floods_preprocessed/03_FU/SAR/20210319_PortMacquarie_ID_5_15_SAR.npy,PortMacquarie,03_FU,open,0.7294,1.0,0.002289,55,150433
data/urban_sar_floods_preprocessed/03_FU/SAR/20210324_Sydney_ID_19_21_SAR.npy,Sydney,03_FU,open,0.0387,1.0,0.002208,10,5169
data/urban_sar_floods_preprocessed/03_FU/SAR/20210324_Sydney_ID_19_22_SAR.npy,Sydney,03_FU,open,0.0413,1.0,0.001893,71,5457
data/urban_sar_floods_preprocessed/03_FU/SAR/20210324_Sydney_ID_21_20_SAR.npy,Sydney,03_FU,open,0.4458,1.0,0.003152,114,75072
data/urban_sar_floods_preprocessed/03_FU/SAR/20210324_Sydney_ID_22_19_SAR.npy,Sydney,03_FU,open,0.0314,1.0,0.003155,63,4122
data/urban_sar_floods_preprocessed/03_FU/SAR/20210324_Sydney_ID_22_20_SAR.npy,Sydney,03_FU,open,0.2201,1.0,0.002939,117,32295
data/urban_sar_floods_preprocessed/03_FU/SAR/20210324_Sydney_ID_23_20_SAR.npy,Sydney,03_FU,urban,0.0004,1.0,0.002732,53,0
data/urban_sar_floods_preprocessed/03_FU/SAR/20220302_Coraki_Australia_ID_14_7_SAR.npy,Coraki,03_FU,open,0.0086,1.0,0.003017,85,1046
data/urban_sar_floods_preprocessed/03_FU/SAR/20220302_Coraki_Australia_ID_15_10_SAR.npy,Coraki,03_FU,open,0.2286,1.0,0.003187,56,33773
data/urban_sar_floods_preprocessed/03_FU/SAR/20220302_Coraki_Australia_ID_16_10_SAR.npy,Coraki,03_FU,open,0.3351,1.0,0.001671,199,52559
data/urban_sar_floods_preprocessed/03_FU/SAR/20220302_Coraki_Australia_ID_16_8_SAR.npy,Coraki,03_FU,open,0.7965,1.0,0.002887,188,173287
data/urban_sar_floods_preprocessed/03_FU/SAR/20220302_Coraki_Australia_ID_16_9_SAR.npy,Coraki,03_FU,open,0.423,1.0,0.002462,175,70145
data/urban_sar_floods_preprocessed/03_FU/SAR/20220302_Coraki_Australia_ID_17_8_SAR.npy,Coraki,03_FU,open,0.8858,1.0,0.003755,195,208209
data/urban_sar_floods_preprocessed/03_FU/SAR/20220302_Coraki_Australia_ID_17_9_SAR.npy,Coraki,03_FU,open,0.3636,1.0,0.002382,79,58169
data/urban_sar_floods_preprocessed/03_FU/SAR/20220302_Coraki_Australia_ID_5_8_SAR.npy,Coraki,03_FU,open,0.0011,1.0,0.003944,52,96
data/urban_sar_floods_preprocessed/03_FU/SAR/20220302_Coraki_Australia_ID_5_9_SAR.npy,Coraki,03_FU,urban,0.0012,1.0,0.00479,151,0
data/urban_sar_floods_preprocessed/03_FU/SAR/20220302_Coraki_Australia_ID_6_9_SAR.npy,Coraki,03_FU,urban,0.0004,1.0,0.004085,55,0
data/urban_sar_floods_preprocessed/03_FU/SAR/20220302_Coraki_Australia_ID_8_10_SAR.npy,Coraki,03_FU,open,0.1012,1.0,0.003341,134,13834
data/urban_sar_floods_preprocessed/03_FU/SAR/20220705_Sydney_ID_11_23_SAR.npy,Sydney,03_FU,open,0.1359,1.0,0.001224,127,18983
data/urban_sar_floods_preprocessed/03_FU/SAR/20220705_Sydney_ID_12_27_SAR.npy,Sydney,03_FU,open,0.0022,1.0,0.001559,131,152
data/urban_sar_floods_preprocessed/03_FU/SAR/20220705_Sydney_ID_12_28_SAR.npy,Sydney,03_FU,open,0.1616,1.0,0.001479,53,22988
data/urban_sar_floods_preprocessed/03_FU/SAR/20220705_Sydney_ID_12_31_SAR.npy,Sydney,03_FU,open,0.0449,1.0,0.001649,51,5963
data/urban_sar_floods_preprocessed/03_FU/SAR/20220705_Sydney_ID_13_30_SAR.npy,Sydney,03_FU,open,0.0151,1.0,0.002776,58,1937
data/urban_sar_floods_preprocessed/03_FU/SAR/20220705_Sydney_ID_13_31_SAR.npy,Sydney,03_FU,open,0.0036,1.0,0.004495,57,419
data/urban_sar_floods_preprocessed/03_FU/SAR/20220705_Sydney_ID_16_28_SAR.npy,Sydney,03_FU,open,0.0045,1.0,0.00289,59,527
data/urban_sar_floods_preprocessed/03_FU/SAR/20220705_Sydney_ID_17_27_SAR.npy,Sydney,03_FU,open,0.0327,1.0,0.001713,58,4306
data/urban_sar_floods_preprocessed/03_FU/SAR/20220705_Sydney_ID_18_27_SAR.npy,Sydney,03_FU,open,0.0093,1.0,0.003039,55,1173
data/urban_sar_floods_preprocessed/03_FU/SAR/20220705_Sydney_ID_19_21_SAR.npy,Sydney,03_FU,open,0.0586,1.0,0.001946,10,7905
data/urban_sar_floods_preprocessed/03_FU/SAR/20220705_Sydney_ID_19_22_SAR.npy,Sydney,03_FU,open,0.0721,1.0,0.001696,105,9700
data/urban_sar_floods_preprocessed/03_FU/SAR/20220705_Sydney_ID_20_21_SAR.npy,Sydney,03_FU,open,0.1101,1.0,0.001984,64,15214
data/urban_sar_floods_preprocessed/03_FU/SAR/20220705_Sydney_ID_21_20_SAR.npy,Sydney,03_FU,open,0.4938,1.0,0.002026,101,85842
data/urban_sar_floods_preprocessed/03_FU/SAR/20220705_Sydney_ID_22_19_SAR.npy,Sydney,03_FU,open,0.0483,1.0,0.001676,98,6395
data/urban_sar_floods_preprocessed/03_FU/SAR/20220705_Sydney_ID_22_20_SAR.npy,Sydney,03_FU,open,0.2687,1.0,0.001809,121,40568
data/urban_sar_floods_preprocessed/03_FU/SAR/20220705_Sydney_ID_22_22_SAR.npy,Sydney,03_FU,urban,0.0032,1.0,0.002094,419,0
data/urban_sar_floods_preprocessed/03_FU/SAR/20220705_Sydney_ID_22_23_SAR.npy,Sydney,03_FU,open,0.0004,1.0,0.001585,17,38
data/urban_sar_floods_preprocessed/03_FU/SAR/20220705_Sydney_ID_22_24_SAR.npy,Sydney,03_FU,urban,0.0003,1.0,0.002017,33,0
data/urban_sar_floods_preprocessed/03_FU/SAR/20220705_Sydney_ID_23_19_SAR.npy,Sydney,03_FU,urban,0.0004,1.0,0.001736,50,0
data/urban_sar_floods_preprocessed/03_FU/SAR/20220705_Sydney_ID_23_20_SAR.npy,Sydney,03_FU,urban,0.0004,1.0,0.002416,52,0
data/urban_sar_floods_preprocessed/03_FU/SAR/20220705_Sydney_ID_23_21_SAR.npy,Sydney,03_FU,urban,0.0001,1.0,0.001467,18,0
data/urban_sar_floods_preprocessed/03_FU/SAR/20220705_Sydney_ID_23_22_SAR.npy,Sydney,03_FU,urban,0.0003,1.0,0.001658,33,0
data/urban_sar_floods_preprocessed/03_FU/SAR/20220705_Sydney_ID_6_20_SAR.npy,Sydney,03_FU,open,0.0012,1.0,0.001997,66,97
data/urban_sar_floods_preprocessed/03_FU/SAR/20221013_Niger_ID_11_20_SAR.npy,Niger,03_FU,open,0.34,1.0,0.002455,69,53623
data/urban_sar_floods_preprocessed/03_FU/SAR/20230805_Hebei_1_ID_10_22_SAR.npy,Hebei,03_FU,open,0.0037,1.0,0.003258,72,415
data/urban_sar_floods_preprocessed/03_FU/SAR/20230805_Hebei_1_ID_10_23_SAR.npy,Hebei,03_FU,open,0.0024,1.0,0.003204,131,179
data/urban_sar_floods_preprocessed/03_FU/SAR/20230805_Hebei_1_ID_10_24_SAR.npy,Hebei,03_FU,urban,0.0014,1.0,0.003091,181,0
data/urban_sar_floods_preprocessed/03_FU/SAR/20230805_Hebei_1_ID_10_25_SAR.npy,Hebei,03_FU,urban,0.0003,1.0,0.003432,38,0
data/urban_sar_floods_preprocessed/03_FU/SAR/20230805_Hebei_1_ID_10_26_SAR.npy,Hebei,03_FU,urban,0.0014,1.0,0.00317,188,0
data/urban_sar_floods_preprocessed/03_FU/SAR/20230805_Hebei_1_ID_10_28_SAR.npy,Hebei,03_FU,urban,0.0017,1.0,0.003479,228,0
data/urban_sar_floods_preprocessed/03_FU/SAR/20230805_Hebei_1_ID_10_29_SAR.npy,Hebei,03_FU,urban,0.0184,1.0,0.003757,2438,0
data/urban_sar_floods_preprocessed/03_FU/SAR/20230805_Hebei_1_ID_10_30_SAR.npy,Hebei,03_FU,urban,0.0015,1.0,0.003558,202,0
data/urban_sar_floods_preprocessed/03_FU/SAR/20230805_Hebei_1_ID_10_32_SAR.npy,Hebei,03_FU,urban,0.0023,1.0,0.003671,303,0
data/urban_sar_floods_preprocessed/03_FU/SAR/20230805_Hebei_1_ID_10_33_SAR.npy,Hebei,03_FU,urban,0.0005,1.0,0.003452,65,0
data/urban_sar_floods_preprocessed/03_FU/SAR/20230805_Hebei_1_ID_10_35_SAR.npy,Hebei,03_FU,urban,0.0026,1.0,0.003168,335,0
data/urban_sar_floods_preprocessed/03_FU/SAR/20230805_Hebei_1_ID_11_22_SAR.npy,Hebei,03_FU,urban,0.0036,1.0,0.002845,469,0
data/urban_sar_floods_preprocessed/03_FU/SAR/20230805_Hebei_1_ID_11_23_SAR.npy,Hebei,03_FU,urban,0.0008,1.0,0.003082,59,47
data/urban_sar_floods_preprocessed/03_FU/SAR/20230805_Hebei_1_ID_11_24_SAR.npy,Hebei,03_FU,urban,0.0015,1.0,0.003197,135,66
data/urban_sar_floods_preprocessed/03_FU/SAR/20230805_Hebei_1_ID_11_25_SAR.npy,Hebei,03_FU,urban,0.0008,1.0,0.002879,103,0
data/urban_sar_floods_preprocessed/03_FU/SAR/20230805_Hebei_1_ID_11_29_SAR.npy,Hebei,03_FU,urban,0.0066,1.0,0.003311,871,0
data/urban_sar_floods_preprocessed/03_FU/SAR/20230805_Hebei_1_ID_11_30_SAR.npy,Hebei,03_FU,urban,0.0001,1.0,0.003179,18,0
data/urban_sar_floods_preprocessed/03_FU/SAR/20230805_Hebei_1_ID_11_32_SAR.npy,Hebei,03_FU,urban,0.001,1.0,0.003573,129,0
data/urban_sar_floods_preprocessed/03_FU/SAR/20230805_Hebei_1_ID_12_20_SAR.npy,Hebei,03_FU,open,0.0038,1.0,0.003214,61,436
data/urban_sar_floods_preprocessed/03_FU/SAR/20230805_Hebei_1_ID_12_21_SAR.npy,Hebei,03_FU,open,0.0063,1.0,0.003075,350,481
data/urban_sar_floods_preprocessed/03_FU/SAR/20230805_Hebei_1_ID_12_22_SAR.npy,Hebei,03_FU,urban,0.0064,1.0,0.003109,456,389
data/urban_sar_floods_preprocessed/03_FU/SAR/20230805_Hebei_1_ID_12_23_SAR.npy,Hebei,03_FU,open,0.0265,1.0,0.003001,1735,1781
data/urban_sar_floods_preprocessed/03_FU/SAR/20230805_Hebei_1_ID_12_24_SAR.npy,Hebei,03_FU,urban,0.0006,1.0,0.003196,84,0
data/urban_sar_floods_preprocessed/03_FU/SAR/20230805_Hebei_1_ID_12_25_SAR.npy,Hebei,03_FU,open,0.0541,1.0,0.002896,146,7136
data/urban_sar_floods_preprocessed/03_FU/SAR/20230805_Hebei_1_ID_12_26_SAR.npy,Hebei,03_FU,urban,0.0006,1.0,0.002931,74,0
data/urban_sar_floods_preprocessed/03_FU/SAR/20230805_Hebei_1_ID_12_28_SAR.npy,Hebei,03_FU,urban,0.0021,1.0,0.003126,273,0
data/urban_sar_floods_preprocessed/03_FU/SAR/20230805_Hebei_1_ID_12_30_SAR.npy,Hebei,03_FU,urban,0.0004,1.0,0.003621,50,0
data/urban_sar_floods_preprocessed/03_FU/SAR/20230805_Hebei_1_ID_12_31_SAR.npy,Hebei,03_FU,open,0.0011,1.0,0.00387,65,73
data/urban_sar_floods_preprocessed/03_FU/SAR/20230805_Hebei_1_ID_13_15_SAR.npy,Hebei,03_FU,open,0.0059,1.0,0.002868,175,606
data/urban_sar_floods_preprocessed/03_FU/SAR/20230805_Hebei_1_ID_13_21_SAR.npy,Hebei,03_FU,urban,0.0009,1.0,0.002965,89,30
data/urban_sar_floods_preprocessed/03_FU/SAR/20230805_Hebei_1_ID_13_22_SAR.npy,Hebei,03_FU,urban,0.0413,1.0,0.002955,3166,2355
data/urban_sar_floods_preprocessed/03_FU/SAR/20230805_Hebei_1_ID_13_23_SAR.npy,Hebei,03_FU,urban,0.0019,1.0,0.003149,141,114
data/urban_sar_floods_preprocessed/03_FU/SAR/20230805_Hebei_1_ID_13_24_SAR.npy,Hebei,03_FU,urban,0.003,1.0,0.003275,352,39
data/urban_sar_floods_preprocessed/03_FU/SAR/20230805_Hebei_1_ID_13_25_SAR.npy,Hebei,03_FU,open,0.0314,1.0,0.002981,110,4078
data/urban_sar_floods_preprocessed/03_FU/SAR/20230805_Hebei_1_ID_13_26_SAR.npy,Hebei,03_FU,urban,0.0034,1.0,0.003162,443,0
data/urban_sar_floods_preprocessed/03_FU/SAR/20230805_Hebei_1_ID_13_27_SAR.npy,Hebei,03_FU,urban,0.0,1.0,0.003569,5,0
data/urban_sar_floods_preprocessed/03_FU/SAR/20230805_Hebei_1_ID_13_28_SAR.npy,Hebei,03_FU,urban,0.0006,1.0,0.003807,80,0
data/urban_sar_floods_preprocessed/03_FU/SAR/20230805_Hebei_1_ID_13_29_SAR.npy,Hebei,03_FU,urban,0.0016,1.0,0.003742,213,0
data/urban_sar_floods_preprocessed/03_FU/SAR/20230805_Hebei_1_ID_13_30_SAR.npy,Hebei,03_FU,urban,0.0001,1.0,0.003666,12,0
data/urban_sar_floods_preprocessed/03_FU/SAR/20230805_Hebei_1_ID_13_31_SAR.npy,Hebei,03_FU,urban,0.0014,1.0,0.003489,178,0
data/urban_sar_floods_preprocessed/03_FU/SAR/20230805_Hebei_1_ID_14_12_SAR.npy,Hebei,03_FU,open,0.0012,1.0,0.00274,50,102
data/urban_sar_floods_preprocessed/03_FU/SAR/20230805_Hebei_1_ID_14_13_SAR.npy,Hebei,03_FU,open,0.0053,1.0,0.002826,58,634
data/urban_sar_floods_preprocessed/03_FU/SAR/20230805_Hebei_1_ID_14_14_SAR.npy,Hebei,03_FU,open,0.0291,1.0,0.002654,121,3746
data/urban_sar_floods_preprocessed/03_FU/SAR/20230805_Hebei_1_ID_14_15_SAR.npy,Hebei,03_FU,open,0.0113,1.0,0.003128,126,1364
data/urban_sar_floods_preprocessed/03_FU/SAR/20230805_Hebei_1_ID_14_16_SAR.npy,Hebei,03_FU,open,0.0102,1.0,0.003189,50,1292
data/urban_sar_floods_preprocessed/03_FU/SAR/20230805_Hebei_1_ID_14_17_SAR.npy,Hebei,03_FU,open,0.007,1.0,0.003139,79,838
data/urban_sar_floods_preprocessed/03_FU/SAR/20230805_Hebei_1_ID_14_22_SAR.npy,Hebei,03_FU,open,0.0177,1.0,0.003256,361,1982
data/urban_sar_floods_preprocessed/03_FU/SAR/20230805_Hebei_1_ID_14_23_SAR.npy,Hebei,03_FU,open,0.0264,1.0,0.00355,1330,2176
data/urban_sar_floods_preprocessed/03_FU/SAR/20230805_Hebei_1_ID_14_26_SAR.npy,Hebei,03_FU,urban,0.0019,1.0,0.003563,253,0
data/urban_sar_floods_preprocessed/03_FU/SAR/20230805_Hebei_1_ID_14_27_SAR.npy,Hebei,03_FU,urban,0.0007,1.0,0.003517,90,0
data/urban_sar_floods_preprocessed/03_FU/SAR/20230805_Hebei_1_ID_14_28_SAR.npy,Hebei,03_FU,open,0.0021,1.0,0.003661,72,204
data/urban_sar_floods_preprocessed/03_FU/SAR/20230805_Hebei_1_ID_14_31_SAR.npy,Hebei,03_FU,open,0.0004,1.0,0.003185,14,42
data/urban_sar_floods_preprocessed/03_FU/SAR/20230805_Hebei_1_ID_15_18_SAR.npy,Hebei,03_FU,open,0.0121,1.0,0.003218,52,1542
data/urban_sar_floods_preprocessed/03_FU/SAR/20230805_Hebei_1_ID_15_19_SAR.npy,Hebei,03_FU,open,0.0232,1.0,0.003007,366,2705
data/urban_sar_floods_preprocessed/03_FU/SAR/20230805_Hebei_1_ID_15_20_SAR.npy,Hebei,03_FU,urban,0.0032,1.0,0.002994,375,42
data/urban_sar_floods_preprocessed/03_FU/SAR/20230805_Hebei_1_ID_15_21_SAR.npy,Hebei,03_FU,open,0.007,1.0,0.003386,90,837
data/urban_sar_floods_preprocessed/03_FU/SAR/20230805_Hebei_1_ID_15_22_SAR.npy,Hebei,03_FU,open,0.07,1.0,0.003365,1943,7564
data/urban_sar_floods_preprocessed/03_FU/SAR/20230805_Hebei_1_ID_15_23_SAR.npy,Hebei,03_FU,open,0.1185,1.0,0.003634,3949,12561
data/urban_sar_floods_preprocessed/03_FU/SAR/20230805_Hebei_1_ID_15_26_SAR.npy,Hebei,03_FU,urban,0.0006,1.0,0.00298,51,31
data/urban_sar_floods_preprocessed/03_FU/SAR/20230805_Hebei_1_ID_15_27_SAR.npy,Hebei,03_FU,urban,0.0067,1.0,0.003355,850,30
data/urban_sar_floods_preprocessed/03_FU/SAR/20230805_Hebei_1_ID_15_28_SAR.npy,Hebei,03_FU,urban,0.0021,1.0,0.003915,212,67
data/urban_sar_floods_preprocessed/03_FU/SAR/20230805_Hebei_1_ID_16_19_SAR.npy,Hebei,03_FU,open,0.0761,1.0,0.002602,3005,7366
data/urban_sar_floods_preprocessed/03_FU/SAR/20230805_Hebei_1_ID_16_20_SAR.npy,Hebei,03_FU,open,0.0634,1.0,0.003058,2371,6214
data/urban_sar_floods_preprocessed/03_FU/SAR/20230805_Hebei_1_ID_16_21_SAR.npy,Hebei,03_FU,open,0.0634,1.0,0.003209,3945,4643
data/urban_sar_floods_preprocessed/03_FU/SAR/20230805_Hebei_1_ID_16_22_SAR.npy,Hebei,03_FU,urban,0.0741,1.0,0.003094,6219,3864
data/urban_sar_floods_preprocessed/03_FU/SAR/20230805_Hebei_1_ID_16_23_SAR.npy,Hebei,03_FU,urban,0.0996,1.0,0.003538,11071,2670
data/urban_sar_floods_preprocessed/03_FU/SAR/20230805_Hebei_1_ID_16_24_SAR.npy,Hebei,03_FU,open,0.1031,1.0,0.003356,4789,9463
data/urban_sar_floods_preprocessed/03_FU/SAR/20230805_Hebei_1_ID_16_25_SAR.npy,Hebei,03_FU,open,0.009,1.0,0.003377,44,1138
data/urban_sar_floods_preprocessed/03_FU/SAR/20230805_Hebei_1_ID_16_26_SAR.npy,Hebei,03_FU,open,0.0311,1.0,0.003223,22,4113
data/urban_sar_floods_preprocessed/03_FU/SAR/20230805_Hebei_1_ID_16_27_SAR.npy,Hebei,03_FU,open,0.0103,1.0,0.004026,186,1170
data/urban_sar_floods_preprocessed/03_FU/SAR/20230805_Hebei_1_ID_16_29_SAR.npy,Hebei,03_FU,open,0.0073,1.0,0.003355,114,846
data/urban_sar_floods_preprocessed/03_FU/SAR/20230805_Hebei_1_ID_16_6_SAR.npy,Hebei,03_FU,urban,0.0009,1.0,0.002162,70,45
data/urban_sar_floods_preprocessed/03_FU/SAR/20230805_Hebei_1_ID_17_17_SAR.npy,Hebei,03_FU,open,0.009,1.0,0.002517,51,1140
data/urban_sar_floods_preprocessed/03_FU/SAR/20230805_Hebei_1_ID_17_18_SAR.npy,Hebei,03_FU,open,0.001,1.0,0.003066,52,79
data/urban_sar_floods_preprocessed/03_FU/SAR/20230805_Hebei_1_ID_17_19_SAR.npy,Hebei,03_FU,open,0.024,1.0,0.002952,74,3104
data/urban_sar_floods_preprocessed/03_FU/SAR/20230805_Hebei_1_ID_17_20_SAR.npy,Hebei,03_FU,open,0.031,1.0,0.002997,1143,2983
data/urban_sar_floods_preprocessed/03_FU/SAR/20230805_Hebei_1_ID_17_21_SAR.npy,Hebei,03_FU,open,0.0263,1.0,0.002992,647,2844
data/urban_sar_floods_preprocessed/03_FU/SAR/20230805_Hebei_1_ID_17_23_SAR.npy,Hebei,03_FU,open,0.0841,1.0,0.00341,4877,6627
data/urban_sar_floods_preprocessed/03_FU/SAR/20230805_Hebei_1_ID_17_24_SAR.npy,Hebei,03_FU,open,0.0403,1.0,0.003443,2011,3380
data/urban_sar_floods_preprocessed/03_FU/SAR/20230805_Hebei_1_ID_17_28_SAR.npy,Hebei,03_FU,open,0.002,1.0,0.003642,95,165
data/urban_sar_floods_preprocessed/03_FU/SAR/20230805_Hebei_1_ID_17_29_SAR.npy,Hebei,03_FU,open,0.0213,1.0,0.003409,1158,1669
data/urban_sar_floods_preprocessed/03_FU/SAR/20230805_Hebei_1_ID_17_30_SAR.npy,Hebei,03_FU,open,0.0426,1.0,0.003371,505,5197
data/urban_sar_floods_preprocessed/03_FU/SAR/20230805_Hebei_1_ID_17_32_SAR.npy,Hebei,03_FU,open,0.0161,1.0,0.003028,105,2016
data/urban_sar_floods_preprocessed/03_FU/SAR/20230805_Hebei_1_ID_17_7_SAR.npy,Hebei,03_FU,open,0.002,1.0,0.001753,109,150
data/urban_sar_floods_preprocessed/03_FU/SAR/20230805_Hebei_1_ID_18_16_SAR.npy,Hebei,03_FU,open,0.0043,1.0,0.003341,83,481
data/urban_sar_floods_preprocessed/03_FU/SAR/20230805_Hebei_1_ID_18_17_SAR.npy,Hebei,03_FU,open,0.0045,1.0,0.003032,82,507
data/urban_sar_floods_preprocessed/03_FU/SAR/20230805_Hebei_1_ID_18_18_SAR.npy,Hebei,03_FU,open,0.0016,1.0,0.002717,78,138
data/urban_sar_floods_preprocessed/03_FU/SAR/20230805_Hebei_1_ID_18_20_SAR.npy,Hebei,03_FU,urban,0.0004,1.0,0.00294,51,0
data/urban_sar_floods_preprocessed/03_FU/SAR/20230805_Hebei_1_ID_18_22_SAR.npy,Hebei,03_FU,open,0.012,1.0,0.003348,482,1105
data/urban_sar_floods_preprocessed/03_FU/SAR/20230805_Hebei_1_ID_18_23_SAR.npy,Hebei,03_FU,open,0.3624,1.0,0.003285,11516,46494
data/urban_sar_floods_preprocessed/03_FU/SAR/20230805_Hebei_1_ID_18_30_SAR.npy,Hebei,03_FU,open,0.1131,1.0,0.003334,657,15060
data/urban_sar_floods_preprocessed/03_FU/SAR/20230805_Hebei_1_ID_18_31_SAR.npy,Hebei,03_FU,open,0.0475,1.0,0.003373,79,6296
data/urban_sar_floods_preprocessed/03_FU/SAR/20230805_Hebei_1_ID_18_37_SAR.npy,Hebei,03_FU,urban,0.0027,1.0,0.003358,348,0
data/urban_sar_floods_preprocessed/03_FU/SAR/20230805_Hebei_1_ID_18_7_SAR.npy,Hebei,03_FU,urban,0.0009,1.0,0.002078,74,46
data/urban_sar_floods_preprocessed/03_FU/SAR/20230805_Hebei_1_ID_18_8_SAR.npy,Hebei,03_FU,open,0.0021,1.0,0.002575,129,143
data/urban_sar_floods_preprocessed/03_FU/SAR/20230805_Hebei_1_ID_18_9_SAR.npy,Hebei,03_FU,urban,0.0004,1.0,0.002706,57,0
data/urban_sar_floods_preprocessed/03_FU/SAR/20230805_Hebei_1_ID_19_15_SAR.npy,Hebei,03_FU,open,0.0122,1.0,0.002246,55,1554
data/urban_sar_floods_preprocessed/03_FU/SAR/20230805_Hebei_1_ID_19_19_SAR.npy,Hebei,03_FU,open,0.0129,1.0,0.002912,53,1654
data/urban_sar_floods_preprocessed/03_FU/SAR/20230805_Hebei_1_ID_19_21_SAR.npy,Hebei,03_FU,open,0.0487,1.0,0.003238,1673,4864
data/urban_sar_floods_preprocessed/03_FU/SAR/20230805_Hebei_1_ID_19_22_SAR.npy,Hebei,03_FU,open,0.4284,1.0,0.002776,11788,59663
data/urban_sar_floods_preprocessed/03_FU/SAR/20230805_Hebei_1_ID_19_23_SAR.npy,Hebei,03_FU,open,0.2107,1.0,0.00226,2102,28759
data/urban_sar_floods_preprocessed/03_FU/SAR/20230805_Hebei_1_ID_19_29_SAR.npy,Hebei,03_FU,urban,0.0007,1.0,0.003021,63,31
data/urban_sar_floods_preprocessed/03_FU/SAR/20230805_Hebei_1_ID_19_36_SAR.npy,Hebei,03_FU,urban,0.0004,1.0,0.001582,52,0
data/urban_sar_floods_preprocessed/03_FU/SAR/20230805_Hebei_1_ID_19_37_SAR.npy,Hebei,03_FU,urban,0.0023,1.0,0.00099,300,0
data/urban_sar_floods_preprocessed/03_FU/SAR/20230805_Hebei_1_ID_3_12_SAR.npy,Hebei,03_FU,urban,0.0008,1.0,0.002694,111,0
data/urban_sar_floods_preprocessed/03_FU/SAR/20230805_Hebei_1_ID_4_21_SAR.npy,Hebei,03_FU,urban,0.0,1.0,0.002533,4,0
data/urban_sar_floods_preprocessed/03_FU/SAR/20230805_Hebei_1_ID_4_22_SAR.npy,Hebei,03_FU,urban,0.0004,1.0,0.002935,50,0
data/urban_sar_floods_preprocessed/03_FU/SAR/20230805_Hebei_1_ID_5_3_SAR.npy,Hebei,03_FU,urban,0.0004,1.0,0.001364,53,0
data/urban_sar_floods_preprocessed/03_FU/SAR/20230805_Hebei_1_ID_6_13_SAR.npy,Hebei,03_FU,open,0.0036,1.0,0.002012,51,423
data/urban_sar_floods_preprocessed/03_FU/SAR/20230805_Hebei_1_ID_6_30_SAR.npy,Hebei,03_FU,urban,0.0015,1.0,0.003789,156,39
data/urban_sar_floods_preprocessed/03_FU/SAR/20230805_Hebei_1_ID_6_31_SAR.npy,Hebei,03_FU,open,0.0023,1.0,0.003539,131,166
data/urban_sar_floods_preprocessed/03_FU/SAR/20230805_Hebei_1_ID_6_32_SAR.npy,Hebei,03_FU,open,0.0014,1.0,0.003131,62,118
data/urban_sar_floods_preprocessed/03_FU/SAR/20230805_Hebei_1_ID_7_28_SAR.npy,Hebei,03_FU,open,0.0046,1.0,0.003273,141,462
data/urban_sar_floods_preprocessed/03_FU/SAR/20230805_Hebei_1_ID_7_29_SAR.npy,Hebei,03_FU,urban,0.0006,1.0,0.003603,77,0
data/urban_sar_floods_preprocessed/03_FU/SAR/20230805_Hebei_1_ID_7_30_SAR.npy,Hebei,03_FU,urban,0.0083,1.0,0.003598,657,441
data/urban_sar_floods_preprocessed/03_FU/SAR/20230805_Hebei_1_ID_7_31_SAR.npy,Hebei,03_FU,urban,0.0065,1.0,0.003451,687,167
data/urban_sar_floods_preprocessed/03_FU/SAR/20230805_Hebei_1_ID_7_6_SAR.npy,Hebei,03_FU,urban,0.0004,1.0,0.001618,56,0
data/urban_sar_floods_preprocessed/03_FU/SAR/20230805_Hebei_1_ID_8_22_SAR.npy,Hebei,03_FU,urban,0.0038,1.0,0.003094,299,201
data/urban_sar_floods_preprocessed/03_FU/SAR/20230805_Hebei_1_ID_8_24_SAR.npy,Hebei,03_FU,open,0.0014,1.0,0.003534,52,135
data/urban_sar_floods_preprocessed/03_FU/SAR/20230805_Hebei_1_ID_8_26_SAR.npy,Hebei,03_FU,urban,0.0014,1.0,0.003542,190,0
data/urban_sar_floods_preprocessed/03_FU/SAR/20230805_Hebei_1_ID_8_27_SAR.npy,Hebei,03_FU,urban,0.0056,1.0,0.003252,730,0
data/urban_sar_floods_preprocessed/03_FU/SAR/20230805_Hebei_1_ID_8_28_SAR.npy,Hebei,03_FU,urban,0.0013,1.0,0.003362,176,0
data/urban_sar_floods_preprocessed/03_FU/SAR/20230805_Hebei_1_ID_8_29_SAR.npy,Hebei,03_FU,urban,0.0034,1.0,0.003422,447,0
data/urban_sar_floods_preprocessed/03_FU/SAR/20230805_Hebei_1_ID_8_30_SAR.npy,Hebei,03_FU,open,0.0194,1.0,0.003632,949,1618
data/urban_sar_floods_preprocessed/03_FU/SAR/20230805_Hebei_1_ID_8_31_SAR.npy,Hebei,03_FU,urban,0.0035,1.0,0.003569,454,0
data/urban_sar_floods_preprocessed/03_FU/SAR/20230805_Hebei_1_ID_8_32_SAR.npy,Hebei,03_FU,urban,0.0051,1.0,0.003634,671,0
data/urban_sar_floods_preprocessed/03_FU/SAR/20230805_Hebei_1_ID_8_34_SAR.npy,Hebei,03_FU,urban,0.0005,1.0,0.003501,65,0
data/urban_sar_floods_preprocessed/03_FU/SAR/20230805_Hebei_1_ID_8_35_SAR.npy,Hebei,03_FU,urban,0.0005,1.0,0.003202,61,0
data/urban_sar_floods_preprocessed/03_FU/SAR/20230805_Hebei_1_ID_9_25_SAR.npy,Hebei,03_FU,urban,0.0007,1.0,0.003647,63,34
data/urban_sar_floods_preprocessed/03_FU/SAR/20230805_Hebei_1_ID_9_26_SAR.npy,Hebei,03_FU,urban,0.0001,1.0,0.003181,14,0
data/urban_sar_floods_preprocessed/03_FU/SAR/20230805_Hebei_1_ID_9_27_SAR.npy,Hebei,03_FU,urban,0.0013,1.0,0.003193,167,0
data/urban_sar_floods_preprocessed/03_FU/SAR/20230805_Hebei_1_ID_9_28_SAR.npy,Hebei,03_FU,urban,0.0022,1.0,0.003605,292,0
data/urban_sar_floods_preprocessed/03_FU/SAR/20230805_Hebei_1_ID_9_29_SAR.npy,Hebei,03_FU,urban,0.0019,1.0,0.004462,243,0
data/urban_sar_floods_preprocessed/03_FU/SAR/20230805_Hebei_1_ID_9_31_SAR.npy,Hebei,03_FU,urban,0.0005,1.0,0.003609,70,0
data/urban_sar_floods_preprocessed/03_FU/SAR/20230805_Hebei_1_ID_9_32_SAR.npy,Hebei,03_FU,urban,0.0015,1.0,0.003004,165,33
data/urban_sar_floods_preprocessed/03_FU/SAR/20230805_Hebei_1_ID_9_33_SAR.npy,Hebei,03_FU,urban,0.0016,1.0,0.003347,130,75
data/urban_sar_floods_preprocessed/03_FU/SAR/20230805_Hebei_1_ID_9_34_SAR.npy,Hebei,03_FU,urban,0.0018,1.0,0.003822,242,0
data/urban_sar_floods_preprocessed/03_FU/SAR/20230805_Hebei_2_ID_10_29_SAR.npy,Hebei,03_FU,urban,0.0008,1.0,0.002333,65,45
data/urban_sar_floods_preprocessed/03_FU/SAR/20230805_Hebei_2_ID_10_32_SAR.npy,Hebei,03_FU,urban,0.0017,1.0,0.002413,228,0
data/urban_sar_floods_preprocessed/03_FU/SAR/20230805_Hebei_2_ID_10_33_SAR.npy,Hebei,03_FU,urban,0.0009,1.0,0.002449,76,36
data/urban_sar_floods_preprocessed/03_FU/SAR/20230805_Hebei_2_ID_11_26_SAR.npy,Hebei,03_FU,urban,0.0005,1.0,0.003159,65,0
data/urban_sar_floods_preprocessed/03_FU/SAR/20230805_Hebei_2_ID_11_32_SAR.npy,Hebei,03_FU,urban,0.0008,1.0,0.002376,110,0
data/urban_sar_floods_preprocessed/03_FU/SAR/20230805_Hebei_2_ID_12_27_SAR.npy,Hebei,03_FU,urban,0.001,1.0,0.003467,133,0
data/urban_sar_floods_preprocessed/03_FU/SAR/20230805_Hebei_2_ID_12_33_SAR.npy,Hebei,03_FU,urban,0.0014,1.0,0.002966,184,0
data/urban_sar_floods_preprocessed/03_FU/SAR/20230805_Hebei_2_ID_12_35_SAR.npy,Hebei,03_FU,urban,0.0004,1.0,0.002888,53,0
data/urban_sar_floods_preprocessed/03_FU/SAR/20230805_Hebei_2_ID_13_14_SAR.npy,Hebei,03_FU,open,0.2008,1.0,0.002515,63,29201
data/urban_sar_floods_preprocessed/03_FU/SAR/20230805_Hebei_2_ID_13_15_SAR.npy,Hebei,03_FU,open,0.1279,1.0,0.002222,324,17585
data/urban_sar_floods_preprocessed/03_FU/SAR/20230805_Hebei_2_ID_13_16_SAR.npy,Hebei,03_FU,open,0.0257,1.0,0.00198,572,2846
data/urban_sar_floods_preprocessed/03_FU/SAR/20230805_Hebei_2_ID_13_17_SAR.npy,Hebei,03_FU,urban,0.0032,1.0,0.002532,255,163
data/urban_sar_floods_preprocessed/03_FU/SAR/20230805_Hebei_2_ID_13_27_SAR.npy,Hebei,03_FU,urban,0.0004,1.0,0.003237,54,0
data/urban_sar_floods_preprocessed/03_FU/SAR/20230805_Hebei_2_ID_13_28_SAR.npy,Hebei,03_FU,urban,0.0008,1.0,0.003205,102,0
data/urban_sar_floods_preprocessed/03_FU/SAR/20230805_Hebei_2_ID_13_31_SAR.npy,Hebei,03_FU,open,0.0029,1.0,0.002431,77,303
data/urban_sar_floods_preprocessed/03_FU/SAR/20230805_Hebei_2_ID_13_33_SAR.npy,Hebei,03_FU,urban,0.0004,1.0,0.002127,57,0
data/urban_sar_floods_preprocessed/03_FU/SAR/20230805_Hebei_2_ID_13_34_SAR.npy,Hebei,03_FU,urban,0.0021,1.0,0.002112,271,0
data/urban_sar_floods_preprocessed/03_FU/SAR/20230805_Hebei_2_ID_13_35_SAR.npy,Hebei,03_FU,urban,0.0025,1.0,0.001985,330,0
data/urban_sar_floods_preprocessed/03_FU/SAR/20230805_Hebei_2_ID_13_4_SAR.npy,Hebei,03_FU,urban,0.0008,1.0,0.002568,69,33
data/urban_sar_floods_preprocessed/03_FU/SAR/20230805_Hebei_2_ID_14_14_SAR.npy,Hebei,03_FU,open,0.001,1.0,0.002246,34,98
data/urban_sar_floods_preprocessed/03_FU/SAR/20230805_Hebei_2_ID_14_15_SAR.npy,Hebei,03_FU,open,0.0025,1.0,0.002233,19,310
data/urban_sar_floods_preprocessed/03_FU/SAR/20230805_Hebei_2_ID_14_34_SAR.npy,Hebei,03_FU,urban,0.0008,1.0,0.002035,104,0
data/urban_sar_floods_preprocessed/03_FU/SAR/20230805_Hebei_2_ID_15_15_SAR.npy,Hebei,03_FU,urban,0.0005,1.0,0.002144,66,0
data/urban_sar_floods_preprocessed/03_FU/SAR/20230805_Hebei_2_ID_15_19_SAR.npy,Hebei,03_FU,open,0.003,1.0,0.002922,53,347
data/urban_sar_floods_preprocessed/03_FU/SAR/20230805_Hebei_2_ID_15_34_SAR.npy,Hebei,03_FU,urban,0.0008,1.0,0.002377,107,0
data/urban_sar_floods_preprocessed/03_FU/SAR/20230805_Hebei_2_ID_15_36_SAR.npy,Hebei,03_FU,urban,0.002,1.0,0.003081,199,65
data/urban_sar_floods_preprocessed/03_FU/SAR/20230805_Hebei_2_ID_16_4_SAR.npy,Hebei,03_FU,open,0.0072,1.0,0.002555,230,723
data/urban_sar_floods_preprocessed/03_FU/SAR/20230805_Hebei_2_ID_16_6_SAR.npy,Hebei,03_FU,urban,0.0005,1.0,0.002685,71,0
data/urban_sar_floods_preprocessed/03_FU/SAR/20230805_Hebei_2_ID_16_7_SAR.npy,Hebei,03_FU,open,0.001,1.0,0.002467,50,86
data/urban_sar_floods_preprocessed/03_FU/SAR/20230805_Hebei_2_ID_17_21_SAR.npy,Hebei,03_FU,open,0.0046,1.0,0.002848,266,337
data/urban_sar_floods_preprocessed/03_FU/SAR/20230805_Hebei_2_ID_17_27_SAR.npy,Hebei,03_FU,urban,0.0004,1.0,0.002515,51,0
data/urban_sar_floods_preprocessed/03_FU/SAR/20230805_Hebei_2_ID_17_4_SAR.npy,Hebei,03_FU,urban,0.0001,1.0,0.002731,14,0
data/urban_sar_floods_preprocessed/03_FU/SAR/20230805_Hebei_2_ID_17_9_SAR.npy,Hebei,03_FU,urban,0.0005,1.0,0.002437,64,0
data/urban_sar_floods_preprocessed/03_FU/SAR/20230805_Hebei_2_ID_18_33_SAR.npy,Hebei,03_FU,urban,0.0002,1.0,0.003623,27,0
data/urban_sar_floods_preprocessed/03_FU/SAR/20230805_Hebei_2_ID_19_10_SAR.npy,Hebei,03_FU,open,0.005,1.0,0.001845,52,610
data/urban_sar_floods_preprocessed/03_FU/SAR/20230805_Hebei_2_ID_19_13_SAR.npy,Hebei,03_FU,open,0.0018,1.0,0.002934,54,179
data/urban_sar_floods_preprocessed/03_FU/SAR/20230805_Hebei_2_ID_19_14_SAR.npy,Hebei,03_FU,open,0.0038,1.0,0.002817,207,292
data/urban_sar_floods_preprocessed/03_FU/SAR/20230805_Hebei_2_ID_19_15_SAR.npy,Hebei,03_FU,open,0.0111,1.0,0.002958,73,1395
data/urban_sar_floods_preprocessed/03_FU/SAR/20230805_Hebei_2_ID_19_29_SAR.npy,Hebei,03_FU,urban,0.0004,1.0,0.002956,51,0
data/urban_sar_floods_preprocessed/03_FU/SAR/20230805_Hebei_2_ID_19_30_SAR.npy,Hebei,03_FU,urban,0.0004,1.0,0.003282,51,0
data/urban_sar_floods_preprocessed/03_FU/SAR/20230805_Hebei_2_ID_19_31_SAR.npy,Hebei,03_FU,urban,0.0023,1.0,0.003642,243,53
data/urban_sar_floods_preprocessed/03_FU/SAR/20230805_Hebei_2_ID_19_32_SAR.npy,Hebei,03_FU,urban,0.0112,1.0,0.003458,1474,0
data/urban_sar_floods_preprocessed/03_FU/SAR/20230805_Hebei_2_ID_19_33_SAR.npy,Hebei,03_FU,urban,0.001,1.0,0.002553,131,0
data/urban_sar_floods_preprocessed/03_FU/SAR/20230805_Hebei_2_ID_19_34_SAR.npy,Hebei,03_FU,urban,0.0011,1.0,0.002061,146,0
data/urban_sar_floods_preprocessed/03_FU/SAR/20230805_Hebei_2_ID_19_3_SAR.npy,Hebei,03_FU,urban,0.0006,1.0,0.000733,73,0
data/urban_sar_floods_preprocessed/03_FU/SAR/20230805_Hebei_2_ID_1_33_SAR.npy,Hebei,03_FU,urban,0.0006,1.0,0.002245,79,0
data/urban_sar_floods_preprocessed/03_FU/SAR/20230805_Hebei_2_ID_20_14_SAR.npy,Hebei,03_FU,open,0.0615,1.0,0.002828,50,8268
data/urban_sar_floods_preprocessed/03_FU/SAR/20230805_Hebei_2_ID_21_14_SAR.npy,Hebei,03_FU,urban,0.0004,1.0,0.001525,53,0
data/urban_sar_floods_preprocessed/03_FU/SAR/20230805_Hebei_2_ID_21_4_SAR.npy,Hebei,03_FU,open,0.0189,1.0,0.00182,141,2365
data/urban_sar_floods_preprocessed/03_FU/SAR/20230805_Hebei_2_ID_21_5_SAR.npy,Hebei,03_FU,open,0.0262,1.0,0.002433,237,3240
data/urban_sar_floods_preprocessed/03_FU/SAR/20230805_Hebei_2_ID_21_8_SAR.npy,Hebei,03_FU,urban,0.0004,1.0,0.002169,51,0
data/urban_sar_floods_preprocessed/03_FU/SAR/20230805_Hebei_2_ID_22_5_SAR.npy,Hebei,03_FU,open,0.1032,1.0,0.002317,210,14058
data/urban_sar_floods_preprocessed/03_FU/SAR/20230805_Hebei_2_ID_2_17_SAR.npy,Hebei,03_FU,open,0.3014,1.0,0.002266,1850,44662
data/urban_sar_floods_preprocessed/03_FU/SAR/20230805_Hebei_2_ID_2_18_SAR.npy,Hebei,03_FU,open,0.1567,1.0,0.002855,385,21907
data/urban_sar_floods_preprocessed/03_FU/SAR/20230805_Hebei_2_ID_2_27_SAR.npy,Hebei,03_FU,urban,0.0006,1.0,0.002346,75,0
data/urban_sar_floods_preprocessed/03_FU/SAR/20230805_Hebei_2_ID_2_31_SAR.npy,Hebei,03_FU,urban,0.0022,1.0,0.003032,291,0
data/urban_sar_floods_preprocessed/03_FU/SAR/20230805_Hebei_2_ID_2_32_SAR.npy,Hebei,03_FU,urban,0.0005,1.0,0.003223,71,0
data/urban_sar_floods_preprocessed/03_FU/SAR/20230805_Hebei_2_ID_2_33_SAR.npy,Hebei,03_FU,urban,0.0021,1.0,0.003849,269,0
data/urban_sar_floods_preprocessed/03_FU/SAR/20230805_Hebei_2_ID_3_15_SAR.npy,Hebei,03_FU,urban,0.0004,1.0,0.002656,50,0
data/urban_sar_floods_preprocessed/03_FU/SAR/20230805_Hebei_2_ID_3_17_SAR.npy,Hebei,03_FU,open,0.3372,1.0,0.002897,857,52297
data/urban_sar_floods_preprocessed/03_FU/SAR/20230805_Hebei_2_ID_3_18_SAR.npy,Hebei,03_FU,open,0.1886,1.0,0.00324,97,27197
data/urban_sar_floods_preprocessed/03_FU/SAR/20230805_Hebei_2_ID_3_24_SAR.npy,Hebei,03_FU,open,0.0587,1.0,0.003704,205,7718
data/urban_sar_floods_preprocessed/03_FU/SAR/20230805_Hebei_2_ID_3_25_SAR.npy,Hebei,03_FU,open,0.1933,1.0,0.00336,1471,26569
data/urban_sar_floods_preprocessed/03_FU/SAR/20230805_Hebei_2_ID_3_27_SAR.npy,Hebei,03_FU,open,0.0081,1.0,0.003768,177,888
data/urban_sar_floods_preprocessed/03_FU/SAR/20230805_Hebei_2_ID_3_29_SAR.npy,Hebei,03_FU,open,0.0018,1.0,0.003434,50,184
data/urban_sar_floods_preprocessed/03_FU/SAR/20230805_Hebei_2_ID_3_30_SAR.npy,Hebei,03_FU,urban,0.001,1.0,0.003664,137,0
data/urban_sar_floods_preprocessed/03_FU/SAR/20230805_Hebei_2_ID_3_33_SAR.npy,Hebei,03_FU,urban,0.0004,1.0,0.003463,53,0
data/urban_sar_floods_preprocessed/03_FU/SAR/20230805_Hebei_2_ID_3_34_SAR.npy,Hebei,03_FU,urban,0.0005,1.0,0.003029,65,0
data/urban_sar_floods_preprocessed/03_FU/SAR/20230805_Hebei_2_ID_4_10_SAR.npy,Hebei,03_FU,open,0.0187,1.0,0.002639,457,2011
data/urban_sar_floods_preprocessed/03_FU/SAR/20230805_Hebei_2_ID_4_15_SAR.npy,Hebei,03_FU,urban,0.0043,1.0,0.002716,519,50
data/urban_sar_floods_preprocessed/03_FU/SAR/20230805_Hebei_2_ID_4_17_SAR.npy,Hebei,03_FU,urban,0.0431,1.0,0.002943,5218,561
data/urban_sar_floods_preprocessed/03_FU/SAR/20230805_Hebei_2_ID_4_18_SAR.npy,Hebei,03_FU,open,0.0879,1.0,0.003131,5196,6852
data/urban_sar_floods_preprocessed/03_FU/SAR/20230805_Hebei_2_ID_4_19_SAR.npy,Hebei,03_FU,open,0.2872,1.0,0.003092,247,43711
data/urban_sar_floods_preprocessed/03_FU/SAR/20230805_Hebei_2_ID_4_20_SAR.npy,Hebei,03_FU,open,0.2582,1.0,0.003136,182,38683
data/urban_sar_floods_preprocessed/03_FU/SAR/20230805_Hebei_2_ID_4_21_SAR.npy,Hebei,03_FU,open,0.4574,1.0,0.002708,1676,76048
data/urban_sar_floods_preprocessed/03_FU/SAR/20230805_Hebei_2_ID_4_22_SAR.npy,Hebei,03_FU,open,0.4913,1.0,0.003354,4997,80380
data/urban_sar_floods_preprocessed/03_FU/SAR/20230805_Hebei_2_ID_4_23_SAR.npy,Hebei,03_FU,open,0.3626,1.0,0.00347,4651,53398
data/urban_sar_floods_preprocessed/03_FU/SAR/20230805_Hebei_2_ID_4_24_SAR.npy,Hebei,03_FU,open,0.4349,1.0,0.003671,3521,69327
data/urban_sar_floods_preprocessed/03_FU/SAR/20230805_Hebei_2_ID_4_25_SAR.npy,Hebei,03_FU,open,0.6055,1.0,0.003792,2600,111221
data/urban_sar_floods_preprocessed/03_FU/SAR/20230805_Hebei_2_ID_4_26_SAR.npy,Hebei,03_FU,open,0.4221,1.0,0.003352,4572,65559
data/urban_sar_floods_preprocessed/03_FU/SAR/20230805_Hebei_2_ID_4_31_SAR.npy,Hebei,03_FU,urban,0.0009,1.0,0.003917,62,58
data/urban_sar_floods_preprocessed/03_FU/SAR/20230805_Hebei_2_ID_4_32_SAR.npy,Hebei,03_FU,urban,0.0006,1.0,0.003657,77,0
data/urban_sar_floods_preprocessed/03_FU/SAR/20230805_Hebei_2_ID_4_33_SAR.npy,Hebei,03_FU,urban,0.0055,1.0,0.003857,722,0
data/urban_sar_floods_preprocessed/03_FU/SAR/20230805_Hebei_2_ID_4_34_SAR.npy,Hebei,03_FU,urban,0.0024,1.0,0.00323,318,0
data/urban_sar_floods_preprocessed/03_FU/SAR/20230805_Hebei_2_ID_5_11_SAR.npy,Hebei,03_FU,open,0.0212,1.0,0.003373,522,2284
data/urban_sar_floods_preprocessed/03_FU/SAR/20230805_Hebei_2_ID_5_12_SAR.npy,Hebei,03_FU,open,0.0214,1.0,0.003243,139,2697
data/urban_sar_floods_preprocessed/03_FU/SAR/20230805_Hebei_2_ID_5_17_SAR.npy,Hebei,03_FU,open,0.0094,1.0,0.002904,55,1187
data/urban_sar_floods_preprocessed/03_FU/SAR/20230805_Hebei_2_ID_5_19_SAR.npy,Hebei,03_FU,open,0.0016,1.0,0.002835,83,127
data/urban_sar_floods_preprocessed/03_FU/SAR/20230805_Hebei_2_ID_5_28_SAR.npy,Hebei,03_FU,urban,0.0005,1.0,0.002613,65,0
data/urban_sar_floods_preprocessed/03_FU/SAR/20230805_Hebei_2_ID_5_29_SAR.npy,Hebei,03_FU,urban,0.001,1.0,0.003279,80,52
data/urban_sar_floods_preprocessed/03_FU/SAR/20230805_Hebei_2_ID_5_32_SAR.npy,Hebei,03_FU,urban,0.0004,1.0,0.003904,51,0
data/urban_sar_floods_preprocessed/03_FU/SAR/20230805_Hebei_2_ID_5_33_SAR.npy,Hebei,03_FU,urban,0.0085,1.0,0.003541,1067,49
data/urban_sar_floods_preprocessed/03_FU/SAR/20230805_Hebei_2_ID_5_34_SAR.npy,Hebei,03_FU,open,0.0011,1.0,0.003946,50,99
data/urban_sar_floods_preprocessed/03_FU/SAR/20230805_Hebei_2_ID_5_8_SAR.npy,Hebei,03_FU,open,0.0012,1.0,0.002196,64,91
data/urban_sar_floods_preprocessed/03_FU/SAR/20230805_Hebei_2_ID_5_9_SAR.npy,Hebei,03_FU,open,0.0137,1.0,0.002187,111,1696
data/urban_sar_floods_preprocessed/03_FU/SAR/20230805_Hebei_2_ID_6_11_SAR.npy,Hebei,03_FU,urban,0.0019,1.0,0.003348,250,0
data/urban_sar_floods_preprocessed/03_FU/SAR/20230805_Hebei_2_ID_6_12_SAR.npy,Hebei,03_FU,urban,0.003,1.0,0.003267,399,0
data/urban_sar_floods_preprocessed/03_FU/SAR/20230805_Hebei_2_ID_6_13_SAR.npy,Hebei,03_FU,urban,0.0055,1.0,0.003085,472,256
data/urban_sar_floods_preprocessed/03_FU/SAR/20230805_Hebei_2_ID_6_16_SAR.npy,Hebei,03_FU,open,0.0857,1.0,0.00253,55,11678
data/urban_sar_floods_preprocessed/03_FU/SAR/20230805_Hebei_2_ID_6_27_SAR.npy,Hebei,03_FU,urban,0.002,1.0,0.002806,176,86
data/urban_sar_floods_preprocessed/03_FU/SAR/20230805_Hebei_2_ID_6_30_SAR.npy,Hebei,03_FU,urban,0.0029,1.0,0.003126,384,0
data/urban_sar_floods_preprocessed/03_FU/SAR/20230805_Hebei_2_ID_6_31_SAR.npy,Hebei,03_FU,urban,0.0212,1.0,0.003236,2628,185
data/urban_sar_floods_preprocessed/03_FU/SAR/20230805_Hebei_2_ID_6_33_SAR.npy,Hebei,03_FU,open,0.0101,1.0,0.00358,412,923
data/urban_sar_floods_preprocessed/03_FU/SAR/20230805_Hebei_2_ID_6_34_SAR.npy,Hebei,03_FU,urban,0.0015,1.0,0.003988,202,0
data/urban_sar_floods_preprocessed/03_FU/SAR/20230805_Hebei_2_ID_6_8_SAR.npy,Hebei,03_FU,open,0.0069,1.0,0.0026,120,788
data/urban_sar_floods_preprocessed/03_FU/SAR/20230805_Hebei_2_ID_7_11_SAR.npy,Hebei,03_FU,urban,0.0009,1.0,0.003025,74,45
data/urban_sar_floods_preprocessed/03_FU/SAR/20230805_Hebei_2_ID_7_12_SAR.npy,Hebei,03_FU,open,0.0608,1.0,0.002887,67,8159
data/urban_sar_floods_preprocessed/03_FU/SAR/20230805_Hebei_2_ID_7_22_SAR.npy,Hebei,03_FU,open,0.0017,1.0,0.002802,54,164
data/urban_sar_floods_preprocessed/03_FU/SAR/20230805_Hebei_2_ID_7_29_SAR.npy,Hebei,03_FU,urban,0.0001,1.0,0.002546,7,0
data/urban_sar_floods_preprocessed/03_FU/SAR/20230805_Hebei_2_ID_7_30_SAR.npy,Hebei,03_FU,urban,0.0009,1.0,0.002417,122,0
data/urban_sar_floods_preprocessed/03_FU/SAR/20230805_Hebei_2_ID_7_31_SAR.npy,Hebei,03_FU,urban,0.0013,1.0,0.002718,176,0
data/urban_sar_floods_preprocessed/03_FU/SAR/20230805_Hebei_2_ID_7_32_SAR.npy,Hebei,03_FU,open,0.0047,1.0,0.002797,266,347
data/urban_sar_floods_preprocessed/03_FU/SAR/20230805_Hebei_2_ID_8_1_SAR.npy,Hebei,03_FU,open,0.0027,1.0,0.002317,60,289
data/urban_sar_floods_preprocessed/03_FU/SAR/20230805_Hebei_2_ID_9_11_SAR.npy,Hebei,03_FU,open,0.0303,1.0,0.002311,167,3872
data/urban_sar_floods_preprocessed/03_FU/SAR/20230805_Hebei_2_ID_9_27_SAR.npy,Hebei,03_FU,urban,0.0004,1.0,0.002913,54,0
data/urban_sar_floods_preprocessed/03_FU/SAR/20230805_Hebei_2_ID_9_29_SAR.npy,Hebei,03_FU,urban,0.0004,1.0,0.002269,52,0
data/urban_sar_floods_preprocessed/03_FU/SAR/20230805_Hebei_2_ID_9_7_SAR.npy,Hebei,03_FU,open,0.0159,1.0,0.002517,70,2033
data/urban_sar_floods_preprocessed/03_FU/SAR/20231114_Beledweyne_ID_10_18_SAR.npy,Beledweyne,03_FU,open,0.3503,1.0,0.001947,7060,48608
data/urban_sar_floods_preprocessed/03_FU/SAR/20231114_Beledweyne_ID_11_12_SAR.npy,Beledweyne,03_FU,urban,0.0004,1.0,0.001146,56,0
data/urban_sar_floods_preprocessed/03_FU/SAR/20231114_Beledweyne_ID_11_18_SAR.npy,Beledweyne,03_FU,open,0.2867,1.0,0.002042,12435,31424
data/urban_sar_floods_preprocessed/03_FU/SAR/20231114_Beledweyne_ID_15_20_SAR.npy,Beledweyne,03_FU,open,0.0439,1.0,0.001159,79,5804
data/urban_sar_floods_preprocessed/03_FU/SAR/20231114_Beledweyne_ID_17_12_SAR.npy,Beledweyne,03_FU,open,0.0021,1.0,0.000801,106,175
data/urban_sar_floods_preprocessed/03_FU/SAR/20231114_Beledweyne_ID_17_15_SAR.npy,Beledweyne,03_FU,urban,0.0022,1.0,0.000954,288,0
data/urban_sar_floods_preprocessed/03_FU/SAR/20231114_Beledweyne_ID_17_22_SAR.npy,Beledweyne,03_FU,urban,0.0027,1.0,0.001168,356,0
data/urban_sar_floods_preprocessed/03_FU/SAR/20231114_Beledweyne_ID_18_2_SAR.npy,Beledweyne,03_FU,urban,0.0167,1.0,0.002221,1759,443
data/urban_sar_floods_preprocessed/03_FU/SAR/20231114_Beledweyne_ID_19_10_SAR.npy,Beledweyne,03_FU,urban,0.002,1.0,0.001946,222,37
data/urban_sar_floods_preprocessed/03_FU/SAR/20231114_Beledweyne_ID_19_18_SAR.npy,Beledweyne,03_FU,urban,0.0034,1.0,0.001404,449,0
data/urban_sar_floods_preprocessed/03_FU/SAR/20231114_Beledweyne_ID_20_11_SAR.npy,Beledweyne,03_FU,open,0.0035,1.0,0.000503,72,392
data/urban_sar_floods_preprocessed/03_FU/SAR/20231114_Beledweyne_ID_21_22_SAR.npy,Beledweyne,03_FU,urban,0.0076,1.0,0.001862,995,0
data/urban_sar_floods_preprocessed/03_FU/SAR/20231114_Beledweyne_ID_5_12_SAR.npy,Beledweyne,03_FU,open,0.0086,1.0,0.001766,57,1076
data/urban_sar_floods_preprocessed/03_FU/SAR/20231114_Beledweyne_ID_5_22_SAR.npy,Beledweyne,03_FU,urban,0.0009,1.0,0.000969,116,0
data/urban_sar_floods_preprocessed/03_FU/SAR/20231114_Beledweyne_ID_6_17_SAR.npy,Beledweyne,03_FU,urban,0.0006,1.0,0.001328,73,0
data/urban_sar_floods_preprocessed/03_FU/SAR/20231114_Beledweyne_ID_7_14_SAR.npy,Beledweyne,03_FU,open,0.087,1.0,0.002087,353,11562
data/urban_sar_floods_preprocessed/03_FU/SAR/20231114_Beledweyne_ID_7_17_SAR.npy,Beledweyne,03_FU,urban,0.0024,1.0,0.001353,316,0
data/urban_sar_floods_preprocessed/03_FU/SAR/20231114_Beledweyne_ID_8_18_SAR.npy,Beledweyne,03_FU,urban,0.0011,1.0,0.001024,110,28
data/urban_sar_floods_preprocessed/03_FU/SAR/20231114_Beledweyne_ID_9_10_SAR.npy,Beledweyne,03_FU,urban,0.0006,1.0,0.001332,76,0
data/urban_sar_floods_preprocessed/03_FU/SAR/20231114_Beledweyne_ID_9_18_SAR.npy,Beledweyne,03_FU,open,0.2738,1.0,0.001553,50,41523
